timestamp,symbol,bids_count,asks_count,best_bid_price,best_bid_volume,best_ask_price,best_ask_volume
2025-03-10T02:57:44.760775,BTCUSDT,50,50,86800.0,0.019499,87200.0,0.002522
2025-03-10T02:57:44.774315,BTCUSDT,1,1,82399.06,0.00101,92273.07,0.00105
2025-03-10T02:57:48.982740,BTCUSDT,1,1,82105.21,0.00101,91648.71,0.00095
2025-03-10T02:57:49.322962,BTCUSDT,1,1,82030.07,0.00109,92223.67,0.00102
2025-03-10T02:57:52.362386,BTCUSDT,1,1,81838.76,81.987522,97727.24,0.010784
2025-03-10T02:57:53.622420,BTCUSDT,1,1,81949.53,0.00105,91811.35,0.00114
2025-03-10T02:57:56.504123,BTCUSDT,1,1,81838.76,81.987522,97499.97,0.010784
2025-03-10T02:57:58.282384,BTCUSDT,1,1,82379.71,0.00127,92240.2,0.00102
2025-03-10T02:58:10.943998,BTCUSDT,1,1,81838.76,81.987522,97627.19,0.003313
2025-03-10T02:58:12.202764,BTCUSDT,1,1,81925.38,0.00119,91801.71,0.00114
2025-03-10T02:58:16.901901,BTCUSDT,1,1,82479.36,0.00109,93217.94,0.00107
2025-03-10T02:58:20.782872,BTCUSDT,1,1,81788.08,0.000665,97627.19,0.003313
2025-03-10T02:58:22.062674,BTCUSDT,1,1,82354.09,0.00113,91675.16,0.00113
2025-03-10T02:58:22.402431,BTCUSDT,1,1,82128.33,0.00098,92509.15,0.00097
2025-03-10T02:58:31.342595,BTCUSDT,1,1,82412.99,0.00121,91648.24,0.00089
2025-03-10T02:58:35.202709,BTCUSDT,1,1,81838.76,81.987522,97727.24,0.010784
2025-03-10T02:58:35.982437,BTCUSDT,1,1,81997.73,0.00103,91876.52,0.00117
2025-03-10T02:58:41.801834,BTCUSDT,1,1,81772.79,0.00102,94241.39,0.00101
2025-03-10T02:58:44.483051,BTCUSDT,1,1,81838.76,81.987522,97627.19,0.003313
2025-03-10T02:58:45.763561,BTCUSDT,1,1,81918.0,0.00122,92044.45,0.00104
2025-03-10T02:58:50.122622,BTCUSDT,1,1,81838.76,81.987522,97954.51,0.010784
2025-03-10T02:58:50.402804,BTCUSDT,1,1,82281.61,0.00125,92962.07,0.00107
2025-03-10T02:58:53.782496,BTCUSDT,1,1,81838.76,81.987522,97627.19,0.003313
2025-03-10T02:58:55.062666,BTCUSDT,1,1,82522.93,0.00104,92103.93,0.00121
2025-03-10T02:58:58.922719,BTCUSDT,4,1,81726.97,0.007349,97627.19,0.003313
2025-03-10T02:59:00.202688,BTCUSDT,1,1,82194.75,0.00108,93934.57,0.00094
2025-03-10T02:59:03.064554,BTCUSDT,1,1,81788.08,0.000665,97499.97,0.010784
2025-03-10T02:59:09.522165,BTCUSDT,1,1,82126.25,0.00124,91741.01,0.00123
2025-03-10T02:59:13.883131,BTCUSDT,1,1,81782.17,0.00131,97954.51,0.010784
2025-03-10T02:59:14.163486,BTCUSDT,1,1,82041.0,0.00138,92092.29,0.0009
2025-03-10T02:59:17.042110,BTCUSDT,1,1,81782.17,0.00131,97499.97,0.010784
2025-03-10T02:59:18.522680,BTCUSDT,1,1,81726.97,0.007349,97954.51,0.010784
2025-03-10T02:59:18.801517,BTCUSDT,1,1,81934.53,0.0013,91511.68,0.00119
2025-03-10T02:59:19.150179,BTCUSDT,1,1,82221.98,0.00112,94761.43,0.00094
2025-03-10T02:59:23.942735,BTCUSDT,1,1,82268.61,0.00122,91372.64,0.00124
2025-03-10T02:59:27.822127,BTCUSDT,1,1,81599.73,79.985318,97954.51,0.010784
2025-03-10T02:59:28.322434,BTCUSDT,1,1,81788.08,0.000665,98089.67,6.8e-05
2025-03-10T02:59:29.084137,BTCUSDT,1,1,82153.52,0.00101,91619.5,0.00088
2025-03-10T02:59:37.102577,BTCUSDT,1,1,81838.76,81.987522,97727.24,0.010784
2025-03-10T02:59:37.602077,BTCUSDT,1,1,81788.08,0.000665,97954.51,0.010784
2025-03-10T02:59:38.395327,BTCUSDT,1,1,82607.4,0.00138,92547.98,0.00106
2025-03-10T02:59:38.749124,BTCUSDT,1,1,82027.26,0.0013,93309.96,0.00126
2025-03-10T02:59:43.181377,BTCUSDT,1,1,82129.85,0.00114,91842.03,0.00116
2025-03-10T02:59:47.545307,BTCUSDT,1,1,81838.76,81.987522,97954.51,0.010784
2025-03-10T02:59:47.822372,BTCUSDT,1,1,82386.32,0.00128,92034.78,0.00112
2025-03-10T02:59:52.961335,BTCUSDT,1,1,82453.98,0.00124,92173.63,0.00104
2025-03-10T02:59:55.484705,BTCUSDT,1,1,81838.76,81.987522,97627.19,0.003313
2025-03-10T02:59:55.982113,BTCUSDT,1,1,81788.08,0.000665,97727.24,0.010784
2025-03-10T02:59:56.481595,BTCUSDT,1,1,81726.97,0.007349,97954.51,0.010784
2025-03-10T02:59:56.761698,BTCUSDT,4,1,82281.94,0.00114,92078.59,0.00121
2025-03-10T02:59:57.110338,BTCUSDT,1,1,81861.28,0.00101,91470.47,0.00104
2025-03-10T02:59:59.821657,BTCUSDT,4,1,81788.08,0.000665,97727.24,0.010784
2025-03-10T03:00:00.781773,BTCUSDT,4,1,81788.08,0.000665,98089.67,6.8e-05
2025-03-10T03:00:01.062681,BTCUSDT,1,1,82048.32,0.00119,91443.96,0.00088
2025-03-10T03:00:04.422802,BTCUSDT,1,1,81838.76,81.987522,97727.24,0.010784
2025-03-10T03:00:04.922258,BTCUSDT,1,1,81788.08,0.000665,97954.51,0.010784
2025-03-10T03:00:05.702156,BTCUSDT,1,1,82458.86,0.00136,91628.93,0.00101
2025-03-10T03:00:06.042185,BTCUSDT,1,1,81990.72,0.00128,91426.54,0.00122
2025-03-10T03:00:09.561563,BTCUSDT,1,1,81838.76,81.987522,97954.51,0.010784
2025-03-10T03:00:13.222031,BTCUSDT,1,1,81788.08,0.000665,97627.19,0.003313
2025-03-10T03:00:14.482023,BTCUSDT,1,1,82595.51,0.00133,91661.28,0.00122
2025-03-10T03:00:14.841407,BTCUSDT,4,1,82184.15,0.0005,93337.23,0.00116
2025-03-10T03:00:18.784462,BTCUSDT,1,1,82171.89,0.00103,92213.64,0.00122
2025-03-10T03:00:22.180205,BTCUSDT,1,1,81788.08,0.000665,97727.24,0.010784
2025-03-10T03:00:22.941667,BTCUSDT,1,1,82577.18,0.00145,91879.61,0.00098
2025-03-10T03:00:23.285596,BTCUSDT,1,1,82147.46,0.00106,93781.13,0.00128
2025-03-10T03:00:25.961791,BTCUSDT,1,1,81788.08,0.000665,97627.19,0.003313
2025-03-10T03:00:27.241272,BTCUSDT,1,1,82133.93,0.00112,92171.9,0.00114
2025-03-10T03:00:27.581589,BTCUSDT,1,1,82461.05,0.00106,92589.16,0.00124
2025-03-10T03:00:31.141994,BTCUSDT,1,1,81788.08,0.000665,97627.19,0.003313
2025-03-10T03:00:32.401356,BTCUSDT,1,1,81877.34,0.00106,91809.09,0.00109
2025-03-10T03:00:32.762569,BTCUSDT,1,1,82624.55,0.00098,92549.89,0.00103
2025-03-10T03:00:35.781212,BTCUSDT,1,1,81545.16,0.007349,97499.97,0.010784
2025-03-10T03:00:37.561545,BTCUSDT,1,1,82276.37,0.00132,92125.46,0.00128
2025-03-10T03:00:40.442178,BTCUSDT,1,1,81838.76,81.987522,97499.97,0.010784
2025-03-10T03:00:44.721587,BTCUSDT,1,1,81838.76,81.987522,97627.19,0.003313
2025-03-10T03:00:45.242086,BTCUSDT,1,1,81788.08,0.000665,97727.24,0.010784
2025-03-10T03:00:45.744963,BTCUSDT,4,1,81726.97,0.007349,97954.51,0.010784
2025-03-10T03:00:46.021709,BTCUSDT,1,1,82247.87,0.00102,91460.08,0.00091
2025-03-10T03:00:46.361675,BTCUSDT,1,1,81980.33,0.00128,93040.35,0.00113
2025-03-10T03:00:49.041634,BTCUSDT,1,1,81838.76,81.987522,97727.24,0.010784
2025-03-10T03:00:49.541632,BTCUSDT,1,1,81788.08,0.000665,97954.51,0.010784
2025-03-10T03:00:50.301467,BTCUSDT,1,1,81875.44,0.00134,91487.75,0.00091
2025-03-10T03:00:50.662029,BTCUSDT,1,1,82003.95,0.00102,91980.95,0.0012
2025-03-10T03:00:53.701558,BTCUSDT,1,1,81838.76,81.987522,97727.24,0.010784
2025-03-10T03:00:54.702647,BTCUSDT,1,1,81788.08,0.000665,98089.67,6.8e-05
2025-03-10T03:00:54.981215,BTCUSDT,1,1,82161.12,0.00114,91417.85,0.00088
2025-03-10T03:00:55.321473,BTCUSDT,1,1,81924.74,0.00118,91535.78,0.00117
2025-03-10T03:00:58.841621,BTCUSDT,1,1,81599.73,79.985318,97954.51,0.010784
2025-03-10T03:01:00.126345,BTCUSDT,1,1,82137.45,0.001,92022.3,0.00096
2025-03-10T03:01:03.682530,BTCUSDT,1,1,81838.76,81.987522,97499.97,0.010784
2025-03-10T03:01:04.181952,BTCUSDT,1,1,81788.08,0.000665,97627.19,0.003313
2025-03-10T03:01:05.180850,BTCUSDT,1,1,81726.97,0.007349,97954.51,0.010784
2025-03-10T03:01:05.462113,BTCUSDT,1,1,82440.52,0.00104,92203.27,0.00127
2025-03-10T03:01:08.841986,BTCUSDT,4,1,82163.35,0.0005,97627.19,0.003313
2025-03-10T03:01:10.101578,BTCUSDT,1,1,82325.71,0.00131,91869.67,0.00125
2025-03-10T03:01:12.982081,BTCUSDT,1,1,81838.76,81.987522,97627.19,0.003313
2025-03-10T03:01:14.741047,BTCUSDT,1,1,81882.71,0.00133,91746.4,0.0009
2025-03-10T03:01:15.100766,BTCUSDT,1,1,82231.97,0.00127,93426.22,0.00108
2025-03-10T03:01:17.621369,BTCUSDT,1,1,81838.76,81.987522,97627.19,0.003313
2025-03-10T03:01:19.750902,BTCUSDT,4,1,81788.08,0.000665,93992.33,0.00106
2025-03-10T03:01:28.680983,BTCUSDT,1,1,82009.37,0.00127,91808.1,0.00131
2025-03-10T03:01:31.541090,BTCUSDT,1,1,81788.08,0.000665,97499.97,0.010784
2025-03-10T03:01:33.321247,BTCUSDT,1,1,82408.42,0.00123,92722.98,0.00123
2025-03-10T03:01:37.180887,BTCUSDT,1,1,81788.08,0.000665,97954.51,0.010784
2025-03-10T03:01:37.961402,BTCUSDT,1,1,82128.67,0.00112,91790.83,0.00119
2025-03-10T03:01:42.601759,BTCUSDT,1,1,81897.47,0.00107,91966.5,0.0012
2025-03-10T03:01:46.481208,BTCUSDT,1,1,81788.08,0.000665,97727.24,0.010784
2025-03-10T03:01:47.267869,BTCUSDT,1,1,82056.8,0.00142,92493.27,0.00112
2025-03-10T03:01:50.121390,BTCUSDT,1,1,81788.08,0.000665,97627.19,0.003313
2025-03-10T03:01:51.901226,BTCUSDT,1,1,82360.89,0.00097,91591.63,0.00121
2025-03-10T03:01:54.760814,BTCUSDT,4,1,81788.08,0.000665,97499.97,0.010784
2025-03-10T03:01:56.542172,BTCUSDT,1,1,82320.24,0.00097,91866.53,0.001
2025-03-10T03:01:56.900395,BTCUSDT,1,1,82561.54,0.00136,93413.41,0.00111
2025-03-10T03:02:05.841849,BTCUSDT,1,1,82554.27,0.00107,91474.48,0.00112
2025-03-10T03:02:08.701168,BTCUSDT,1,1,81809.19,0.00119,97627.19,0.003313
2025-03-10T03:02:10.841698,BTCUSDT,4,1,81790.43,0.00099,92752.59,0.00086
2025-03-10T03:02:14.361005,BTCUSDT,1,1,81790.43,0.00099,97954.51,0.010784
2025-03-10T03:02:15.141647,BTCUSDT,1,1,82194.13,0.00143,92048.2,0.00113
2025-03-10T03:02:15.841256,BTCUSDT,4,1,82230.37,0.0005,92525.67,0.00124
2025-03-10T03:02:18.000633,BTCUSDT,1,1,81790.43,0.00099,97499.97,0.010784
2025-03-10T03:02:19.502161,BTCUSDT,1,1,81788.08,0.000665,97954.51,0.010784
2025-03-10T03:02:19.781013,BTCUSDT,1,1,82442.07,0.00101,91634.16,0.00117
2025-03-10T03:02:20.123701,BTCUSDT,1,1,82009.6,0.00103,92154.16,0.0011
2025-03-10T03:02:29.761121,BTCUSDT,4,1,81809.19,0.00119,95104.1,0.00125
2025-03-10T03:02:31.921141,BTCUSDT,1,1,81809.19,0.00119,97627.19,0.003313
2025-03-10T03:02:33.705490,BTCUSDT,1,1,81871.58,0.00133,93872.06,0.00094
2025-03-10T03:02:34.061131,BTCUSDT,1,1,82305.41,0.00107,94822.72,0.00104
2025-03-10T03:02:38.341397,BTCUSDT,1,1,82570.84,0.00139,91594.36,0.00098
2025-03-10T03:02:42.980695,BTCUSDT,1,1,81823.32,0.00146,91989.65,0.0011
2025-03-10T03:02:54.942088,BTCUSDT,1,1,81545.16,0.007349,97954.51,0.010784
2025-03-10T03:02:55.220780,BTCUSDT,1,1,82565.63,0.00121,92340.61,0.00102
2025-03-10T03:03:00.341690,BTCUSDT,1,1,82043.62,0.00138,91406.75,0.00114
2025-03-10T03:03:04.721096,BTCUSDT,4,1,81788.08,0.000665,97954.51,0.010784
2025-03-10T03:03:13.000184,BTCUSDT,1,1,81788.08,0.000665,97627.19,0.003313
2025-03-10T03:03:14.280013,BTCUSDT,1,1,82464.16,0.00117,91696.92,0.0013
2025-03-10T03:03:18.160568,BTCUSDT,1,1,81773.35,0.00132,97627.19,0.003313
2025-03-10T03:03:19.420994,BTCUSDT,1,1,82440.13,0.00132,92940.83,0.00111
2025-03-10T03:03:19.780466,BTCUSDT,1,1,82141.74,0.00117,93835.16,0.00104
2025-03-10T03:03:30.721909,BTCUSDT,1,1,81788.08,0.000665,97499.97,0.010784
2025-03-10T03:03:32.500530,BTCUSDT,1,1,82363.33,0.0011,92700.43,0.0011
2025-03-10T03:03:37.140365,BTCUSDT,1,1,82370.43,0.00105,91634.66,0.00089
2025-03-10T03:03:40.500738,BTCUSDT,1,1,81788.08,0.000665,97727.24,0.010784
2025-03-10T03:03:41.760207,BTCUSDT,1,1,82408.24,0.00101,91350.03,0.00091
2025-03-10T03:03:42.119830,BTCUSDT,1,1,82262.32,0.0011,94801.84,0.00086
2025-03-10T03:03:45.140323,BTCUSDT,1,1,81838.76,81.987522,97727.24,0.010784
2025-03-10T03:03:46.899575,BTCUSDT,1,1,82428.26,0.00129,91438.4,0.00097
2025-03-10T03:03:55.759645,BTCUSDT,1,1,81663.05,9.8e-05,97627.19,0.003313
2025-03-10T03:03:56.760453,BTCUSDT,1,1,81599.73,79.985318,97954.51,0.010784
2025-03-10T03:03:57.519857,BTCUSDT,1,1,82245.81,0.00142,91369.94,0.00128
2025-03-10T03:03:57.884929,BTCUSDT,1,1,82109.98,0.00127,93388.66,0.0009
2025-03-10T03:04:02.861150,BTCUSDT,4,1,82313.26,0.0005,92529.36,0.00122
2025-03-10T03:04:05.019843,BTCUSDT,1,1,81838.76,81.987522,97499.97,0.010784
2025-03-10T03:04:09.320602,BTCUSDT,1,1,81788.08,0.000665,97627.19,0.003313
2025-03-10T03:04:09.821036,BTCUSDT,4,1,82295.18,0.0005,97727.24,0.010784
2025-03-10T03:04:10.584487,BTCUSDT,1,1,82486.07,0.00122,92848.86,0.00126
2025-03-10T03:04:10.940712,BTCUSDT,1,1,82289.02,0.00111,92540.96,0.00129
2025-03-10T03:04:14.461960,BTCUSDT,1,1,81788.08,0.000665,97727.24,0.010784
2025-03-10T03:04:15.221068,BTCUSDT,1,1,81847.33,0.00136,94144.6,0.00118
2025-03-10T03:04:15.580481,BTCUSDT,1,1,82044.58,0.00113,95439.86,0.00119
2025-03-10T03:04:18.100213,BTCUSDT,1,1,81838.76,81.987522,97627.19,0.003313
2025-03-10T03:04:20.225663,BTCUSDT,1,1,82373.84,0.001,94707.76,0.00117
2025-03-10T03:04:24.160695,BTCUSDT,1,1,82573.0,0.00112,92898.76,0.00121
2025-03-10T03:04:27.879739,BTCUSDT,1,1,81788.08,0.000665,97627.19,0.003313
2025-03-10T03:04:28.383384,BTCUSDT,1,1,81726.97,0.007349,97727.24,0.010784
2025-03-10T03:04:29.161034,BTCUSDT,1,1,82336.23,0.00127,92105.87,0.00106
2025-03-10T03:04:29.499477,BTCUSDT,1,1,81929.91,0.0014,93580.62,0.00092
2025-03-10T03:04:33.799982,BTCUSDT,1,1,81761.63,0.00125,92106.03,0.00118
2025-03-10T03:04:37.662458,BTCUSDT,1,1,81788.08,0.000665,97954.51,0.010784
2025-03-10T03:04:38.439932,BTCUSDT,1,1,81807.07,0.00102,93759.18,0.00115
2025-03-10T03:04:41.299555,BTCUSDT,1,1,81788.08,0.000665,97627.19,0.003313
2025-03-10T03:04:43.078915,BTCUSDT,1,1,82305.58,0.00109,92083.01,0.00121
2025-03-10T03:04:43.420621,BTCUSDT,1,1,82095.72,0.00127,92304.61,0.00097
2025-03-10T03:04:45.940058,BTCUSDT,1,1,81807.07,0.00102,97627.19,0.003313
2025-03-10T03:04:46.439030,BTCUSDT,1,1,81788.08,0.000665,97727.24,0.010784
2025-03-10T03:04:47.719794,BTCUSDT,1,1,81959.39,0.00098,91931.52,0.00095
2025-03-10T03:04:48.063972,BTCUSDT,1,1,82308.09,0.00126,92043.68,0.00115
2025-03-10T03:04:51.579437,BTCUSDT,1,1,81807.07,0.00102,97727.24,0.010784
2025-03-10T03:04:52.360379,BTCUSDT,1,1,82216.15,0.0011,91407.06,0.00119
2025-03-10T03:04:56.739513,BTCUSDT,4,1,81807.07,0.00102,98089.67,6.8e-05
2025-03-10T03:04:57.239966,BTCUSDT,1,1,81807.07,0.00102,98181.78,0.010784
2025-03-10T03:04:57.999822,BTCUSDT,1,1,81825.28,0.00119,92108.71,0.00107
2025-03-10T03:05:06.759394,BTCUSDT,4,1,81807.07,0.00102,97627.19,0.003313
2025-03-10T03:05:07.262877,BTCUSDT,1,1,81807.07,0.00102,97727.24,0.010784
2025-03-10T03:05:07.739390,BTCUSDT,4,1,81788.08,0.000665,97954.51,0.010784
2025-03-10T03:05:09.020150,BTCUSDT,1,1,82011.34,0.00102,92779.96,0.00128
2025-03-10T03:05:09.720087,BTCUSDT,4,1,81807.07,0.00102,94607.13,0.0011
2025-03-10T03:05:12.239102,BTCUSDT,1,1,81807.07,0.00102,97499.97,0.010784
2025-03-10T03:05:14.019550,BTCUSDT,1,1,82487.48,0.001,92021.09,0.0013
2025-03-10T03:05:18.660592,BTCUSDT,1,1,82369.01,0.00107,91744.4,0.00092
2025-03-10T03:05:26.179259,BTCUSDT,1,1,81807.07,0.00102,97627.19,0.003313
2025-03-10T03:05:27.958774,BTCUSDT,1,1,82607.63,0.00117,91460.95,0.00109
2025-03-10T03:05:30.821307,BTCUSDT,4,1,82218.81,0.0005,97499.97,0.010784
2025-03-10T03:05:31.844684,BTCUSDT,4,1,82217.19,0.0005,97727.24,0.010784
2025-03-10T03:05:32.598755,BTCUSDT,1,1,82294.31,0.00137,91430.22,0.00102
2025-03-10T03:05:36.119403,BTCUSDT,1,1,81807.07,0.00102,97954.51,0.010784
2025-03-10T03:05:36.899135,BTCUSDT,1,1,82250.62,0.0014,92165.45,0.0012
2025-03-10T03:05:40.258878,BTCUSDT,1,1,81807.07,0.00102,97727.24,0.010784
2025-03-10T03:05:42.046077,BTCUSDT,1,1,82262.18,0.00124,91698.63,0.00094
2025-03-10T03:05:42.739544,BTCUSDT,4,1,81807.07,0.00102,94730.29,0.00113
2025-03-10T03:05:53.839029,BTCUSDT,4,1,81788.08,0.000665,97627.19,0.003313
2025-03-10T03:05:55.819113,BTCUSDT,4,1,82186.58,0.0005,94252.63,0.00127
2025-03-10T03:05:59.759382,BTCUSDT,1,1,82528.0,0.00139,91807.72,0.00092
2025-03-10T03:06:02.640050,BTCUSDT,1,1,81788.08,0.000665,97627.19,0.003313
2025-03-10T03:06:04.138629,BTCUSDT,1,1,81726.97,0.007349,98089.67,6.8e-05
2025-03-10T03:06:04.420440,BTCUSDT,1,1,82355.85,0.00117,91422.53,0.00121
2025-03-10T03:06:04.759206,BTCUSDT,1,1,81783.12,0.00134,91880.38,0.00113
2025-03-10T03:06:09.567648,BTCUSDT,1,1,82436.57,0.00143,92023.18,0.00119
2025-03-10T03:06:09.919305,BTCUSDT,1,1,82509.51,0.00121,92787.22,0.00107
2025-03-10T03:06:14.221908,BTCUSDT,1,1,82345.93,0.0011,92864.83,0.00087
2025-03-10T03:06:17.599731,BTCUSDT,1,1,81838.76,81.987522,97627.19,0.003313
2025-03-10T03:06:18.859544,BTCUSDT,1,1,81967.09,0.00101,91663.32,0.001
2025-03-10T03:06:19.219100,BTCUSDT,1,1,82368.39,0.00138,93721.91,0.00104
2025-03-10T03:06:21.739587,BTCUSDT,1,1,81663.05,9.8e-05,97272.7,0.010784
2025-03-10T03:06:22.238809,BTCUSDT,1,1,81838.76,81.987522,97499.97,0.010784
2025-03-10T03:06:23.534589,BTCUSDT,1,1,82387.36,0.00106,92169.94,0.00123
2025-03-10T03:06:23.859176,BTCUSDT,1,1,82446.35,0.00134,93808.42,0.00094
2025-03-10T03:06:32.038390,BTCUSDT,1,1,81881.09,0.0005,97627.19,0.003313
2025-03-10T03:06:32.819515,BTCUSDT,4,1,82648.47,0.00112,92060.32,0.00113
2025-03-10T03:06:36.179090,BTCUSDT,1,1,81838.76,81.987522,97272.7,0.010784
2025-03-10T03:06:37.958488,BTCUSDT,1,1,82070.16,0.0011,92246.89,0.00129
2025-03-10T03:06:40.839569,BTCUSDT,1,1,81908.78,0.007349,97627.19,0.003313
2025-03-10T03:06:41.839357,BTCUSDT,1,1,81838.76,81.987522,97954.51,0.010784
2025-03-10T03:06:42.618452,BTCUSDT,1,1,82702.59,0.00131,92476.94,0.00088
2025-03-10T03:06:42.978732,BTCUSDT,1,1,82495.36,0.001,93398.96,0.00126
2025-03-10T03:06:46.959521,BTCUSDT,1,1,82464.73,0.00113,92375.91,0.00129
2025-03-10T03:06:50.178986,BTCUSDT,1,1,81908.78,0.007349,97499.97,0.010784
2025-03-10T03:06:51.718495,BTCUSDT,3,1,81838.76,81.987522,87375.0,0.000631
2025-03-10T03:06:54.839111,BTCUSDT,1,1,81726.97,0.007349,97499.97,0.010784
2025-03-10T03:06:55.339320,BTCUSDT,1,1,81838.76,81.987522,97627.19,0.003313
2025-03-10T03:06:56.618464,BTCUSDT,1,1,82253.64,0.00099,93484.21,0.00107
2025-03-10T03:06:56.978485,BTCUSDT,1,1,82233.53,0.00125,94628.48,0.00112
2025-03-10T03:07:00.498458,BTCUSDT,1,1,81858.64,0.0005,97727.24,0.010784
2025-03-10T03:07:01.278758,BTCUSDT,1,1,81974.32,0.00105,91642.54,0.00122
2025-03-10T03:07:06.417995,BTCUSDT,1,1,82245.68,0.00138,91730.66,0.0012
2025-03-10T03:07:09.799421,BTCUSDT,1,1,81726.97,0.007349,97727.24,0.010784
2025-03-10T03:07:11.583097,BTCUSDT,1,1,82197.87,0.00146,92272.78,0.00102
2025-03-10T03:07:15.438527,BTCUSDT,1,1,81908.78,0.007349,97954.51,0.010784
2025-03-10T03:07:15.718671,BTCUSDT,1,1,82615.48,0.00127,91800.15,0.00101
2025-03-10T03:07:16.758215,BTCUSDT,3,1,81908.78,0.007349,95775.87,0.00102
2025-03-10T03:07:19.078582,BTCUSDT,1,1,81908.78,0.007349,97627.19,0.003313
2025-03-10T03:07:28.377983,BTCUSDT,1,1,81859.58,0.0005,97627.19,0.003313
2025-03-10T03:07:29.664914,BTCUSDT,1,1,82087.61,0.00113,92383.56,0.00107
2025-03-10T03:07:29.998491,BTCUSDT,3,1,82102.05,0.0005,94110.63,0.00105
2025-03-10T03:07:32.538567,BTCUSDT,1,1,81847.15,0.0005,97627.19,0.003313
2025-03-10T03:07:34.298033,BTCUSDT,1,1,82554.1,0.00121,92612.21,0.00098
2025-03-10T03:07:34.658579,BTCUSDT,1,1,82320.97,0.0014,93742.48,0.00115
2025-03-10T03:07:37.185425,BTCUSDT,1,1,81908.78,0.007349,97627.19,0.003313
2025-03-10T03:07:37.678133,BTCUSDT,1,1,81838.76,81.987522,97727.24,0.010784
2025-03-10T03:07:38.939596,BTCUSDT,1,1,82104.14,0.00101,92173.17,0.00102
2025-03-10T03:07:39.298310,BTCUSDT,1,1,82428.29,0.00132,91829.0,0.00108
2025-03-10T03:07:41.818006,BTCUSDT,3,1,82079.29,0.0005,97627.19,0.003313
2025-03-10T03:07:46.937593,BTCUSDT,1,1,81903.34,0.0005,97627.19,0.003313
2025-03-10T03:07:52.577964,BTCUSDT,1,1,81838.76,81.987522,97954.51,0.010784
2025-03-10T03:07:52.861801,BTCUSDT,1,1,82701.35,0.00137,93847.85,0.00114
2025-03-10T03:07:53.557847,BTCUSDT,1,1,81918.06,0.00111,94857.33,0.00124
2025-03-10T03:07:57.238000,BTCUSDT,1,1,81838.76,81.987522,97727.24,0.010784
2025-03-10T03:07:57.998392,BTCUSDT,1,1,81984.29,0.0014,91977.49,0.00111
2025-03-10T03:07:58.357949,BTCUSDT,1,1,82761.4,0.00113,93232.4,0.00118
2025-03-10T03:08:01.887363,BTCUSDT,1,1,81838.76,81.987522,97727.24,0.010784
2025-03-10T03:08:02.658263,BTCUSDT,1,1,82423.92,0.00126,91848.43,0.00112
2025-03-10T03:08:06.538610,BTCUSDT,1,1,81838.76,81.987522,97954.51,0.010784
2025-03-10T03:08:07.317757,BTCUSDT,1,1,81975.18,0.0014,93220.97,0.00098
2025-03-10T03:08:10.838136,BTCUSDT,1,1,81663.05,9.8e-05,97954.51,0.010784
2025-03-10T03:08:11.118552,BTCUSDT,1,1,82460.11,0.00126,92113.8,0.00092
2025-03-10T03:08:14.138478,BTCUSDT,1,1,81838.76,81.987522,97727.24,0.010784
2025-03-10T03:08:14.919087,BTCUSDT,1,1,82732.18,0.00121,91699.33,0.00119
2025-03-10T03:08:17.942649,BTCUSDT,1,1,81788.08,0.000665,97499.97,0.010784
2025-03-10T03:08:19.225261,BTCUSDT,1,1,82502.29,0.00102,93654.56,0.00109
2025-03-10T03:08:19.557748,BTCUSDT,1,1,82396.93,0.00131,94509.66,0.0012
2025-03-10T03:08:22.601129,BTCUSDT,1,1,81838.76,81.987522,97627.19,0.003313
2025-03-10T03:08:23.377753,BTCUSDT,1,1,82610.72,0.00117,91555.51,0.00125
2025-03-10T03:08:28.718023,BTCUSDT,3,1,81838.76,81.987522,95673.4,0.00093
2025-03-10T03:08:32.818521,BTCUSDT,3,1,82017.3,0.0005,91769.75,0.00129
2025-03-10T03:08:36.679320,BTCUSDT,1,1,81838.76,81.987522,97727.24,0.010784
2025-03-10T03:08:37.437460,BTCUSDT,1,1,82178.03,0.00118,93251.66,0.00086
2025-03-10T03:08:40.317907,BTCUSDT,1,1,81838.76,81.987522,97627.19,0.003313
2025-03-10T03:08:41.339386,BTCUSDT,1,1,81788.08,0.000665,97954.51,0.010784
2025-03-10T03:08:42.138076,BTCUSDT,1,1,82338.95,0.00129,92256.86,0.00103
2025-03-10T03:08:42.458899,BTCUSDT,1,1,82216.0,0.00108,92186.83,0.00103
2025-03-10T03:08:46.757998,BTCUSDT,1,1,82155.68,0.00101,92013.43,0.00108
2025-03-10T03:08:50.637666,BTCUSDT,1,1,81850.54,0.0005,97727.24,0.010784
2025-03-10T03:08:51.417838,BTCUSDT,1,1,82209.24,0.00132,93759.3,0.00106
2025-03-10T03:08:59.437780,BTCUSDT,1,1,81842.79,0.0005,97627.19,0.003313
2025-03-10T03:09:00.733436,BTCUSDT,1,1,82534.79,0.00104,93452.79,0.00119
2025-03-10T03:09:04.097764,BTCUSDT,1,1,81838.76,81.987522,97627.19,0.003313
2025-03-10T03:09:04.598439,BTCUSDT,1,1,81835.95,0.0005,97727.24,0.010784
2025-03-10T03:09:05.397429,BTCUSDT,1,1,82653.87,0.00117,92341.8,0.00116
2025-03-10T03:09:05.757381,BTCUSDT,1,1,82529.32,0.00131,92756.21,0.00102
2025-03-10T03:09:09.776965,BTCUSDT,1,1,81663.05,9.8e-05,97727.24,0.010784
2025-03-10T03:09:10.560832,BTCUSDT,1,1,82028.7,0.00141,94788.74,0.00099
2025-03-10T03:09:10.897483,BTCUSDT,1,1,82613.68,0.00106,94615.02,0.00098
2025-03-10T03:09:15.897095,BTCUSDT,2,1,82018.95,0.0005,93670.71,0.00091
2025-03-10T03:09:18.577213,BTCUSDT,1,1,81847.02,0.0005,97627.19,0.003313
2025-03-10T03:09:19.864266,BTCUSDT,1,1,82540.03,0.0011,92584.83,0.00104
2025-03-10T03:09:27.357706,BTCUSDT,1,1,81841.31,0.0005,97499.97,0.010784
2025-03-10T03:09:29.141147,BTCUSDT,1,1,82209.41,0.00129,91837.66,0.0011
2025-03-10T03:09:33.518024,BTCUSDT,1,1,81851.42,0.0005,97954.51,0.010784
2025-03-10T03:09:33.797570,BTCUSDT,1,1,82479.11,0.00106,92427.59,0.00101
2025-03-10T03:09:34.838107,BTCUSDT,2,1,82016.99,0.0005,94248.31,0.00125
2025-03-10T03:09:36.657783,BTCUSDT,1,1,81853.89,0.0005,97499.97,0.010784
2025-03-10T03:09:38.417182,BTCUSDT,1,1,82155.51,0.0011,92269.87,0.00117
2025-03-10T03:09:41.297109,BTCUSDT,1,1,81908.78,0.007349,97627.19,0.003313
2025-03-10T03:09:42.297110,BTCUSDT,1,1,81855.15,0.0005,97954.51,0.010784
2025-03-10T03:09:43.077572,BTCUSDT,1,1,82634.68,0.00109,92401.44,0.00098
2025-03-10T03:09:43.417431,BTCUSDT,1,1,82825.24,0.00104,92579.39,0.00111
2025-03-10T03:09:48.217216,BTCUSDT,1,1,82082.73,0.00126,92018.72,0.00088
2025-03-10T03:09:52.096986,BTCUSDT,1,1,81908.78,0.007349,97954.51,0.010784
2025-03-10T03:09:52.878557,BTCUSDT,1,1,82530.26,0.00131,93766.35,0.00108
2025-03-10T03:09:55.737608,BTCUSDT,3,1,81908.78,0.007349,97627.19,0.003313
2025-03-10T03:09:56.238490,BTCUSDT,1,1,81894.04,0.0005,97727.24,0.010784
2025-03-10T03:09:57.522271,BTCUSDT,1,1,82221.08,0.00116,91892.75,0.00128
2025-03-10T03:10:00.876776,BTCUSDT,2,1,82066.17,0.0005,97954.51,0.010784
2025-03-10T03:10:02.157943,BTCUSDT,1,1,82367.6,0.00113,93002.77,0.00113
2025-03-10T03:10:02.858054,BTCUSDT,2,1,81838.76,81.987522,95825.69,0.00109
2025-03-10T03:10:06.896680,BTCUSDT,1,1,82656.16,0.00112,91648.69,0.00099
2025-03-10T03:10:09.776684,BTCUSDT,1,1,81788.08,0.000665,97727.24,0.010784
2025-03-10T03:10:10.277239,BTCUSDT,1,1,81908.78,0.007349,97954.51,0.010784
2025-03-10T03:10:11.558527,BTCUSDT,1,1,82289.86,0.00124,92248.59,0.00092
2025-03-10T03:10:14.417612,BTCUSDT,1,1,81908.78,0.007349,97727.24,0.010784
2025-03-10T03:10:16.196540,BTCUSDT,1,1,82132.79,0.00115,93034.08,0.00098
2025-03-10T03:10:19.079293,BTCUSDT,1,1,81908.78,0.007349,97627.19,0.003313
2025-03-10T03:10:20.837778,BTCUSDT,1,1,82047.38,0.00098,93230.07,0.001
2025-03-10T03:10:23.718216,BTCUSDT,1,1,81908.78,0.007349,97627.19,0.003313
2025-03-10T03:10:25.477328,BTCUSDT,1,1,82172.91,0.00139,93826.2,0.0011
2025-03-10T03:10:30.837368,BTCUSDT,2,1,82003.23,0.0005,95254.01,0.00094
2025-03-10T03:10:42.317222,BTCUSDT,1,1,81869.58,0.0011,97627.19,0.003313
2025-03-10T03:10:42.816436,BTCUSDT,2,1,81987.4,0.0005,97727.24,0.010784
2025-03-10T03:10:43.317299,BTCUSDT,1,1,81838.76,81.987522,97954.51,0.010784
2025-03-10T03:10:43.816776,BTCUSDT,2,1,81990.98,0.0005,98089.67,6.8e-05
2025-03-10T03:10:44.096918,BTCUSDT,1,1,82336.97,0.00141,92568.25,0.00091
2025-03-10T03:10:48.736896,BTCUSDT,1,1,82343.36,0.00146,92456.6,0.00102
2025-03-10T03:10:51.596968,BTCUSDT,1,1,81860.29,0.0011,97727.24,0.010784
2025-03-10T03:10:52.597167,BTCUSDT,1,1,81852.81,0.0005,98089.67,6.8e-05
2025-03-10T03:10:53.377503,BTCUSDT,1,1,82410.74,0.00122,91836.96,0.00089
2025-03-10T03:10:58.537958,BTCUSDT,1,1,82401.68,0.00129,91634.21,0.00103
2025-03-10T03:11:08.837086,BTCUSDT,1,1,81967.22,0.00128,91704.5,0.00102
2025-03-10T03:11:15.016306,BTCUSDT,2,1,81996.61,0.0005,95357.89,0.00085
2025-03-10T03:11:19.817124,BTCUSDT,1,1,81960.52,0.0005,94025.92,0.00093
2025-03-10T03:11:23.196133,BTCUSDT,1,1,81878.39,0.0005,97727.24,0.010784
2025-03-10T03:11:24.197311,BTCUSDT,1,1,81838.76,81.987522,98089.67,6.8e-05
2025-03-10T03:11:24.976385,BTCUSDT,1,1,82065.97,0.00105,91795.64,0.00104
2025-03-10T03:11:28.837256,BTCUSDT,1,1,81726.97,0.007349,97954.51,0.010784
2025-03-10T03:11:29.617069,BTCUSDT,1,1,82823.85,0.00128,92054.01,0.00104
2025-03-10T03:11:29.956957,BTCUSDT,1,1,82746.01,0.00134,91880.82,0.00119
2025-03-10T03:11:33.476623,BTCUSDT,1,1,81789.7,0.0005,97727.24,0.010784
2025-03-10T03:11:34.775965,BTCUSDT,1,1,81971.26,0.00144,93003.31,0.00096
2025-03-10T03:11:35.124116,BTCUSDT,1,1,82381.71,0.00122,94357.16,0.00099
2025-03-10T03:11:37.998820,BTCUSDT,1,1,81838.76,81.987522,97727.24,0.010784
2025-03-10T03:11:38.996294,BTCUSDT,1,1,81801.07,0.0005,98089.67,6.8e-05
2025-03-10T03:11:39.776371,BTCUSDT,1,1,82281.56,0.00133,92612.67,0.00112
2025-03-10T03:11:40.116595,BTCUSDT,1,1,82250.99,0.00121,92731.68,0.0012
2025-03-10T03:11:43.639300,BTCUSDT,1,1,81838.76,81.987522,98089.67,6.8e-05
2025-03-10T03:11:44.416829,BTCUSDT,1,1,82579.22,0.00141,94440.03,0.00097
2025-03-10T03:11:47.276968,BTCUSDT,1,1,81838.76,81.987522,97727.24,0.010784
2025-03-10T03:11:49.057286,BTCUSDT,1,1,82050.1,0.00132,93918.13,0.00107
2025-03-10T03:11:51.175807,BTCUSDT,1,1,83384.27,6.9e-05,96153.79,7.4e-05
2025-03-10T03:11:53.715891,BTCUSDT,1,1,82188.22,0.00112,92577.55,0.00128
2025-03-10T03:12:01.376661,BTCUSDT,1,1,81838.76,81.987522,97954.51,0.010784
2025-03-10T03:12:02.157097,BTCUSDT,1,1,82034.66,0.00134,92577.97,0.00101
2025-03-10T03:12:02.516191,BTCUSDT,1,1,82612.24,0.00145,93531.54,0.00117
2025-03-10T03:12:05.536899,BTCUSDT,1,1,81908.78,0.007349,97727.24,0.010784
2025-03-10T03:12:10.216302,BTCUSDT,1,1,81838.76,81.987522,97727.24,0.010784
2025-03-10T03:12:11.506286,BTCUSDT,1,1,82614.63,0.00127,91588.23,0.00122
2025-03-10T03:12:14.376512,BTCUSDT,1,1,81788.08,0.000665,97045.43,0.00072
2025-03-10T03:12:14.876031,BTCUSDT,1,1,81599.73,79.985318,97272.7,0.010784
2025-03-10T03:12:19.916329,BTCUSDT,1,1,81726.97,0.007349,97045.43,0.00072
2025-03-10T03:12:21.176114,BTCUSDT,1,1,82039.68,0.00132,91300.44,0.00089
2025-03-10T03:12:25.836399,BTCUSDT,3,1,81944.39,0.0005,91962.46,0.0012
2025-03-10T03:12:30.476594,BTCUSDT,1,1,81972.32,0.00143,93258.54,0.00124
2025-03-10T03:12:46.296528,BTCUSDT,1,1,81717.89,0.0005,97627.19,0.003377
2025-03-10T03:12:46.576116,BTCUSDT,1,1,81817.51,0.00128,91211.42,0.00105
2025-03-10T03:12:46.915617,BTCUSDT,1,1,81752.29,0.00128,93639.57,0.00105
2025-03-10T03:12:54.095783,BTCUSDT,1,1,81726.97,0.007349,97045.43,0.00072
2025-03-10T03:12:55.876313,BTCUSDT,1,1,81835.68,0.00099,92071.74,0.00129
2025-03-10T03:12:56.578852,BTCUSDT,1,1,81728.33,0.0005,94983.68,0.00102
2025-03-10T03:13:07.699994,BTCUSDT,1,1,81684.52,0.0005,97045.43,0.00072
2025-03-10T03:13:07.736620,BTCUSDT,4,1,81663.05,9.8e-05,86400.0,0.009489
2025-03-10T03:13:27.815280,BTCUSDT,4,1,81913.77,0.0005,97045.43,0.00072
2025-03-10T03:13:28.575932,BTCUSDT,1,1,81739.99,0.00101,91067.89,0.00113
2025-03-10T03:13:38.736080,BTCUSDT,4,1,81656.99,0.00123,93651.04,0.00126
2025-03-10T03:13:43.036199,BTCUSDT,1,1,81844.38,0.00143,91937.25,0.00114
2025-03-10T03:13:51.575259,BTCUSDT,1,1,81647.34,0.0005,97272.7,0.010784
2025-03-10T03:13:52.355506,BTCUSDT,1,1,81854.1,0.00136,92385.24,0.00114
2025-03-10T03:13:55.735657,BTCUSDT,4,1,81599.73,79.985318,96153.79,7.4e-05
2025-03-10T03:13:56.735028,BTCUSDT,4,1,81599.73,79.985318,97272.7,0.010784
2025-03-10T03:14:20.814982,BTCUSDT,4,1,81912.96,0.0005,90975.69,0.00117
2025-03-10T03:14:25.815636,BTCUSDT,4,1,81895.52,0.0005,92369.35,0.00116
2025-03-10T03:14:30.095044,BTCUSDT,1,1,81752.98,0.00108,91556.99,0.00099
2025-03-10T03:14:30.795097,BTCUSDT,3,1,81599.73,79.985318,94155.92,0.00112
2025-03-10T03:14:34.836928,BTCUSDT,4,1,81897.55,0.0005,97272.7,0.010784
2025-03-10T03:14:40.720167,BTCUSDT,3,1,81599.73,79.985318,92565.58,0.00126
2025-03-10T03:14:43.735067,BTCUSDT,4,1,81599.73,79.985318,97045.43,0.00072
2025-03-10T03:14:45.015653,BTCUSDT,1,1,81875.16,0.00138,90660.46,0.00099
2025-03-10T03:14:47.895574,BTCUSDT,1,1,81663.05,9.8e-05,96153.79,7.4e-05
2025-03-10T03:15:22.235022,BTCUSDT,1,1,81873.68,0.00111,92063.94,0.00122
2025-03-10T03:15:35.834406,BTCUSDT,1,1,81735.76,0.00137,91052.6,0.00123
2025-03-10T03:15:43.718023,BTCUSDT,4,1,81599.73,79.985318,96153.79,7.4e-05
2025-03-10T03:15:45.835773,BTCUSDT,4,1,81899.53,0.0005,92261.61,0.00102
2025-03-10T03:15:50.814791,BTCUSDT,4,1,81912.64,0.0005,93101.67,0.00113
2025-03-10T03:16:04.893686,BTCUSDT,1,1,81791.75,0.00119,90825.36,0.00105
2025-03-10T03:16:12.745206,BTCUSDT,4,1,81599.73,79.985318,97272.7,0.010784
2025-03-10T03:16:13.854720,BTCUSDT,4,1,81915.95,0.0005,90589.03,0.00101
2025-03-10T03:16:18.654575,BTCUSDT,1,1,81827.6,0.0013,90836.92,0.00108
2025-03-10T03:16:33.734921,BTCUSDT,4,1,81599.73,79.985318,92696.07,0.0012
2025-03-10T03:16:51.614439,BTCUSDT,1,1,81756.04,0.00101,92568.9,0.00096
2025-03-10T03:17:07.733506,BTCUSDT,4,1,81599.73,79.985318,97045.43,0.00072
2025-03-10T03:17:09.714414,BTCUSDT,4,1,81599.73,79.985318,93779.29,0.00089
2025-03-10T03:17:12.894620,BTCUSDT,4,1,81962.43,0.0005,97272.7,0.010784
2025-03-10T03:17:18.814303,BTCUSDT,4,1,81973.46,0.0005,91568.28,0.00127
2025-03-10T03:17:26.754414,BTCUSDT,4,1,81835.65,0.00103,93929.04,0.00109
2025-03-10T03:17:38.713706,BTCUSDT,1,1,81599.73,79.985318,97272.7,0.010784
2025-03-10T03:17:39.853905,BTCUSDT,1,1,81743.29,0.00134,93187.73,0.0011
2025-03-10T03:17:57.973772,BTCUSDT,4,1,82013.57,0.0005,94252.62,0.00092
2025-03-10T03:18:02.417307,BTCUSDT,1,1,81792.94,0.00123,91338.91,0.00098
2025-03-10T03:18:13.734759,BTCUSDT,4,1,81599.73,79.985318,95027.05,5.6e-05
2025-03-10T03:18:14.734570,BTCUSDT,4,1,81599.73,79.985318,97045.43,0.00072
2025-03-10T03:18:24.813622,BTCUSDT,4,1,81992.84,0.0005,91089.76,0.00112
2025-03-10T03:18:46.734172,BTCUSDT,4,1,81602.89,0.00101,94622.87,0.00089
2025-03-10T03:18:59.813230,BTCUSDT,3,1,81868.98,0.0005,91493.47,0.00104
2025-03-10T03:19:04.813372,BTCUSDT,4,1,81969.53,0.0005,91788.3,0.00105
2025-03-10T03:19:09.273205,BTCUSDT,1,1,81733.4,0.00118,90589.56,0.00094
2025-03-10T03:19:12.493398,BTCUSDT,1,1,81663.05,9.8e-05,94572.65,0.00094
2025-03-10T03:19:14.773516,BTCUSDT,1,1,81774.63,0.00141,91105.67,0.00098
2025-03-10T03:19:15.812811,BTCUSDT,4,1,81989.21,0.0005,92500.69,0.00122
2025-03-10T03:19:20.412467,BTCUSDT,1,1,81852.9,0.00139,90809.53,0.00124
2025-03-10T03:19:26.413015,BTCUSDT,1,1,82408.08,0.00116,92014.7,0.00096
2025-03-10T03:19:27.812447,BTCUSDT,2,1,81973.15,0.0005,95348.22,0.00113
2025-03-10T03:19:31.756441,BTCUSDT,1,1,82138.72,0.00111,91847.56,0.00124
2025-03-10T03:19:36.753446,BTCUSDT,2,1,81838.76,81.987522,94178.28,0.00122
2025-03-10T03:19:45.453133,BTCUSDT,1,1,81838.76,81.987522,97954.51,0.010784
2025-03-10T03:19:45.713233,BTCUSDT,1,1,82311.36,0.00123,91991.22,0.00096
2025-03-10T03:19:53.752594,BTCUSDT,3,1,81838.76,81.987522,97627.19,0.003377
2025-03-10T03:19:54.752815,BTCUSDT,2,1,81788.08,0.000665,97954.51,0.010784
2025-03-10T03:20:04.312511,BTCUSDT,1,1,82265.17,0.0012,92162.93,0.00088
2025-03-10T03:20:08.692035,BTCUSDT,1,1,81838.76,81.987522,97954.51,0.010784
2025-03-10T03:20:08.973053,BTCUSDT,1,1,82423.46,0.0011,91761.3,0.0012
2025-03-10T03:20:14.132749,BTCUSDT,1,1,82129.88,0.00113,91545.46,0.00102
2025-03-10T03:20:22.684507,BTCUSDT,1,1,81930.42,0.0005,97727.24,0.010784
2025-03-10T03:20:24.452561,BTCUSDT,1,1,82220.08,0.00144,92428.83,0.00127
2025-03-10T03:20:28.857266,BTCUSDT,1,1,82004.76,0.0005,98089.67,6.8e-05
2025-03-10T03:20:29.812101,BTCUSDT,1,1,82003.96,0.0005,92510.16,0.00126
2025-03-10T03:20:33.516626,BTCUSDT,3,1,89800.0,0.009499,108923.31,7.4e-05
2025-03-10T03:20:35.632977,BTCUSDT,1,1,83762.95,0.00108,92922.63,0.00125
2025-03-10T03:20:43.493562,BTCUSDT,1,1,84814.13,0.00104,96434.63,0.00117
2025-03-10T03:20:43.854053,BTCUSDT,1,1,85353.54,0.00114,96771.0,0.00117
2025-03-10T03:20:44.191938,BTCUSDT,1,1,83872.56,0.00109,97195.87,0.00123
2025-03-10T03:20:44.552116,BTCUSDT,1,1,83826.78,0.00126,98138.39,0.00104
2025-03-10T03:20:47.412468,BTCUSDT,1,1,83545.07,0.007349,105364.19,7.2e-05
2025-03-10T03:20:47.911940,BTCUSDT,1,1,83540.63,6.9e-05,107789.03,7.2e-05
2025-03-10T03:20:49.192310,BTCUSDT,1,1,84878.58,0.00121,95046.32,0.00114
2025-03-10T03:20:49.531990,BTCUSDT,1,1,84833.87,0.00114,95434.74,0.00088
2025-03-10T03:20:49.894603,BTCUSDT,1,1,84452.97,0.00096,98318.48,0.00112
2025-03-10T03:20:54.252790,BTCUSDT,3,2,89100.0,0.001122,90900.0,0.0011
2025-03-10T03:20:54.772160,BTCUSDT,2,3,86453.64,0.001157,92727.09,0.001078
2025-03-10T03:20:55.311887,BTCUSDT,1,2,84733.21,0.00118,95536.81,0.001047
2025-03-10T03:20:58.472495,BTCUSDT,1,1,84474.3,0.00126,97220.05,0.00119
2025-03-10T03:21:01.852421,BTCUSDT,1,1,84000.0,0.00013,100942.36,0.000664
2025-03-10T03:21:05.992572,BTCUSDT,1,1,83944.24,0.00141,100660.66,5.6e-05
2025-03-10T03:21:11.291964,BTCUSDT,1,1,83908.69,0.007349,101150.5,0.000813
2025-03-10T03:21:11.572504,BTCUSDT,1,1,85480.5,0.00134,95251.93,0.00095
2025-03-10T03:21:14.592570,BTCUSDT,1,1,83908.69,0.007349,100942.36,0.000664
2025-03-10T03:21:15.091903,BTCUSDT,1,1,83885.88,0.001192,101150.5,0.000813
2025-03-10T03:21:15.372555,BTCUSDT,1,1,85616.94,0.00109,97291.63,0.00087
2025-03-10T03:21:15.712398,BTCUSDT,1,1,84940.7,0.00119,97408.14,0.00092
2025-03-10T03:21:18.753071,BTCUSDT,1,1,83885.88,0.001192,100514.51,7.2e-05
2025-03-10T03:21:20.532430,BTCUSDT,1,1,84976.45,0.00119,95507.21,0.00094
2025-03-10T03:21:20.891993,BTCUSDT,1,1,84037.26,0.00098,98006.7,0.00114
2025-03-10T03:21:21.232478,BTCUSDT,1,1,84680.06,0.00118,97545.12,0.00093
2025-03-10T03:21:24.252819,BTCUSDT,1,1,84000.0,0.00013,100514.51,7.2e-05
2025-03-10T03:21:25.531527,BTCUSDT,1,1,84332.58,0.00124,95377.02,0.00092
2025-03-10T03:21:28.391921,BTCUSDT,1,1,84000.0,0.00013,100351.87,0.000996
2025-03-10T03:21:30.151476,BTCUSDT,1,1,85016.2,0.00108,94735.08,0.00096
2025-03-10T03:21:34.512237,BTCUSDT,1,1,83908.69,0.007349,100942.36,0.000664
2025-03-10T03:21:34.791887,BTCUSDT,1,1,84943.04,0.00133,96521.14,0.00106
2025-03-10T03:21:35.131718,BTCUSDT,1,1,84034.63,0.00112,98082.42,0.00121
2025-03-10T03:21:38.651676,BTCUSDT,1,1,84000.0,0.00013,100660.66,5.6e-05
2025-03-10T03:21:39.432338,BTCUSDT,1,1,84234.49,0.0012,96246.07,0.001
2025-03-10T03:21:43.292366,BTCUSDT,1,1,84000.0,0.00013,101150.5,0.000813
2025-03-10T03:21:44.072024,BTCUSDT,1,1,84301.26,0.00112,95186.01,0.00117
2025-03-10T03:21:44.411607,BTCUSDT,1,1,84541.29,0.00122,99079.57,0.00101
2025-03-10T03:21:47.591527,BTCUSDT,1,1,84000.0,0.00013,101150.5,0.000813
2025-03-10T03:21:47.872831,BTCUSDT,1,1,84354.52,0.00099,96576.65,0.00107
2025-03-10T03:21:54.532021,BTCUSDT,1,1,84000.0,0.00013,100660.66,5.6e-05
2025-03-10T03:21:55.032144,BTCUSDT,1,1,83908.69,0.007349,100660.66,5.6e-05
2025-03-10T03:21:56.311407,BTCUSDT,1,1,84470.02,0.00117,94901.12,0.00109
2025-03-10T03:21:56.652346,BTCUSDT,1,1,84089.86,0.00113,96848.1,0.00086
2025-03-10T03:21:59.691641,BTCUSDT,1,1,84000.0,0.00013,100514.51,7.2e-05
2025-03-10T03:22:04.191565,BTCUSDT,1,1,83908.69,0.007349,99999.94,0.010784
2025-03-10T03:22:04.691644,BTCUSDT,1,1,83887.25,0.00125,100351.87,0.000996
2025-03-10T03:22:05.972129,BTCUSDT,1,1,85481.66,0.00126,95769.82,0.0009
2025-03-10T03:22:10.291703,BTCUSDT,1,1,84360.53,0.00097,94922.04,0.00104
2025-03-10T03:22:13.151953,BTCUSDT,1,1,83885.88,0.001192,100351.87,0.000996
2025-03-10T03:22:14.931944,BTCUSDT,1,1,85409.07,0.00122,94919.85,0.00095
2025-03-10T03:22:15.272263,BTCUSDT,1,1,84182.07,0.00118,94811.9,0.00115
2025-03-10T03:22:18.651576,BTCUSDT,1,1,83908.69,0.007349,100351.87,0.000996
2025-03-10T03:22:19.931664,BTCUSDT,1,1,85523.79,0.00112,95355.91,0.00113
2025-03-10T03:22:25.431755,BTCUSDT,1,1,84206.61,0.001,97458.64,0.00123
2025-03-10T03:22:27.953356,BTCUSDT,1,1,84000.0,0.00013,100351.87,0.000996
2025-03-10T03:22:28.451599,BTCUSDT,1,1,83908.69,0.007349,100514.51,7.2e-05
2025-03-10T03:22:30.033197,BTCUSDT,3,2,89248.5,0.00112,91051.5,0.001098
2025-03-10T03:22:30.090723,BTCUSDT,1,1,84301.54,0.00105,96843.13,0.00112
2025-03-10T03:22:30.551235,BTCUSDT,2,1,86597.74,0.001155,92881.64,0.001077
2025-03-10T03:22:31.070840,BTCUSDT,1,1,84874.44,0.001178,95696.05,0.001045
2025-03-10T03:22:33.693971,BTCUSDT,3,2,89248.5,0.00224,91051.5,0.002196
2025-03-10T03:22:34.110839,BTCUSDT,1,1,84301.54,0.00105,99090.86,0.010784
2025-03-10T03:22:34.211400,BTCUSDT,2,3,86597.74,0.00231,92881.64,0.002154
2025-03-10T03:22:34.390669,BTCUSDT,1,1,84987.47,0.00134,95431.85,0.00088
2025-03-10T03:22:34.731203,BTCUSDT,1,1,84874.44,0.002356,95696.05,0.00209
2025-03-10T03:22:37.151985,BTCUSDT,3,2,89248.5,0.00336,91051.5,0.003294
2025-03-10T03:22:37.671745,BTCUSDT,2,2,86597.74,0.003465,92881.64,0.003231
2025-03-10T03:22:38.191457,BTCUSDT,2,2,85126.05,0.00137,95409.6,0.00092
2025-03-10T03:22:41.211305,BTCUSDT,1,1,84301.54,0.00105,98863.59,0.010784
2025-03-10T03:22:41.991398,BTCUSDT,1,1,85094.99,0.00106,95731.41,0.00117
2025-03-10T03:22:44.871181,BTCUSDT,1,1,84301.54,0.00105,98693.33,0.00085
2025-03-10T03:22:46.651077,BTCUSDT,1,1,85379.82,0.00119,94643.79,0.00122
2025-03-10T03:22:54.331860,BTCUSDT,1,1,84272.31,0.007349,98636.32,0.010784
2025-03-10T03:22:55.111134,BTCUSDT,1,1,84815.63,0.00109,97797.26,0.00101
2025-03-10T03:22:58.917343,BTCUSDT,1,1,84995.3,0.00095,94697.49,0.0012
2025-03-10T03:23:06.791319,BTCUSDT,1,1,84454.12,0.002669,98636.32,0.010784
2025-03-10T03:23:08.571106,BTCUSDT,1,1,85262.63,0.0011,95341.3,0.00114
2025-03-10T03:23:12.871334,BTCUSDT,1,1,84859.47,0.00127,95428.06,0.00092
2025-03-10T03:23:20.034454,BTCUSDT,1,1,84454.12,0.002669,98636.32,0.010784
2025-03-10T03:23:29.331436,BTCUSDT,1,1,84454.12,0.002669,98836.64,0.00084
2025-03-10T03:23:30.610772,BTCUSDT,1,1,84931.47,0.00125,95025.09,0.00103
2025-03-10T03:23:30.951431,BTCUSDT,1,1,85145.32,0.00138,96405.9,0.00111
2025-03-10T03:23:33.471431,BTCUSDT,1,1,84494.62,0.000808,98636.32,0.010784
2025-03-10T03:23:35.255528,BTCUSDT,1,1,84626.85,0.00113,95428.27,0.00091
2025-03-10T03:23:39.071366,BTCUSDT,1,1,84696.21,0.00132,94737.42,0.00098
2025-03-10T03:23:45.911513,BTCUSDT,1,1,84454.12,0.002669,98863.59,0.010784
2025-03-10T03:23:46.694791,BTCUSDT,1,1,84903.2,0.00103,95282.29,0.00114
2025-03-10T03:23:49.711608,BTCUSDT,1,1,84454.12,0.002669,98636.32,0.010784
2025-03-10T03:23:50.490993,BTCUSDT,1,1,85126.16,0.00118,95090.26,0.00095
2025-03-10T03:23:53.010780,BTCUSDT,1,1,84454.12,0.002669,98636.32,0.010784
2025-03-10T03:23:54.291251,BTCUSDT,1,1,84666.1,0.00137,95337.67,0.0011
2025-03-10T03:24:10.270734,BTCUSDT,1,1,84426.44,0.00107,98607.99,0.00084
2025-03-10T03:24:12.031128,BTCUSDT,1,1,85531.11,0.00116,97053.58,0.0009
2025-03-10T03:24:15.070504,BTCUSDT,1,1,84406.6,0.00142,98636.32,0.010784
2025-03-10T03:24:16.330782,BTCUSDT,1,1,85476.01,0.00136,96977.1,0.00087
2025-03-10T03:24:19.710258,BTCUSDT,1,1,84406.6,0.00142,98863.59,0.010784
2025-03-10T03:24:20.491103,BTCUSDT,1,1,85263.92,0.00103,96256.31,0.00124
2025-03-10T03:24:20.731210,BTCUSDT,4,3,80810.0,80.0,84817.74,0.007341
2025-03-10T03:24:20.810638,BTCUSDT,4,1,81877.11,0.0005,84272.31,0.007341
2025-03-10T03:24:21.810436,BTCUSDT,4,1,81867.94,0.0005,85600.0,0.009489
2025-03-10T03:24:24.730222,BTCUSDT,4,1,81818.55,0.0005,81982.36,0.0005
2025-03-10T03:24:25.730217,BTCUSDT,4,1,78750.0,0.015132,89769.03,6.8e-05
2025-03-10T03:24:25.810288,BTCUSDT,4,1,81820.38,0.0005,81984.19,0.0005
2025-03-10T03:24:26.731070,BTCUSDT,4,1,78750.0,0.015132,89769.03,6.8e-05
2025-03-10T03:24:26.810197,BTCUSDT,4,1,81821.49,0.0005,81985.3,0.0005
2025-03-10T03:24:26.970880,BTCUSDT,4,1,78750.0,0.015132,89769.03,6.8e-05
2025-03-10T03:24:27.731098,BTCUSDT,4,1,81822.16,0.0005,81985.98,0.0005
2025-03-10T03:24:28.651224,BTCUSDT,1,1,79078.33,0.00107,87952.17,0.00106
2025-03-10T03:24:29.011142,BTCUSDT,1,1,79054.96,0.00128,87965.59,0.00093
2025-03-10T03:24:57.730352,BTCUSDT,4,1,78818.01,0.007349,88547.44,0.00123
2025-03-10T03:25:02.730904,BTCUSDT,4,1,78818.01,0.007349,88239.95,0.00113
2025-03-10T03:25:39.910694,BTCUSDT,4,1,81856.33,0.0005,86219.84,0.00106
2025-03-10T03:25:42.769737,BTCUSDT,4,1,78818.01,0.007349,88800.0,0.009489
2025-03-10T03:25:49.769965,BTCUSDT,4,1,78818.01,0.007349,89000.0,0.009489
2025-03-10T03:26:03.730099,BTCUSDT,4,1,78818.01,0.007349,89000.0,0.009489
2025-03-10T03:27:14.851063,BTCUSDT,4,1,81811.45,0.0005,89000.0,0.009489
2025-03-10T03:27:16.809232,BTCUSDT,4,1,81801.69,0.0005,87374.85,0.00114
2025-03-10T03:27:46.709568,BTCUSDT,4,1,78750.0,0.015132,88489.71,0.00132
2025-03-10T03:27:54.729554,BTCUSDT,4,1,78750.0,0.015132,88881.7,0.00105
2025-03-10T03:27:55.730090,BTCUSDT,4,1,78750.0,0.015132,89013.8,0.00093
2025-03-10T03:28:29.809283,BTCUSDT,4,1,81830.69,0.0005,88811.94,0.00106
2025-03-10T03:28:35.729410,BTCUSDT,4,1,78750.0,0.015132,86497.59,0.00131
2025-03-10T03:28:45.895241,BTCUSDT,4,1,81815.31,0.0005,87603.25,0.00125
2025-03-10T03:29:23.327891,BTCUSDT,3,1,78691.27,0.00145,88800.0,0.009489
2025-03-10T03:29:24.729560,BTCUSDT,4,1,81810.68,0.0005,81974.47,0.0005
2025-03-10T03:29:24.889149,BTCUSDT,4,1,78750.0,0.015132,88625.63,0.00122
2025-03-10T03:29:25.728108,BTCUSDT,4,1,81808.48,0.0005,81972.26,0.0005
2025-03-10T03:29:26.728216,BTCUSDT,4,1,78750.0,0.015132,88625.63,0.00122
2025-03-10T03:29:26.809176,BTCUSDT,4,1,81807.14,0.0005,81970.92,0.0005
2025-03-10T03:29:27.728727,BTCUSDT,4,1,78750.0,0.015132,88658.59,0.000803
2025-03-10T03:29:27.807868,BTCUSDT,4,1,81799.63,0.0005,81963.4,0.0005
2025-03-10T03:29:27.948426,BTCUSDT,4,1,78750.0,0.015132,88658.59,0.000803
2025-03-10T03:29:28.728137,BTCUSDT,4,1,81785.82,0.0005,81949.56,0.0005
2025-03-10T03:29:29.747720,BTCUSDT,4,1,78750.0,0.015132,88625.63,0.00122
2025-03-10T03:29:29.828907,BTCUSDT,4,1,81777.44,0.0005,81941.17,0.0005
2025-03-10T03:29:30.828996,BTCUSDT,4,1,78750.0,0.015132,88625.63,0.00122
2025-03-10T03:29:30.908081,BTCUSDT,4,1,81772.37,0.0005,81936.08,0.0005
2025-03-10T03:29:31.069285,BTCUSDT,4,1,78750.0,0.015132,88625.63,0.00122
2025-03-10T03:29:31.888122,BTCUSDT,4,1,81769.28,0.0005,81932.99,0.0005
2025-03-10T03:29:32.747934,BTCUSDT,4,1,78750.0,0.015132,89019.59,0.00098
2025-03-10T03:29:32.828866,BTCUSDT,4,1,81769.6,0.0005,81933.31,0.0005
2025-03-10T03:29:32.987760,BTCUSDT,4,1,78750.0,0.015132,87260.18,0.0013
2025-03-10T03:29:33.768704,BTCUSDT,4,1,81770.06,0.0005,81933.77,0.0005
2025-03-10T03:29:34.747823,BTCUSDT,4,1,78750.0,0.015132,88600.0,0.009489
2025-03-10T03:29:34.827941,BTCUSDT,4,1,81773.23,0.0005,81936.95,0.0005
2025-03-10T03:29:35.788544,BTCUSDT,4,1,78750.0,0.015132,88600.0,0.009489
2025-03-10T03:29:35.868305,BTCUSDT,4,1,81775.16,0.0005,81938.88,0.0005
2025-03-10T03:29:36.028713,BTCUSDT,4,1,78750.0,0.015132,88600.0,0.009489
2025-03-10T03:29:36.787984,BTCUSDT,4,1,81776.33,0.0005,81940.05,0.0005
2025-03-10T03:29:37.947601,BTCUSDT,4,1,78750.0,0.015132,88800.0,0.009489
2025-03-10T03:29:38.028289,BTCUSDT,4,1,81777.03,0.0005,81940.76,0.0005
2025-03-10T03:29:38.728231,BTCUSDT,4,1,78750.0,0.015132,88658.59,0.000803
2025-03-10T03:29:38.807855,BTCUSDT,4,1,81777.46,0.0005,81941.19,0.0005
2025-03-10T03:29:39.748380,BTCUSDT,4,1,78750.0,0.015132,88658.59,0.000803
2025-03-10T03:29:39.828332,BTCUSDT,4,1,81777.72,0.0005,81941.45,0.0005
2025-03-10T03:29:39.989768,BTCUSDT,4,1,78750.0,0.015132,88658.59,0.000803
2025-03-10T03:29:40.728457,BTCUSDT,4,1,81777.88,0.0005,81941.61,0.0005
2025-03-10T03:29:41.727893,BTCUSDT,3,1,78691.27,0.00145,89000.0,0.009489
2025-03-10T03:29:41.808656,BTCUSDT,4,1,81775.12,0.0005,81938.84,0.0005
2025-03-10T03:29:42.728557,BTCUSDT,4,1,78750.0,0.015132,88800.0,0.009489
2025-03-10T03:29:42.809517,BTCUSDT,4,1,81773.44,0.0005,81937.16,0.0005
2025-03-10T03:29:42.969152,BTCUSDT,4,1,78750.0,0.015132,88105.53,0.00105
2025-03-10T03:29:43.733323,BTCUSDT,4,1,81772.42,0.0005,81936.14,0.0005
2025-03-10T03:29:44.748737,BTCUSDT,4,1,78750.0,0.015132,88658.59,0.000803
2025-03-10T03:29:44.853787,BTCUSDT,4,1,81771.8,0.0005,81935.52,0.0005
2025-03-10T03:29:44.988002,BTCUSDT,4,1,78750.0,0.015132,88658.59,0.000803
2025-03-10T03:29:45.148754,BTCUSDT,1,1,81838.76,81.57983,88800.0,0.009489
2025-03-10T03:29:45.767769,BTCUSDT,4,1,81771.43,0.0005,81935.14,0.0005
2025-03-10T03:29:46.829115,BTCUSDT,4,1,78750.0,0.015132,89000.0,0.009489
2025-03-10T03:29:46.908769,BTCUSDT,4,1,81768.72,0.0005,81932.42,0.0005
2025-03-10T03:29:47.747542,BTCUSDT,4,1,78750.0,0.015132,88658.59,0.000803
2025-03-10T03:29:47.828478,BTCUSDT,4,1,81771.04,0.0005,81934.76,0.0005
2025-03-10T03:29:47.988152,BTCUSDT,4,1,78750.0,0.015132,88658.59,0.000803
2025-03-10T03:29:48.747698,BTCUSDT,4,1,81772.45,0.0005,81936.17,0.0005
2025-03-10T03:29:49.788507,BTCUSDT,4,2,78750.0,0.015132,88658.59,0.000803
2025-03-10T03:29:49.873801,BTCUSDT,4,1,81773.31,0.0005,81937.03,0.0005
2025-03-10T03:29:50.752465,BTCUSDT,4,1,78750.0,0.015132,88974.0,0.0011
2025-03-10T03:29:50.828408,BTCUSDT,4,1,81769.86,0.0005,81933.57,0.0005
2025-03-10T03:29:50.988248,BTCUSDT,4,1,78750.0,0.015132,89000.0,0.009489
2025-03-10T03:29:51.748798,BTCUSDT,4,1,81767.76,0.0005,81931.47,0.0005
2025-03-10T03:29:52.748496,BTCUSDT,4,1,78750.0,0.015132,88658.59,0.000803
2025-03-10T03:29:52.833907,BTCUSDT,4,1,81766.49,0.0005,81930.2,0.0005
2025-03-10T03:29:53.728645,BTCUSDT,4,1,78750.0,0.015132,88658.59,0.000803
2025-03-10T03:29:53.808113,BTCUSDT,4,1,81768.97,0.0005,81932.68,0.0005
2025-03-10T03:29:54.933611,BTCUSDT,4,1,78750.0,0.015132,88658.59,0.000803
2025-03-10T03:29:55.008072,BTCUSDT,4,1,81770.9,0.0005,81934.61,0.0005
2025-03-10T03:29:55.167533,BTCUSDT,4,1,78750.0,0.015132,88658.59,0.000803
2025-03-10T03:29:55.727730,BTCUSDT,4,1,81773.26,0.0005,81936.98,0.0005
2025-03-10T03:29:56.727651,BTCUSDT,4,1,78750.0,0.015132,88658.59,0.000803
2025-03-10T03:29:56.808297,BTCUSDT,4,1,81774.69,0.0005,81938.41,0.0005
2025-03-10T03:29:57.728088,BTCUSDT,4,1,78750.0,0.015132,88658.59,0.000803
2025-03-10T03:29:57.807406,BTCUSDT,4,1,81774.03,0.0005,81937.75,0.0005
2025-03-10T03:29:57.968142,BTCUSDT,4,1,78750.0,0.015132,88658.59,0.000803
2025-03-10T03:29:58.728535,BTCUSDT,4,1,81772.22,0.0005,81935.93,0.0005
2025-03-10T03:29:59.728895,BTCUSDT,4,1,78750.0,0.015132,88800.0,0.009489
2025-03-10T03:29:59.807769,BTCUSDT,4,1,81771.12,0.0005,81934.83,0.0005
2025-03-10T03:30:00.734173,BTCUSDT,4,1,78750.0,0.015132,88800.0,0.009489
2025-03-10T03:30:00.808558,BTCUSDT,4,1,81769.48,0.0005,81933.19,0.0005
2025-03-10T03:30:00.969977,BTCUSDT,4,1,78750.0,0.015132,88800.0,0.009489
2025-03-10T03:30:01.728628,BTCUSDT,4,1,81765.89,0.0005,81929.59,0.0005
2025-03-10T03:30:02.731891,BTCUSDT,4,1,78750.0,0.015132,88658.59,0.000803
2025-03-10T03:30:02.810797,BTCUSDT,4,1,81767.96,0.0005,81931.67,0.0005
2025-03-10T03:30:03.728591,BTCUSDT,4,1,78750.0,0.015132,88658.59,0.000803
2025-03-10T03:30:03.807731,BTCUSDT,4,1,81769.22,0.0005,81932.93,0.0005
2025-03-10T03:30:03.947792,BTCUSDT,4,1,78750.0,0.015132,88658.59,0.000803
2025-03-10T03:30:04.728425,BTCUSDT,4,1,81769.98,0.0005,81933.7,0.0005
2025-03-10T03:30:05.728080,BTCUSDT,4,1,78750.0,0.015132,88800.0,0.009489
2025-03-10T03:30:05.809155,BTCUSDT,4,1,81766.2,0.0005,81929.91,0.0005
2025-03-10T03:30:06.728507,BTCUSDT,4,1,78750.0,0.015132,88658.59,0.000803
2025-03-10T03:30:06.808169,BTCUSDT,4,1,81767.29,0.0005,81930.99,0.0005
2025-03-10T03:30:06.973497,BTCUSDT,4,1,78750.0,0.015132,88658.59,0.000803
2025-03-10T03:30:07.727417,BTCUSDT,4,1,81767.98,0.0005,81931.69,0.0005
2025-03-10T03:30:08.727897,BTCUSDT,4,1,78750.0,0.015132,88769.68,0.0011
2025-03-10T03:30:08.808053,BTCUSDT,4,1,81769.43,0.0005,81933.14,0.0005
2025-03-10T03:30:09.728281,BTCUSDT,4,1,78750.0,0.015132,89000.0,0.009489
2025-03-10T03:30:09.808165,BTCUSDT,4,1,81772.0,0.0005,81935.72,0.0005
2025-03-10T03:30:09.948324,BTCUSDT,4,1,78750.0,0.015132,88800.0,0.009489
2025-03-10T03:30:10.728683,BTCUSDT,4,1,81773.56,0.0005,81937.28,0.0005
2025-03-10T03:30:11.727803,BTCUSDT,4,1,78750.0,0.015132,88658.59,0.000803
2025-03-10T03:30:11.808940,BTCUSDT,4,1,81766.07,0.0005,81929.77,0.0005
2025-03-10T03:30:12.788503,BTCUSDT,4,1,78750.0,0.015132,88769.68,0.0011
2025-03-10T03:30:12.893231,BTCUSDT,4,1,81761.52,0.0005,81925.22,0.0005
2025-03-10T03:30:13.028660,BTCUSDT,4,1,78750.0,0.015132,88769.68,0.0011
2025-03-10T03:30:13.829447,BTCUSDT,4,1,81758.77,0.0005,81922.46,0.0005
2025-03-10T03:30:14.729832,BTCUSDT,4,1,78750.0,0.015132,88636.52,0.00122
2025-03-10T03:30:14.808510,BTCUSDT,4,1,81757.1,0.0005,81920.78,0.0005
2025-03-10T03:30:15.887569,BTCUSDT,4,1,78750.0,0.015132,88636.52,0.00122
2025-03-10T03:30:15.967647,BTCUSDT,4,1,81756.08,0.0005,81919.77,0.0005
2025-03-10T03:30:16.108383,BTCUSDT,4,1,78750.0,0.015132,88636.52,0.00122
2025-03-10T03:30:16.728252,BTCUSDT,4,1,81751.23,0.0005,81914.9,0.0005
2025-03-10T03:30:17.728410,BTCUSDT,4,1,78750.0,0.015132,88769.68,0.0011
2025-03-10T03:30:17.808158,BTCUSDT,4,1,81750.43,0.0005,81914.11,0.0005
2025-03-10T03:30:18.728546,BTCUSDT,4,1,78750.0,0.015132,88636.52,0.00122
2025-03-10T03:30:18.808110,BTCUSDT,4,1,81753.6,0.0005,81917.28,0.0005
2025-03-10T03:30:18.987674,BTCUSDT,4,1,78750.0,0.015132,88636.52,0.00122
2025-03-10T03:30:19.747533,BTCUSDT,4,1,81760.97,0.0005,81924.66,0.0005
2025-03-10T03:30:20.728703,BTCUSDT,4,1,78750.0,0.015132,88636.52,0.00122
2025-03-10T03:30:20.807692,BTCUSDT,4,1,81767.15,0.0005,81930.85,0.0005
2025-03-10T03:30:21.728176,BTCUSDT,4,1,78750.0,0.015132,88769.68,0.0011
2025-03-10T03:30:21.808567,BTCUSDT,4,1,81770.89,0.0005,81934.61,0.0005
2025-03-10T03:30:21.968053,BTCUSDT,4,1,78750.0,0.015132,88800.0,0.009489
2025-03-10T03:30:22.728488,BTCUSDT,4,1,81773.16,0.0005,81936.88,0.0005
2025-03-10T03:30:23.747661,BTCUSDT,4,1,78750.0,0.015132,88658.59,0.000803
2025-03-10T03:30:23.828614,BTCUSDT,4,1,81777.94,0.0005,81941.67,0.0005
2025-03-10T03:30:23.987485,BTCUSDT,4,1,78750.0,0.015132,88658.59,0.000803
2025-03-10T03:30:24.747965,BTCUSDT,4,1,81782.5,0.0005,81946.24,0.0005
2025-03-10T03:30:25.807280,BTCUSDT,4,2,78750.0,0.015132,88769.68,0.0011
2025-03-10T03:30:25.897401,BTCUSDT,4,1,81785.27,0.0005,81949.01,0.0005
2025-03-10T03:30:26.748166,BTCUSDT,4,1,78750.0,0.015132,89000.0,0.009489
2025-03-10T03:30:26.828492,BTCUSDT,4,1,81786.94,0.0005,81950.69,0.0005
2025-03-10T03:30:27.727527,BTCUSDT,4,1,78750.0,0.015132,88769.68,0.0011
2025-03-10T03:30:27.807236,BTCUSDT,4,1,81787.96,0.0005,81951.71,0.0005
2025-03-10T03:30:27.968018,BTCUSDT,4,1,78750.0,0.015132,88769.68,0.0011
2025-03-10T03:30:28.848811,BTCUSDT,4,1,81788.58,0.0005,81952.33,0.0005
2025-03-10T03:30:29.747854,BTCUSDT,4,1,78750.0,0.015132,88769.68,0.0011
2025-03-10T03:30:29.828923,BTCUSDT,4,1,81788.95,0.0005,81952.7,0.0005
2025-03-10T03:30:29.988204,BTCUSDT,4,1,78750.0,0.015132,88795.93,0.00128
2025-03-10T03:30:30.729231,BTCUSDT,4,1,81796.17,0.0005,81959.94,0.0005
2025-03-10T03:30:31.728028,BTCUSDT,4,1,78750.0,0.015132,86528.51,0.00127
2025-03-10T03:30:31.808012,BTCUSDT,4,1,81802.44,0.0005,81966.22,0.0005
2025-03-10T03:30:32.748259,BTCUSDT,4,1,78750.0,0.015132,88740.51,0.00122
2025-03-10T03:30:32.827450,BTCUSDT,4,1,81806.87,0.0005,81970.66,0.0005
2025-03-10T03:30:32.968496,BTCUSDT,4,1,78750.0,0.015132,88740.51,0.00122
2025-03-10T03:30:33.730289,BTCUSDT,4,1,81810.56,0.0005,81974.35,0.0005
2025-03-10T03:30:34.727963,BTCUSDT,4,1,78750.0,0.015132,88740.51,0.00122
2025-03-10T03:30:34.827966,BTCUSDT,4,1,81812.79,0.0005,81976.59,0.0005
2025-03-10T03:30:35.748908,BTCUSDT,4,1,78750.0,0.015132,88795.93,0.00128
2025-03-10T03:30:35.827570,BTCUSDT,4,1,81817.91,0.0005,81981.71,0.0005
2025-03-10T03:30:35.988190,BTCUSDT,4,1,78750.0,0.015132,88795.93,0.00128
2025-03-10T03:30:36.727361,BTCUSDT,4,1,81819.19,0.0005,81983.0,0.0005
2025-03-10T03:30:37.728023,BTCUSDT,3,1,78691.27,0.00145,88740.51,0.00122
2025-03-10T03:30:37.807604,BTCUSDT,4,1,81819.96,0.0005,81983.77,0.0005
2025-03-10T03:30:38.749236,BTCUSDT,4,1,78750.0,0.015132,88740.51,0.00122
2025-03-10T03:30:38.827846,BTCUSDT,4,1,81816.39,0.0005,81980.2,0.0005
2025-03-10T03:30:38.987255,BTCUSDT,4,1,78750.0,0.015132,88740.51,0.00122
2025-03-10T03:30:39.848427,BTCUSDT,4,1,81814.22,0.0005,81978.03,0.0005
2025-03-10T03:30:40.767850,BTCUSDT,4,1,78750.0,0.015132,88800.0,0.009489
2025-03-10T03:30:40.850070,BTCUSDT,4,1,81815.86,0.0005,81979.67,0.0005
2025-03-10T03:30:41.767661,BTCUSDT,4,1,78750.0,0.015132,88795.93,0.00128
2025-03-10T03:30:41.848112,BTCUSDT,4,1,81816.86,0.0005,81980.66,0.0005
2025-03-10T03:30:42.007901,BTCUSDT,4,1,78750.0,0.015132,88795.93,0.00128
2025-03-10T03:30:42.787772,BTCUSDT,4,1,81817.46,0.0005,81981.27,0.0005
2025-03-10T03:30:43.848150,BTCUSDT,4,1,78750.0,0.015132,88795.93,0.00128
2025-03-10T03:30:43.927528,BTCUSDT,4,1,81817.83,0.0005,81981.63,0.0005
2025-03-10T03:30:44.867443,BTCUSDT,4,1,78750.0,0.015132,88800.0,0.009489
2025-03-10T03:30:44.948207,BTCUSDT,4,1,81818.05,0.0005,81981.86,0.0005
2025-03-10T03:30:45.107754,BTCUSDT,4,1,78750.0,0.015132,88800.0,0.009489
2025-03-10T03:30:45.727484,BTCUSDT,4,1,81818.18,0.0005,81981.99,0.0005
2025-03-10T03:30:46.727484,BTCUSDT,4,1,78750.0,0.015132,88795.93,0.00128
2025-03-10T03:30:46.808030,BTCUSDT,4,1,81813.62,0.0005,81977.42,0.0005
2025-03-10T03:30:47.729971,BTCUSDT,4,1,78750.0,0.015132,88795.93,0.00128
2025-03-10T03:30:47.809661,BTCUSDT,4,1,81799.7,0.0005,81963.47,0.0005
2025-03-10T03:30:48.728260,BTCUSDT,4,1,78750.0,0.015132,88800.0,0.009489
2025-03-10T03:30:48.807243,BTCUSDT,4,1,81790.51,0.0005,81954.26,0.0005
2025-03-10T03:30:48.947949,BTCUSDT,4,1,78750.0,0.015132,88800.0,0.009489
2025-03-10T03:30:49.727318,BTCUSDT,4,1,81784.94,0.0005,81948.68,0.0005
2025-03-10T03:30:50.727586,BTCUSDT,4,1,78750.0,0.015132,88795.93,0.00128
2025-03-10T03:30:50.808117,BTCUSDT,4,1,81781.56,0.0005,81945.29,0.0005
2025-03-10T03:30:51.728035,BTCUSDT,4,1,78750.0,0.015132,88795.93,0.00128
2025-03-10T03:30:51.808104,BTCUSDT,4,1,81783.08,0.0005,81946.82,0.0005
2025-03-10T03:30:51.947723,BTCUSDT,4,1,78750.0,0.015132,88795.93,0.00128
2025-03-10T03:30:52.727775,BTCUSDT,4,1,81787.48,0.0005,81951.23,0.0005
2025-03-10T03:30:53.728638,BTCUSDT,4,1,78750.0,0.015132,88868.5,0.00124
2025-03-10T03:30:53.948162,BTCUSDT,4,1,81798.18,0.0005,81961.95,0.0005
2025-03-10T03:30:54.108181,BTCUSDT,4,1,78750.0,0.015132,88868.5,0.00124
2025-03-10T03:30:54.748014,BTCUSDT,4,1,81809.24,0.0005,81973.03,0.0005
2025-03-10T03:30:55.728109,BTCUSDT,4,1,78750.0,0.015132,88795.93,0.00128
2025-03-10T03:30:55.808124,BTCUSDT,4,1,81817.5,0.0005,81981.3,0.0005
2025-03-10T03:30:56.887608,BTCUSDT,4,1,78750.0,0.015132,88795.93,0.00128
2025-03-10T03:30:56.987136,BTCUSDT,4,1,81822.5,0.0005,81986.32,0.0005
2025-03-10T03:30:57.128317,BTCUSDT,4,1,78750.0,0.015132,88795.93,0.00128
2025-03-10T03:30:57.735541,BTCUSDT,4,1,81825.54,0.0005,81989.36,0.0005
2025-03-10T03:30:58.727600,BTCUSDT,4,1,78750.0,0.015132,88800.0,0.009489
2025-03-10T03:30:58.807242,BTCUSDT,4,1,81839.11,0.0005,82002.96,0.0005
2025-03-10T03:30:59.887174,BTCUSDT,4,1,78750.0,0.015132,88795.93,0.00128
2025-03-10T03:30:59.968535,BTCUSDT,4,1,81846.61,0.0005,82010.48,0.0005
2025-03-10T03:31:00.128336,BTCUSDT,4,1,78750.0,0.015132,88795.93,0.00128
2025-03-10T03:31:00.728445,BTCUSDT,4,1,81856.99,0.0005,82020.87,0.0005
2025-03-10T03:31:01.727990,BTCUSDT,4,1,78750.0,0.015132,88795.93,0.00128
2025-03-10T03:31:01.807805,BTCUSDT,4,1,81863.39,0.0005,82027.29,0.0005
2025-03-10T03:31:02.728590,BTCUSDT,4,1,78750.0,0.015132,88800.0,0.009489
2025-03-10T03:31:02.807366,BTCUSDT,4,1,81867.28,0.0005,82031.19,0.0005
2025-03-10T03:31:03.748152,BTCUSDT,4,1,78750.0,0.015132,88868.5,0.00124
2025-03-10T03:31:03.827699,BTCUSDT,4,1,81869.64,0.0005,82033.55,0.0005
2025-03-10T03:31:03.990650,BTCUSDT,4,1,78750.0,0.015132,88800.0,0.009489
2025-03-10T03:31:04.727629,BTCUSDT,4,1,81872.82,0.0005,82036.74,0.0005
2025-03-10T03:31:05.727906,BTCUSDT,4,1,78750.0,0.015132,88795.93,0.00128
2025-03-10T03:31:05.827452,BTCUSDT,4,1,81878.54,0.0005,82042.46,0.0005
2025-03-10T03:31:06.727563,BTCUSDT,4,1,78750.0,0.015132,88800.0,0.009489
2025-03-10T03:31:06.807097,BTCUSDT,4,1,81880.74,0.0005,82044.67,0.0005
2025-03-10T03:31:06.947419,BTCUSDT,4,1,78750.0,0.015132,88800.0,0.009489
2025-03-10T03:31:07.728914,BTCUSDT,4,1,81884.25,0.0005,82048.19,0.0005
2025-03-10T03:31:08.727069,BTCUSDT,4,1,78750.0,0.015132,88800.0,0.009489
2025-03-10T03:31:08.807946,BTCUSDT,4,1,81890.35,0.0005,82054.31,0.0005
2025-03-10T03:31:09.727249,BTCUSDT,4,1,78750.0,0.015132,88751.75,0.00128
2025-03-10T03:31:09.806914,BTCUSDT,4,1,81894.05,0.0005,82058.01,0.0005
2025-03-10T03:31:09.967977,BTCUSDT,4,1,78750.0,0.015132,88751.75,0.00128
2025-03-10T03:31:10.728313,BTCUSDT,4,1,81897.96,0.0005,82061.93,0.0005
2025-03-10T03:31:11.727539,BTCUSDT,4,1,78750.0,0.015132,88800.0,0.009489
2025-03-10T03:31:11.827384,BTCUSDT,4,1,81903.43,0.0005,82067.4,0.0005
2025-03-10T03:31:12.707551,BTCUSDT,4,1,78750.0,0.015132,89000.0,0.009489
2025-03-10T03:31:12.788109,BTCUSDT,4,1,81910.68,0.0005,82074.67,0.0005
2025-03-10T03:31:12.947352,BTCUSDT,4,1,78750.0,0.015132,88800.0,0.009489
2025-03-10T03:31:13.747723,BTCUSDT,4,1,81914.9,0.0005,82078.9,0.0005
2025-03-10T03:31:14.727857,BTCUSDT,4,1,78750.0,0.015132,88751.75,0.00128
2025-03-10T03:31:14.808218,BTCUSDT,4,1,81917.46,0.0005,82081.46,0.0005
2025-03-10T03:31:15.728615,BTCUSDT,4,2,78750.0,0.015132,88751.75,0.00128
2025-03-10T03:31:15.807321,BTCUSDT,4,1,81924.33,0.0005,82088.36,0.0005
2025-03-10T03:31:15.967504,BTCUSDT,4,1,78750.0,0.015132,88795.93,0.00128
2025-03-10T03:31:16.728108,BTCUSDT,4,1,81929.89,0.0005,82093.93,0.0005
2025-03-10T03:31:17.727764,BTCUSDT,4,1,78750.0,0.015132,88800.0,0.009489
2025-03-10T03:31:17.830067,BTCUSDT,4,1,81935.76,0.0005,82099.8,0.0005
2025-03-10T03:31:17.967526,BTCUSDT,4,1,78750.0,0.015132,88795.93,0.00128
2025-03-10T03:31:18.766986,BTCUSDT,4,1,81934.94,0.0005,82098.98,0.0005
2025-03-10T03:31:19.727481,BTCUSDT,4,1,78750.0,0.015132,88751.75,0.00128
2025-03-10T03:31:19.807949,BTCUSDT,4,1,81933.62,0.0005,82097.66,0.0005
2025-03-10T03:31:20.727288,BTCUSDT,4,1,78750.0,0.015132,88795.93,0.00128
2025-03-10T03:31:20.808255,BTCUSDT,4,1,81932.17,0.0005,82096.2,0.0005
2025-03-10T03:31:21.727480,BTCUSDT,4,1,78750.0,0.015132,89000.0,0.009489
2025-03-10T03:31:21.807646,BTCUSDT,4,1,81931.58,0.0005,82095.62,0.0005
2025-03-10T03:31:21.947939,BTCUSDT,4,1,78750.0,0.015132,89000.0,0.009489
2025-03-10T03:31:22.747179,BTCUSDT,4,1,81931.23,0.0005,82095.26,0.0005
2025-03-10T03:31:23.727976,BTCUSDT,4,1,78750.0,0.015132,88658.59,0.000803
2025-03-10T03:31:23.808250,BTCUSDT,4,1,81931.88,0.0005,82095.91,0.0005
2025-03-10T03:31:24.747583,BTCUSDT,4,1,78750.0,0.015132,88658.59,0.000803
2025-03-10T03:31:24.827848,BTCUSDT,4,1,81935.61,0.0005,82099.65,0.0005
2025-03-10T03:31:24.992191,BTCUSDT,4,1,78750.0,0.015132,88658.59,0.000803
2025-03-10T03:31:25.828069,BTCUSDT,4,1,81937.87,0.0005,82101.92,0.0005
2025-03-10T03:31:26.728842,BTCUSDT,4,1,78750.0,0.015132,88795.93,0.00128
2025-03-10T03:31:26.827974,BTCUSDT,4,1,81936.03,0.0005,82100.07,0.0005
2025-03-10T03:31:27.728760,BTCUSDT,4,1,78750.0,0.015132,88658.59,0.000803
2025-03-10T03:31:27.810304,BTCUSDT,4,1,81932.37,0.0005,82096.41,0.0005
2025-03-10T03:31:27.967180,BTCUSDT,4,1,78750.0,0.015132,88658.59,0.000803
2025-03-10T03:31:28.730801,BTCUSDT,4,1,81926.55,0.0005,82090.57,0.0005
2025-03-10T03:31:29.707101,BTCUSDT,4,1,78750.0,0.015132,88658.59,0.000803
2025-03-10T03:31:29.806875,BTCUSDT,4,1,81916.95,0.0005,82080.96,0.0005
2025-03-10T03:31:30.727337,BTCUSDT,3,1,78691.27,0.00145,88795.93,0.00128
2025-03-10T03:31:30.807292,BTCUSDT,4,1,81917.17,0.0005,82081.18,0.0005
2025-03-10T03:31:30.947839,BTCUSDT,4,1,78750.0,0.015132,88795.93,0.00128
2025-03-10T03:31:31.867640,BTCUSDT,4,1,81917.31,0.0005,82081.31,0.0005
2025-03-10T03:31:32.726927,BTCUSDT,4,1,78750.0,0.015132,88658.59,0.000803
2025-03-10T03:31:32.807458,BTCUSDT,4,1,81919.73,0.0005,82083.74,0.0005
2025-03-10T03:31:33.727658,BTCUSDT,4,1,78750.0,0.015132,88658.59,0.000803
2025-03-10T03:31:33.807688,BTCUSDT,4,1,81920.39,0.0005,82084.4,0.0005
2025-03-10T03:31:33.968665,BTCUSDT,4,1,78750.0,0.015132,88658.59,0.000803
2025-03-10T03:31:34.726753,BTCUSDT,4,1,81917.66,0.0005,82081.67,0.0005
2025-03-10T03:31:35.847837,BTCUSDT,4,1,78750.0,0.015132,88751.75,0.00128
2025-03-10T03:31:35.927505,BTCUSDT,4,1,81916.01,0.0005,82080.02,0.0005
2025-03-10T03:31:36.087193,BTCUSDT,4,1,78750.0,0.015132,88751.75,0.00128
2025-03-10T03:31:36.726661,BTCUSDT,4,1,81914.25,0.0005,82078.25,0.0005
2025-03-10T03:31:37.727177,BTCUSDT,4,1,78750.0,0.015132,88658.59,0.000803
2025-03-10T03:31:37.807101,BTCUSDT,4,1,81913.18,0.0005,82077.18,0.0005
2025-03-10T03:31:38.727986,BTCUSDT,4,1,78750.0,0.015132,88658.59,0.000803
2025-03-10T03:31:38.806866,BTCUSDT,4,1,81912.54,0.0005,82076.53,0.0005
2025-03-10T03:31:39.726829,BTCUSDT,4,1,78750.0,0.015132,88658.59,0.000803
2025-03-10T03:31:39.807773,BTCUSDT,4,1,81915.55,0.0005,82079.55,0.0005
2025-03-10T03:31:39.967388,BTCUSDT,4,1,78750.0,0.015132,88800.0,0.009489
2025-03-10T03:31:40.747910,BTCUSDT,4,1,81918.4,0.0005,82082.41,0.0005
2025-03-10T03:31:41.847674,BTCUSDT,4,1,78750.0,0.015132,88962.5,0.00134
2025-03-10T03:31:41.927660,BTCUSDT,4,1,81920.14,0.0005,82084.15,0.0005
2025-03-10T03:31:42.087664,BTCUSDT,4,1,78750.0,0.015132,88801.04,0.0013
2025-03-10T03:31:42.827710,BTCUSDT,4,1,81921.19,0.0005,82085.2,0.0005
2025-03-10T03:31:43.728722,BTCUSDT,4,1,78750.0,0.015132,88658.59,0.000803
2025-03-10T03:31:43.807027,BTCUSDT,4,1,81921.83,0.0005,82085.84,0.0005
2025-03-10T03:31:44.747594,BTCUSDT,4,1,78750.0,0.015132,88800.0,0.009489
2025-03-10T03:31:44.827721,BTCUSDT,4,1,81919.2,0.0005,82083.21,0.0005
2025-03-10T03:31:44.987230,BTCUSDT,4,1,78750.0,0.015132,88801.04,0.0013
2025-03-10T03:31:45.748852,BTCUSDT,4,1,81917.6,0.0005,82081.61,0.0005
2025-03-10T03:31:46.727519,BTCUSDT,4,1,78750.0,0.015132,88962.5,0.00134
2025-03-10T03:31:46.807567,BTCUSDT,4,1,81916.64,0.0005,82080.64,0.0005
2025-03-10T03:31:47.727141,BTCUSDT,4,1,78750.0,0.015132,88658.59,0.000803
2025-03-10T03:31:47.806942,BTCUSDT,4,1,81916.05,0.0005,82080.05,0.0005
2025-03-10T03:31:48.746851,BTCUSDT,4,1,78750.0,0.015132,88658.59,0.000803
2025-03-10T03:31:48.827500,BTCUSDT,4,1,81915.69,0.0005,82079.7,0.0005
2025-03-10T03:31:48.927254,BTCUSDT,4,1,78750.0,0.015132,88658.59,0.000803
2025-03-10T03:31:49.727663,BTCUSDT,4,1,81910.47,0.0005,82074.46,0.0005
2025-03-10T03:31:50.747335,BTCUSDT,4,1,78750.0,0.015132,88962.5,0.00134
2025-03-10T03:31:50.827546,BTCUSDT,4,1,81909.46,0.0005,82073.45,0.0005
2025-03-10T03:31:50.987490,BTCUSDT,4,1,78750.0,0.015132,88962.5,0.00134
2025-03-10T03:31:51.786959,BTCUSDT,4,1,81908.85,0.0005,82072.84,0.0005
2025-03-10T03:31:52.707652,BTCUSDT,4,1,78750.0,0.015132,88658.59,0.000803
2025-03-10T03:31:52.807238,BTCUSDT,4,1,81908.48,0.0005,82072.47,0.0005
2025-03-10T03:31:53.727871,BTCUSDT,4,1,78750.0,0.015132,88658.59,0.000803
2025-03-10T03:31:53.807117,BTCUSDT,4,1,81908.26,0.0005,82072.25,0.0005
2025-03-10T03:31:54.726895,BTCUSDT,4,1,78750.0,0.015132,88658.59,0.000803
2025-03-10T03:31:54.806889,BTCUSDT,4,1,81908.12,0.0005,82072.11,0.0005
2025-03-10T03:31:54.947162,BTCUSDT,4,1,78750.0,0.015132,88800.0,0.009489
2025-03-10T03:31:55.728241,BTCUSDT,4,1,81908.04,0.0005,82072.03,0.0005
2025-03-10T03:31:56.746792,BTCUSDT,4,1,78750.0,0.015132,88658.59,0.000803
2025-03-10T03:31:56.827303,BTCUSDT,4,1,81907.99,0.0005,82071.98,0.0005
2025-03-10T03:31:56.987425,BTCUSDT,4,1,78750.0,0.015132,88658.59,0.000803
2025-03-10T03:31:57.747319,BTCUSDT,4,1,81908.82,0.0005,82072.81,0.0005
2025-03-10T03:31:58.766908,BTCUSDT,4,1,78750.0,0.015132,88600.0,0.009489
2025-03-10T03:31:58.848035,BTCUSDT,4,1,81909.33,0.0005,82073.32,0.0005
2025-03-10T03:31:59.707186,BTCUSDT,4,1,78750.0,0.015132,88658.59,0.000803
2025-03-10T03:31:59.807368,BTCUSDT,4,1,81909.62,0.0005,82073.61,0.0005
2025-03-10T03:32:00.729158,BTCUSDT,4,1,78750.0,0.015132,88800.0,0.009489
2025-03-10T03:32:00.827289,BTCUSDT,4,1,81908.67,0.0005,82072.66,0.0005
2025-03-10T03:32:00.986846,BTCUSDT,4,1,78750.0,0.015132,88800.0,0.009489
2025-03-10T03:32:01.727143,BTCUSDT,4,1,81904.54,0.0005,82068.52,0.0005
2025-03-10T03:32:02.748214,BTCUSDT,4,1,78750.0,0.015132,88658.59,0.000803
2025-03-10T03:32:02.827833,BTCUSDT,4,1,81899.66,0.0005,82063.63,0.0005
2025-03-10T03:32:02.986390,BTCUSDT,4,1,78750.0,0.015132,88658.59,0.000803
2025-03-10T03:32:03.748330,BTCUSDT,4,1,81896.69,0.0005,82060.66,0.0005
2025-03-10T03:32:04.807511,BTCUSDT,4,1,78750.0,0.015132,88800.0,0.009489
2025-03-10T03:32:04.887549,BTCUSDT,4,1,81894.9,0.0005,82058.86,0.0005
2025-03-10T03:32:05.726738,BTCUSDT,4,1,78750.0,0.015132,88644.71,0.00112
2025-03-10T03:32:05.807985,BTCUSDT,4,1,81903.07,0.0005,82067.05,0.0005
2025-03-10T03:32:06.766844,BTCUSDT,4,1,78750.0,0.015132,88644.71,0.00112
2025-03-10T03:32:06.848078,BTCUSDT,4,1,81908.03,0.0005,82072.02,0.0005
2025-03-10T03:32:07.027439,BTCUSDT,4,1,78750.0,0.015132,88644.71,0.00112
2025-03-10T03:32:07.727188,BTCUSDT,4,1,81911.03,0.0005,82075.03,0.0005
2025-03-10T03:32:08.727566,BTCUSDT,4,1,78750.0,0.015132,88658.59,0.000803
2025-03-10T03:32:08.807175,BTCUSDT,4,1,81911.43,0.0005,82075.43,0.0005
2025-03-10T03:32:09.707362,BTCUSDT,4,2,78750.0,0.015132,88800.0,0.009489
2025-03-10T03:32:09.807247,BTCUSDT,4,1,81909.95,0.0005,82073.94,0.0005
2025-03-10T03:32:09.947489,BTCUSDT,4,1,78750.0,0.015132,89000.0,0.009489
2025-03-10T03:32:10.746661,BTCUSDT,4,1,81900.86,0.0005,82064.83,0.0005
2025-03-10T03:32:11.728044,BTCUSDT,4,1,78750.0,0.015132,88644.71,0.00112
2025-03-10T03:32:11.806514,BTCUSDT,4,1,81899.47,0.0005,82063.44,0.0005
2025-03-10T03:32:12.706574,BTCUSDT,4,1,78750.0,0.015132,88644.71,0.00112
2025-03-10T03:32:12.807230,BTCUSDT,4,1,81898.63,0.0005,82062.6,0.0005
2025-03-10T03:32:12.947086,BTCUSDT,4,1,78750.0,0.015132,88644.71,0.00112
2025-03-10T03:32:13.729065,BTCUSDT,4,1,81898.12,0.0005,82062.09,0.0005
2025-03-10T03:32:14.782580,BTCUSDT,4,1,78750.0,0.015132,88800.0,0.009489
2025-03-10T03:32:14.864709,BTCUSDT,4,1,81897.81,0.0005,82061.78,0.0005
2025-03-10T03:32:15.013869,BTCUSDT,4,1,78750.0,0.015132,89000.0,0.009489
2025-03-10T03:32:15.747643,BTCUSDT,4,1,81897.63,0.0005,82061.59,0.0005
2025-03-10T03:32:16.726918,BTCUSDT,4,1,78750.0,0.015132,88658.59,0.000803
2025-03-10T03:32:16.807162,BTCUSDT,4,1,81897.9,0.0005,82061.87,0.0005
2025-03-10T03:32:17.747235,BTCUSDT,4,1,78750.0,0.015132,88658.59,0.000803
2025-03-10T03:32:17.826837,BTCUSDT,4,1,81908.08,0.0005,82072.07,0.0005
2025-03-10T03:32:17.986862,BTCUSDT,4,2,78750.0,0.015132,88658.59,0.000803
2025-03-10T03:32:18.787459,BTCUSDT,4,1,81918.31,0.0005,82082.32,0.0005
2025-03-10T03:32:19.727050,BTCUSDT,4,1,78750.0,0.015132,89000.0,0.009489
2025-03-10T03:32:19.807547,BTCUSDT,4,1,81924.51,0.0005,82088.53,0.0005
2025-03-10T03:32:20.707266,BTCUSDT,4,1,78750.0,0.015132,88658.59,0.000803
2025-03-10T03:32:20.807302,BTCUSDT,4,1,81928.27,0.0005,82092.3,0.0005
2025-03-10T03:32:21.726807,BTCUSDT,4,1,78750.0,0.015132,88658.59,0.000803
2025-03-10T03:32:22.087015,BTCUSDT,4,1,78750.0,0.015132,88658.59,0.000803
2025-03-10T03:32:22.747477,BTCUSDT,4,1,81931.94,0.0005,82095.97,0.0005
2025-03-10T03:32:23.727254,BTCUSDT,4,1,78750.0,0.015132,89000.0,0.009489
2025-03-10T03:32:23.827034,BTCUSDT,3,1,81850.84,0.0005,82096.81,0.0005
2025-03-10T03:32:24.746748,BTCUSDT,4,1,78750.0,0.015132,88800.0,0.009489
2025-03-10T03:32:24.827590,BTCUSDT,4,1,81933.28,0.0005,82097.32,0.0005
2025-03-10T03:32:25.107058,BTCUSDT,4,1,78750.0,0.015132,88310.64,0.001
2025-03-10T03:32:25.727415,BTCUSDT,4,1,81933.95,0.0005,82097.99,0.0005
2025-03-10T03:32:26.727602,BTCUSDT,4,1,78750.0,0.015132,88658.59,0.000803
2025-03-10T03:32:26.807224,BTCUSDT,4,1,81936.5,0.0005,82100.55,0.0005
2025-03-10T03:32:27.747131,BTCUSDT,1,1,78636.2,0.007349,88689.8,0.00099
2025-03-10T03:32:27.827044,BTCUSDT,4,1,81943.66,0.0005,82107.72,0.0005
2025-03-10T03:32:27.967376,BTCUSDT,4,1,78750.0,0.015132,88800.0,0.009489
2025-03-10T03:32:28.746779,BTCUSDT,4,1,81950.13,0.0005,82114.2,0.0005
2025-03-10T03:32:29.706486,BTCUSDT,4,1,78750.0,0.015132,88800.0,0.009489
2025-03-10T03:32:29.807574,BTCUSDT,4,1,81954.05,0.0005,82118.13,0.0005
2025-03-10T03:32:30.847246,BTCUSDT,4,1,78750.0,0.015132,88658.59,0.000803
2025-03-10T03:32:30.926533,BTCUSDT,4,1,81956.43,0.0005,82120.51,0.0005
2025-03-10T03:32:31.087357,BTCUSDT,4,1,78750.0,0.015132,88658.59,0.000803
2025-03-10T03:32:31.727369,BTCUSDT,4,1,81961.01,0.0005,82125.11,0.0005
2025-03-10T03:32:32.746745,BTCUSDT,4,1,78750.0,0.015132,88658.59,0.000803
2025-03-10T03:32:32.827202,BTCUSDT,4,1,81964.37,0.0005,82128.47,0.0005
2025-03-10T03:32:32.987292,BTCUSDT,4,1,78750.0,0.015132,88658.59,0.000803
2025-03-10T03:32:33.827737,BTCUSDT,4,1,81966.4,0.0005,82130.5,0.0005
2025-03-10T03:32:34.707325,BTCUSDT,4,1,78750.0,0.015132,86508.82,0.00126
2025-03-10T03:32:34.807026,BTCUSDT,4,1,81969.27,0.0005,82133.38,0.0005
2025-03-10T03:32:35.726576,BTCUSDT,4,1,78750.0,0.015132,88658.59,0.000803
2025-03-10T03:32:35.827307,BTCUSDT,4,1,81971.01,0.0005,82135.12,0.0005
2025-03-10T03:32:36.727047,BTCUSDT,4,1,78750.0,0.015132,88658.59,0.000803
2025-03-10T03:32:36.806528,BTCUSDT,4,1,81966.48,0.0005,82130.59,0.0005
2025-03-10T03:32:36.966994,BTCUSDT,4,1,78750.0,0.015132,88658.59,0.000803
2025-03-10T03:32:37.747353,BTCUSDT,4,1,81963.33,0.0005,82127.42,0.0005
2025-03-10T03:32:38.847360,BTCUSDT,4,1,78750.0,0.015132,88800.0,0.009489
2025-03-10T03:32:38.926686,BTCUSDT,4,1,81961.41,0.0005,82125.5,0.0005
2025-03-10T03:32:39.087138,BTCUSDT,4,1,78750.0,0.015132,88800.0,0.009489
2025-03-10T03:32:39.846884,BTCUSDT,4,1,81960.25,0.0005,82124.34,0.0005
2025-03-10T03:32:40.747096,BTCUSDT,4,1,78750.0,0.015132,88689.8,0.00099
2025-03-10T03:32:40.826447,BTCUSDT,4,1,81959.54,0.0005,82123.63,0.0005
2025-03-10T03:32:41.726803,BTCUSDT,4,1,78750.0,0.015132,88689.8,0.00099
2025-03-10T03:32:41.806661,BTCUSDT,4,1,81959.12,0.0005,82123.21,0.0005
2025-03-10T03:32:42.727929,BTCUSDT,4,1,78750.0,0.015132,88689.8,0.00099
2025-03-10T03:32:42.827033,BTCUSDT,4,1,81958.86,0.0005,82122.95,0.0005
2025-03-10T03:32:42.967027,BTCUSDT,4,1,78750.0,0.015132,88800.0,0.009489
2025-03-10T03:32:44.106215,BTCUSDT,4,1,81955.22,0.0005,82119.3,0.0005
2025-03-10T03:32:44.272729,BTCUSDT,4,1,78750.0,0.015132,88800.0,0.009489
2025-03-10T03:32:45.766810,BTCUSDT,4,1,81939.54,0.0005,82103.59,0.0005
2025-03-10T03:32:45.926579,BTCUSDT,4,1,78750.0,0.015132,88658.59,0.000803
2025-03-10T03:32:46.767724,BTCUSDT,4,1,81935.95,0.0005,82099.99,0.0005
2025-03-10T03:32:47.746798,BTCUSDT,4,1,78750.0,0.015132,88658.59,0.000803
2025-03-10T03:32:47.826814,BTCUSDT,4,1,81933.15,0.0005,82097.19,0.0005
2025-03-10T03:32:48.727057,BTCUSDT,4,1,78750.0,0.015132,88800.0,0.009489
2025-03-10T03:32:48.806143,BTCUSDT,4,1,81938.65,0.0005,82102.7,0.0005
2025-03-10T03:32:48.947808,BTCUSDT,4,1,78750.0,0.015132,88800.0,0.009489
2025-03-10T03:32:49.766777,BTCUSDT,4,1,81943.56,0.0005,82107.62,0.0005
2025-03-10T03:32:50.726690,BTCUSDT,4,1,78750.0,0.015132,88658.59,0.000803
2025-03-10T03:32:50.807084,BTCUSDT,4,1,81946.53,0.0005,82110.6,0.0005
2025-03-10T03:32:51.727535,BTCUSDT,4,1,78750.0,0.015132,88658.59,0.000803
2025-03-10T03:32:51.826738,BTCUSDT,4,1,81948.34,0.0005,82112.41,0.0005
2025-03-10T03:32:51.966287,BTCUSDT,4,1,78750.0,0.015132,88658.59,0.000803
2025-03-10T03:32:52.727320,BTCUSDT,4,1,81949.43,0.0005,82113.5,0.0005
2025-03-10T03:32:53.727435,BTCUSDT,4,2,78750.0,0.015132,89000.0,0.009489
2025-03-10T03:32:53.806077,BTCUSDT,4,1,81950.1,0.0005,82114.17,0.0005
2025-03-10T03:32:54.726190,BTCUSDT,4,1,78750.0,0.015132,88658.59,0.000803
2025-03-10T03:32:54.806577,BTCUSDT,4,1,81950.5,0.0005,82114.57,0.0005
2025-03-10T03:32:54.946657,BTCUSDT,4,1,78750.0,0.015132,88658.59,0.000803
2025-03-10T03:32:55.726749,BTCUSDT,4,1,81950.74,0.0005,82114.82,0.0005
2025-03-10T03:32:56.806534,BTCUSDT,4,1,78750.0,0.015132,88658.59,0.000803
2025-03-10T03:32:56.886652,BTCUSDT,4,1,81950.89,0.0005,82114.97,0.0005
2025-03-10T03:32:57.047232,BTCUSDT,4,1,78750.0,0.015132,88696.37,0.00111
2025-03-10T03:32:57.899906,BTCUSDT,4,1,81950.98,0.0005,82115.06,0.0005
2025-03-10T03:32:58.727239,BTCUSDT,4,1,78750.0,0.015132,88800.0,0.009489
2025-03-10T03:32:58.806849,BTCUSDT,4,1,81951.04,0.0005,82115.11,0.0005
2025-03-10T03:32:59.787126,BTCUSDT,4,1,78750.0,0.015132,88658.59,0.000803
2025-03-10T03:32:59.866381,BTCUSDT,4,1,81951.07,0.0005,82115.14,0.0005
2025-03-10T03:33:00.026928,BTCUSDT,4,1,78750.0,0.015132,88658.59,0.000803
2025-03-10T03:33:00.726222,BTCUSDT,4,1,81953.7,0.0005,82117.78,0.0005
2025-03-10T03:33:01.766847,BTCUSDT,4,1,78750.0,0.015132,88800.0,0.009489
2025-03-10T03:33:01.848419,BTCUSDT,4,1,81955.29,0.0005,82119.37,0.0005
2025-03-10T03:33:02.726344,BTCUSDT,4,1,78750.0,0.015132,89000.0,0.009489
2025-03-10T03:33:02.806617,BTCUSDT,4,1,81956.26,0.0005,82120.34,0.0005
2025-03-10T03:33:03.706153,BTCUSDT,4,1,78750.0,0.015132,88800.0,0.009489
2025-03-10T03:33:03.806922,BTCUSDT,4,1,81955.21,0.0005,82119.29,0.0005
2025-03-10T03:33:03.947091,BTCUSDT,4,1,78750.0,0.015132,88800.0,0.009489
2025-03-10T03:33:04.726043,BTCUSDT,4,1,81953.6,0.0005,82117.68,0.0005
2025-03-10T03:33:05.727161,BTCUSDT,4,1,78750.0,0.015132,88658.59,0.000803
2025-03-10T03:33:05.807395,BTCUSDT,4,1,81955.51,0.0005,82119.6,0.0005
2025-03-10T03:33:06.747493,BTCUSDT,4,1,78750.0,0.015132,89000.0,0.009489
2025-03-10T03:33:06.826781,BTCUSDT,4,1,81956.67,0.0005,82120.76,0.0005
2025-03-10T03:33:06.987191,BTCUSDT,4,1,78750.0,0.015132,89000.0,0.009489
2025-03-10T03:33:07.726275,BTCUSDT,4,1,81957.37,0.0005,82121.46,0.0005
2025-03-10T03:33:08.706267,BTCUSDT,4,1,78750.0,0.015132,88658.59,0.000803
2025-03-10T03:33:08.807703,BTCUSDT,4,1,81957.8,0.0005,82121.89,0.0005
2025-03-10T03:33:09.727093,BTCUSDT,4,1,78750.0,0.015132,88658.59,0.000803
2025-03-10T03:33:09.806334,BTCUSDT,4,1,81958.06,0.0005,82122.15,0.0005
2025-03-10T03:33:09.967745,BTCUSDT,4,1,78750.0,0.015132,88658.59,0.000803
2025-03-10T03:33:10.766515,BTCUSDT,4,1,81958.22,0.0005,82122.3,0.0005
2025-03-10T03:33:11.746796,BTCUSDT,4,1,78750.0,0.015132,88800.0,0.009489
2025-03-10T03:33:11.826525,BTCUSDT,4,1,81958.31,0.0005,82122.4,0.0005
2025-03-10T03:33:12.726943,BTCUSDT,4,1,78750.0,0.015132,88924.67,0.00118
2025-03-10T03:33:12.807809,BTCUSDT,4,1,81961.78,0.0005,82125.88,0.0005
2025-03-10T03:33:12.946525,BTCUSDT,4,1,78750.0,0.015132,88924.67,0.00118
2025-03-10T03:33:13.786600,BTCUSDT,4,1,81963.89,0.0005,82127.99,0.0005
2025-03-10T03:33:14.866822,BTCUSDT,4,1,78750.0,0.015132,88658.59,0.000803
2025-03-10T03:33:14.945759,BTCUSDT,4,1,81965.16,0.0005,82129.27,0.0005
2025-03-10T03:33:15.107207,BTCUSDT,4,1,78750.0,0.015132,88658.59,0.000803
2025-03-10T03:33:15.727027,BTCUSDT,4,1,81965.94,0.0005,82130.04,0.0005
2025-03-10T03:33:16.727502,BTCUSDT,3,1,78691.27,0.00145,88658.59,0.000803
2025-03-10T03:33:16.807824,BTCUSDT,4,1,81966.41,0.0005,82130.51,0.0005
2025-03-10T03:33:17.742620,BTCUSDT,4,1,78750.0,0.015132,88924.67,0.00118
2025-03-10T03:33:17.808883,BTCUSDT,4,1,81963.28,0.0005,82127.38,0.0005
2025-03-10T03:33:18.726808,BTCUSDT,4,1,78750.0,0.015132,88954.97,0.00112
2025-03-10T03:33:18.808112,BTCUSDT,4,1,81953.53,0.0005,82117.61,0.0005
2025-03-10T03:33:18.946560,BTCUSDT,4,1,78750.0,0.015132,86928.59,0.00111
2025-03-10T03:33:19.727990,BTCUSDT,4,1,81946.53,0.0005,82110.6,0.0005
2025-03-10T03:33:20.726672,BTCUSDT,4,1,78750.0,0.015132,88658.59,0.000803
2025-03-10T03:33:20.807598,BTCUSDT,4,1,81941.78,0.0005,82105.84,0.0005
2025-03-10T03:33:20.886267,BTCUSDT,4,1,78750.0,0.015132,88658.59,0.000803
2025-03-10T03:33:20.986509,BTCUSDT,4,1,81941.78,0.0005,82105.84,0.0005
2025-03-10T03:33:21.746360,BTCUSDT,4,1,78750.0,0.015132,88658.59,0.000803
2025-03-10T03:33:21.826453,BTCUSDT,4,1,81938.9,0.0005,82102.95,0.0005
2025-03-10T03:33:22.746672,BTCUSDT,4,1,78750.0,0.015132,88800.0,0.009489
2025-03-10T03:33:22.846358,BTCUSDT,4,1,81937.15,0.0005,82101.2,0.0005
2025-03-10T03:33:23.786772,BTCUSDT,4,1,78750.0,0.015132,88658.59,0.000803
2025-03-10T03:33:23.866707,BTCUSDT,4,1,81936.09,0.0005,82100.14,0.0005
2025-03-10T03:33:24.026542,BTCUSDT,4,1,78750.0,0.015132,88658.59,0.000803
2025-03-10T03:33:24.746225,BTCUSDT,4,1,81935.45,0.0005,82099.49,0.0005
2025-03-10T03:33:25.726605,BTCUSDT,4,1,78750.0,0.015132,88658.59,0.000803
2025-03-10T03:33:25.805745,BTCUSDT,4,1,81935.06,0.0005,82099.1,0.0005
2025-03-10T03:33:26.766034,BTCUSDT,4,1,78750.0,0.015132,88800.0,0.009489
2025-03-10T03:33:26.847129,BTCUSDT,4,1,81934.82,0.0005,82098.87,0.0005
2025-03-10T03:33:27.008109,BTCUSDT,4,1,78750.0,0.015132,88800.0,0.009489
2025-03-10T03:33:27.726539,BTCUSDT,4,1,81934.68,0.0005,82098.72,0.0005
2025-03-10T03:33:28.726113,BTCUSDT,4,1,78750.0,0.015132,88658.59,0.000803
2025-03-10T03:33:28.806297,BTCUSDT,4,1,81943.06,0.0005,82107.12,0.0005
2025-03-10T03:33:29.726158,BTCUSDT,4,1,78750.0,0.015132,88658.59,0.000803
2025-03-10T03:33:29.806394,BTCUSDT,4,1,81948.15,0.0005,82112.22,0.0005
2025-03-10T03:33:30.766485,BTCUSDT,4,2,78750.0,0.015132,88658.59,0.000803
2025-03-10T03:33:30.846336,BTCUSDT,4,1,81951.23,0.0005,82115.31,0.0005
2025-03-10T03:33:31.006329,BTCUSDT,4,1,78750.0,0.015132,88692.67,0.00132
2025-03-10T03:33:31.726392,BTCUSDT,4,1,81953.11,0.0005,82117.18,0.0005
2025-03-10T03:33:32.766349,BTCUSDT,4,1,78750.0,0.015132,88800.0,0.009489
2025-03-10T03:33:32.849143,BTCUSDT,4,1,81954.24,0.0005,82118.32,0.0005
2025-03-10T03:33:33.006556,BTCUSDT,4,1,78750.0,0.015132,88692.67,0.00132
2025-03-10T03:33:33.766487,BTCUSDT,4,1,81954.93,0.0005,82119.01,0.0005
2025-03-10T03:33:34.826374,BTCUSDT,4,1,78750.0,0.015132,88658.59,0.000803
2025-03-10T03:33:34.906574,BTCUSDT,4,1,81952.41,0.0005,82116.49,0.0005
2025-03-10T03:33:35.767094,BTCUSDT,4,1,78750.0,0.015132,88658.59,0.000803
2025-03-10T03:33:35.845840,BTCUSDT,4,1,81950.14,0.0005,82114.21,0.0005
2025-03-10T03:33:36.005769,BTCUSDT,4,1,78750.0,0.015132,88658.59,0.000803
2025-03-10T03:33:36.850441,BTCUSDT,4,1,81947.85,0.0005,82111.92,0.0005
2025-03-10T03:33:37.966404,BTCUSDT,4,1,78750.0,0.015132,88800.0,0.009489
2025-03-10T03:33:38.045902,BTCUSDT,4,1,81946.46,0.0005,82110.53,0.0005
2025-03-10T03:33:38.747839,BTCUSDT,4,1,78750.0,0.015132,88658.59,0.000803
2025-03-10T03:33:38.826920,BTCUSDT,4,1,81945.62,0.0005,82109.69,0.0005
2025-03-10T03:33:38.987188,BTCUSDT,4,1,78750.0,0.015132,88658.59,0.000803
2025-03-10T03:33:39.752873,BTCUSDT,4,1,81945.11,0.0005,82109.17,0.0005
2025-03-10T03:33:40.726086,BTCUSDT,4,1,78750.0,0.015132,88658.59,0.000803
2025-03-10T03:33:40.807171,BTCUSDT,4,1,81944.8,0.0005,82108.86,0.0005
2025-03-10T03:33:41.746163,BTCUSDT,4,1,78750.0,0.015132,88800.0,0.009489
2025-03-10T03:33:41.826801,BTCUSDT,4,1,81944.61,0.0005,82108.68,0.0005
2025-03-10T03:33:41.987038,BTCUSDT,4,1,78750.0,0.015132,89000.0,0.009489
2025-03-10T03:33:42.726628,BTCUSDT,4,1,81943.16,0.0005,82107.22,0.0005
2025-03-10T03:33:43.726844,BTCUSDT,4,1,78750.0,0.015132,88658.59,0.000803
2025-03-10T03:33:43.806349,BTCUSDT,4,1,81943.94,0.0005,82108.0,0.0005
2025-03-10T03:33:44.706604,BTCUSDT,4,1,78750.0,0.015132,88658.59,0.000803
2025-03-10T03:33:44.805680,BTCUSDT,4,1,81947.81,0.0005,82111.88,0.0005
2025-03-10T03:33:45.745797,BTCUSDT,4,1,78750.0,0.015132,88738.38,0.00122
2025-03-10T03:33:45.826804,BTCUSDT,4,1,81950.16,0.0005,82114.24,0.0005
2025-03-10T03:33:45.986364,BTCUSDT,4,1,78750.0,0.015132,88738.38,0.00122
2025-03-10T03:33:46.785608,BTCUSDT,4,1,81953.21,0.0005,82117.29,0.0005
2025-03-10T03:33:47.727578,BTCUSDT,4,1,78750.0,0.015132,88738.38,0.00122
2025-03-10T03:33:47.805794,BTCUSDT,4,1,81956.7,0.0005,82120.79,0.0005
2025-03-10T03:33:48.827174,BTCUSDT,4,1,78750.0,0.015132,88658.59,0.000803
2025-03-10T03:33:48.905902,BTCUSDT,4,1,81958.83,0.0005,82122.92,0.0005
2025-03-10T03:33:49.046617,BTCUSDT,4,1,78750.0,0.015132,88658.59,0.000803
2025-03-10T03:33:49.726229,BTCUSDT,4,1,81960.23,0.0005,82124.32,0.0005
2025-03-10T03:33:50.726707,BTCUSDT,4,1,78750.0,0.015132,88658.59,0.000803
2025-03-10T03:33:50.806190,BTCUSDT,4,1,81961.33,0.0005,82125.43,0.0005
2025-03-10T03:33:51.766138,BTCUSDT,4,1,78750.0,0.015132,88800.0,0.009489
2025-03-10T03:33:51.847247,BTCUSDT,4,1,81965.85,0.0005,82129.96,0.0005
2025-03-10T03:33:51.986534,BTCUSDT,4,1,78750.0,0.015132,88800.0,0.009489
2025-03-10T03:33:52.745549,BTCUSDT,4,1,81968.59,0.0005,82132.7,0.0005
2025-03-10T03:33:53.786688,BTCUSDT,4,1,78750.0,0.015132,88658.59,0.000803
2025-03-10T03:33:53.866562,BTCUSDT,4,1,81970.6,0.0005,82134.71,0.0005
2025-03-10T03:33:54.025622,BTCUSDT,4,1,78750.0,0.015132,88658.59,0.000803
2025-03-10T03:33:54.733767,BTCUSDT,4,1,81971.81,0.0005,82135.92,0.0005
2025-03-10T03:33:55.726102,BTCUSDT,4,1,78750.0,0.015132,88738.38,0.00122
2025-03-10T03:33:55.806285,BTCUSDT,4,1,81974.9,0.0005,82139.02,0.0005
2025-03-10T03:33:56.725961,BTCUSDT,4,1,78750.0,0.015132,88800.0,0.009489
2025-03-10T03:33:56.806140,BTCUSDT,4,1,81976.78,0.0005,82140.9,0.0005
2025-03-10T03:33:57.726402,BTCUSDT,4,1,78750.0,0.015132,88738.38,0.00122
2025-03-10T03:33:57.806685,BTCUSDT,4,1,81977.3,0.0005,82141.42,0.0005
2025-03-10T03:33:57.947034,BTCUSDT,4,1,78750.0,0.015132,88738.38,0.00122
2025-03-10T03:33:58.726731,BTCUSDT,4,1,81974.24,0.0005,82138.36,0.0005
2025-03-10T03:33:59.726500,BTCUSDT,4,1,78750.0,0.015132,88658.59,0.000803
2025-03-10T03:33:59.806124,BTCUSDT,4,1,81970.62,0.0005,82134.74,0.0005
2025-03-10T03:34:00.762815,BTCUSDT,4,1,78750.0,0.015132,88738.38,0.00122
2025-03-10T03:34:00.826683,BTCUSDT,4,1,81972.36,0.0005,82136.47,0.0005
2025-03-10T03:34:00.987185,BTCUSDT,4,1,78750.0,0.015132,88738.38,0.00122
2025-03-10T03:34:01.726842,BTCUSDT,4,1,81975.17,0.0005,82139.29,0.0005
2025-03-10T03:34:02.726599,BTCUSDT,4,1,78750.0,0.015132,88658.59,0.000803
2025-03-10T03:34:02.806529,BTCUSDT,4,1,81979.56,0.0005,82143.69,0.0005
2025-03-10T03:34:03.725824,BTCUSDT,2,1,78690.95,6.9e-05,88658.59,0.000803
2025-03-10T03:34:03.806116,BTCUSDT,4,1,81982.21,0.0005,82146.35,0.0005
2025-03-10T03:34:03.946482,BTCUSDT,4,1,78750.0,0.015132,88658.59,0.000803
2025-03-10T03:34:04.726053,BTCUSDT,4,1,81983.83,0.0005,82147.97,0.0005
2025-03-10T03:34:05.766586,BTCUSDT,4,1,78750.0,0.015132,88738.38,0.00122
2025-03-10T03:34:05.845812,BTCUSDT,4,1,81987.09,0.0005,82151.23,0.0005
2025-03-10T03:34:05.986012,BTCUSDT,4,1,78750.0,0.015132,88800.0,0.009489
2025-03-10T03:34:06.725824,BTCUSDT,4,1,81997.61,0.0005,82161.78,0.0005
2025-03-10T03:34:07.746928,BTCUSDT,4,1,78750.0,0.015132,88738.38,0.00122
2025-03-10T03:34:07.829166,BTCUSDT,4,1,82003.99,0.0005,82168.17,0.0005
2025-03-10T03:34:08.706771,BTCUSDT,4,1,78750.0,0.015132,88738.38,0.00122
2025-03-10T03:34:08.806606,BTCUSDT,4,1,82007.86,0.0005,82172.05,0.0005
2025-03-10T03:34:09.846214,BTCUSDT,4,1,78750.0,0.015132,88738.38,0.00122
2025-03-10T03:34:09.927051,BTCUSDT,4,1,82010.21,0.0005,82174.4,0.0005
2025-03-10T03:34:10.085568,BTCUSDT,4,1,78750.0,0.015132,88800.0,0.009489
2025-03-10T03:34:10.727161,BTCUSDT,4,1,82011.64,0.0005,82175.83,0.0005
2025-03-10T03:34:11.726444,BTCUSDT,4,1,78750.0,0.015132,88738.38,0.00122
2025-03-10T03:34:11.806463,BTCUSDT,4,1,82012.5,0.0005,82176.7,0.0005
2025-03-10T03:34:12.885703,BTCUSDT,4,1,78750.0,0.015132,88738.38,0.00122
2025-03-10T03:34:12.965662,BTCUSDT,4,1,82013.02,0.0005,82177.22,0.0005
2025-03-10T03:34:13.127405,BTCUSDT,4,1,78750.0,0.015132,88738.38,0.00122
2025-03-10T03:34:13.726086,BTCUSDT,4,1,82013.34,0.0005,82177.54,0.0005
2025-03-10T03:34:14.866386,BTCUSDT,4,1,78750.0,0.015132,88865.66,0.00107
2025-03-10T03:34:14.966617,BTCUSDT,4,1,82014.65,0.0005,82178.86,0.0005
2025-03-10T03:34:15.105587,BTCUSDT,4,1,78750.0,0.015132,88865.66,0.00107
2025-03-10T03:34:15.786086,BTCUSDT,4,2,82015.45,0.0005,82179.65,0.0005
2025-03-10T03:34:16.726136,BTCUSDT,4,1,78750.0,0.015132,88738.38,0.00122
2025-03-10T03:34:16.806284,BTCUSDT,4,1,82017.54,0.0005,82181.75,0.0005
2025-03-10T03:34:17.726360,BTCUSDT,4,1,78750.0,0.015132,88738.38,0.00122
2025-03-10T03:34:17.805360,BTCUSDT,4,1,82021.86,0.0005,82186.08,0.0005
2025-03-10T03:34:18.726256,BTCUSDT,4,1,78750.0,0.015132,88738.38,0.00122
2025-03-10T03:34:18.805699,BTCUSDT,4,1,82024.48,0.0005,82188.7,0.0005
2025-03-10T03:34:18.966202,BTCUSDT,4,1,78750.0,0.015132,88738.38,0.00122
2025-03-10T03:34:19.748458,BTCUSDT,4,1,82026.07,0.0005,82190.29,0.0005
2025-03-10T03:34:20.706531,BTCUSDT,4,1,78750.0,0.015132,88800.0,0.009489
2025-03-10T03:34:20.806190,BTCUSDT,4,1,82027.03,0.0005,82191.26,0.0005
2025-03-10T03:34:21.726632,BTCUSDT,4,1,78750.0,0.015132,88800.0,0.009489
2025-03-10T03:34:21.806731,BTCUSDT,4,1,82026.42,0.0005,82190.64,0.0005
2025-03-10T03:34:21.966447,BTCUSDT,4,1,78750.0,0.015132,88800.0,0.009489
2025-03-10T03:34:22.726129,BTCUSDT,4,1,82026.05,0.0005,82190.27,0.0005
2025-03-10T03:34:23.725859,BTCUSDT,4,1,78750.0,0.015132,88865.66,0.00107
2025-03-10T03:34:23.806261,BTCUSDT,4,1,82025.82,0.0005,82190.05,0.0005
2025-03-10T03:34:24.726287,BTCUSDT,4,1,78750.0,0.015132,89000.0,0.009489
2025-03-10T03:34:24.805283,BTCUSDT,4,1,82025.69,0.0005,82189.91,0.0005
2025-03-10T03:34:24.945654,BTCUSDT,4,1,78750.0,0.015132,88865.66,0.00107
2025-03-10T03:34:25.748165,BTCUSDT,4,1,82025.6,0.0005,82189.83,0.0005
2025-03-10T03:34:26.726226,BTCUSDT,4,1,78750.0,0.015132,88681.94,0.00132
2025-03-10T03:34:26.805518,BTCUSDT,4,1,82025.55,0.0005,82189.78,0.0005
2025-03-10T03:34:27.706163,BTCUSDT,4,1,78750.0,0.015132,88681.94,0.00132
2025-03-10T03:34:27.805840,BTCUSDT,4,1,82025.52,0.0005,82189.75,0.0005
2025-03-10T03:34:27.945614,BTCUSDT,4,1,78750.0,0.015132,88681.94,0.00132
2025-03-10T03:34:28.847560,BTCUSDT,4,1,82025.5,0.0005,82189.73,0.0005
2025-03-10T03:34:29.725575,BTCUSDT,4,1,78750.0,0.015132,88865.66,0.00107
2025-03-10T03:34:29.805592,BTCUSDT,4,1,82027.67,0.0005,82191.9,0.0005
2025-03-10T03:34:30.725454,BTCUSDT,4,1,78750.0,0.015132,88658.59,0.000803
2025-03-10T03:34:30.805996,BTCUSDT,4,1,82028.99,0.0005,82193.22,0.0005
2025-03-10T03:34:30.966055,BTCUSDT,4,1,78750.0,0.015132,88658.59,0.000803
2025-03-10T03:34:31.727898,BTCUSDT,4,1,82031.11,0.0005,82195.35,0.0005
2025-03-10T03:34:32.725726,BTCUSDT,4,1,78750.0,0.015132,88658.59,0.000803
2025-03-10T03:34:32.805756,BTCUSDT,4,1,82033.76,0.0005,82198.0,0.0005
2025-03-10T03:34:33.726874,BTCUSDT,4,1,78750.0,0.015132,88865.66,0.00107
2025-03-10T03:34:33.807479,BTCUSDT,4,1,82032.66,0.0005,82196.9,0.0005
2025-03-10T03:34:33.959888,BTCUSDT,4,1,78750.0,0.015132,89000.0,0.009489
2025-03-10T03:34:34.726204,BTCUSDT,4,1,82030.96,0.0005,82195.2,0.0005
2025-03-10T03:34:35.735564,BTCUSDT,4,1,78750.0,0.015132,88658.59,0.000803
2025-03-10T03:34:35.805366,BTCUSDT,4,1,82029.46,0.0005,82193.69,0.0005
2025-03-10T03:34:36.725529,BTCUSDT,4,1,78818.01,0.007349,88658.59,0.000803
2025-03-10T03:34:36.805683,BTCUSDT,4,1,82028.54,0.0005,82192.77,0.0005
2025-03-10T03:34:36.965440,BTCUSDT,4,1,78818.01,0.007349,88658.59,0.000803
2025-03-10T03:34:37.725663,BTCUSDT,4,1,82027.99,0.0005,82192.22,0.0005
2025-03-10T03:34:38.726321,BTCUSDT,4,1,78818.01,0.007349,88658.59,0.000803
2025-03-10T03:34:38.806250,BTCUSDT,4,1,82027.65,0.0005,82191.88,0.0005
2025-03-10T03:34:39.745657,BTCUSDT,4,1,78818.01,0.007349,88800.0,0.009489
2025-03-10T03:34:39.826642,BTCUSDT,4,1,82027.45,0.0005,82191.68,0.0005
2025-03-10T03:34:39.985243,BTCUSDT,4,1,78818.01,0.007349,88800.0,0.009489
2025-03-10T03:34:40.746325,BTCUSDT,4,1,82027.32,0.0005,82191.55,0.0005
2025-03-10T03:34:41.005438,BTCUSDT,4,1,78818.01,0.007349,88658.59,0.000803
2025-03-10T03:34:41.145608,BTCUSDT,4,1,82019.13,0.0005,82183.34,0.0005
2025-03-10T03:34:41.726213,BTCUSDT,4,1,78818.01,0.007349,88600.0,0.009489
2025-03-10T03:34:42.725782,BTCUSDT,4,1,82008.61,0.0005,82172.8,0.0005
2025-03-10T03:34:42.885537,BTCUSDT,4,1,78818.01,0.007349,88600.0,0.009489
2025-03-10T03:34:43.726026,BTCUSDT,4,1,82002.48,0.0005,82166.65,0.0005
2025-03-10T03:34:44.746804,BTCUSDT,4,1,78818.01,0.007349,88658.59,0.000803
2025-03-10T03:34:44.829697,BTCUSDT,4,1,81994.66,0.0005,82158.82,0.0005
2025-03-10T03:34:44.966295,BTCUSDT,4,1,78818.01,0.007349,88800.0,0.009489
2025-03-10T03:34:45.726343,BTCUSDT,4,1,81989.92,0.0005,82154.07,0.0005
2025-03-10T03:34:46.765850,BTCUSDT,4,1,78818.01,0.007349,88658.59,0.000803
2025-03-10T03:34:46.846572,BTCUSDT,4,1,81987.05,0.0005,82151.19,0.0005
2025-03-10T03:34:47.828367,BTCUSDT,4,1,78818.01,0.007349,88658.59,0.000803
2025-03-10T03:34:47.997453,BTCUSDT,4,1,81985.3,0.0005,82149.45,0.0005
2025-03-10T03:34:48.445665,BTCUSDT,4,1,78818.01,0.007349,88658.59,0.000803
2025-03-10T03:34:48.784545,BTCUSDT,4,1,81984.25,0.0005,82148.39,0.0005
2025-03-10T03:34:49.785879,BTCUSDT,4,1,78818.01,0.007349,89000.0,0.009489
2025-03-10T03:34:49.869114,BTCUSDT,4,1,81983.61,0.0005,82147.75,0.0005
2025-03-10T03:34:50.765460,BTCUSDT,4,1,78818.01,0.007349,88800.0,0.009489
2025-03-10T03:34:50.846297,BTCUSDT,4,1,81983.22,0.0005,82147.36,0.0005
2025-03-10T03:34:51.006290,BTCUSDT,4,1,78818.01,0.007349,88718.37,0.0011
2025-03-10T03:34:51.886431,BTCUSDT,4,1,81982.98,0.0005,82147.12,0.0005
2025-03-10T03:34:52.766114,BTCUSDT,4,1,78818.01,0.007349,88718.37,0.0011
2025-03-10T03:34:52.854400,BTCUSDT,4,1,81976.36,0.0005,82140.49,0.0005
2025-03-10T03:34:53.725470,BTCUSDT,4,1,78818.01,0.007349,88800.0,0.009489
2025-03-10T03:34:53.805295,BTCUSDT,4,1,81969.37,0.0005,82133.48,0.0005
2025-03-10T03:34:54.725980,BTCUSDT,4,1,78818.01,0.007349,88800.0,0.009489
2025-03-10T03:34:54.805313,BTCUSDT,4,1,81963.0,0.0005,82127.1,0.0005
2025-03-10T03:34:55.085304,BTCUSDT,4,1,78818.01,0.007349,88800.0,0.009489
2025-03-10T03:34:55.725441,BTCUSDT,4,1,81959.14,0.0005,82123.23,0.0005
2025-03-10T03:34:56.725912,BTCUSDT,4,1,78818.01,0.007349,88800.0,0.009489
2025-03-10T03:34:56.805694,BTCUSDT,4,1,81956.8,0.0005,82120.88,0.0005
2025-03-10T03:34:57.725903,BTCUSDT,4,1,78818.01,0.007349,88800.0,0.009489
2025-03-10T03:34:57.805553,BTCUSDT,4,1,81957.35,0.0005,82121.44,0.0005
2025-03-10T03:34:57.946174,BTCUSDT,4,1,78818.01,0.007349,88800.0,0.009489
2025-03-10T03:34:58.726247,BTCUSDT,4,1,81959.52,0.0005,82123.61,0.0005
2025-03-10T03:34:59.726360,BTCUSDT,4,1,78818.01,0.007349,89000.0,0.009489
2025-03-10T03:34:59.805823,BTCUSDT,4,1,81960.83,0.0005,82124.92,0.0005
2025-03-10T03:35:00.725953,BTCUSDT,4,1,78818.01,0.007349,88616.71,0.0013
2025-03-10T03:35:00.806745,BTCUSDT,4,1,81958.0,0.0005,82122.09,0.0005
2025-03-10T03:35:00.966796,BTCUSDT,4,1,78818.01,0.007349,88616.71,0.0013
2025-03-10T03:35:01.726339,BTCUSDT,4,1,81954.23,0.0005,82118.31,0.0005
2025-03-10T03:35:02.725705,BTCUSDT,4,1,78818.01,0.007349,88658.59,0.000803
2025-03-10T03:35:02.826945,BTCUSDT,4,1,81950.26,0.0005,82114.33,0.0005
2025-03-10T03:35:02.987365,BTCUSDT,4,1,78818.01,0.007349,88658.59,0.000803
2025-03-10T03:35:03.746104,BTCUSDT,4,1,81952.15,0.0005,82116.22,0.0005
2025-03-10T03:35:04.725282,BTCUSDT,4,1,78818.01,0.007349,88658.59,0.000803
2025-03-10T03:35:04.806269,BTCUSDT,4,1,81956.36,0.0005,82120.44,0.0005
2025-03-10T03:35:05.707619,BTCUSDT,4,1,78818.01,0.007349,88658.59,0.000803
2025-03-10T03:35:05.785416,BTCUSDT,4,1,81959.33,0.0005,82123.42,0.0005
2025-03-10T03:35:06.806039,BTCUSDT,4,1,78818.01,0.007349,88800.0,0.009489
2025-03-10T03:35:06.885116,BTCUSDT,4,1,81961.13,0.0005,82125.23,0.0005
2025-03-10T03:35:07.025225,BTCUSDT,4,1,78818.01,0.007349,88800.0,0.009489
2025-03-10T03:35:07.745678,BTCUSDT,4,1,81962.22,0.0005,82126.32,0.0005
2025-03-10T03:35:08.705500,BTCUSDT,4,1,78818.01,0.007349,88658.59,0.000803
2025-03-10T03:35:08.805689,BTCUSDT,4,1,81962.89,0.0005,82126.98,0.0005
2025-03-10T03:35:09.745809,BTCUSDT,4,1,78818.01,0.007349,88658.59,0.000803
2025-03-10T03:35:09.825021,BTCUSDT,4,1,81961.61,0.0005,82125.71,0.0005
2025-03-10T03:35:09.985878,BTCUSDT,4,1,78818.01,0.007349,88658.59,0.000803
2025-03-10T03:35:10.725467,BTCUSDT,4,1,81962.67,0.0005,82126.77,0.0005
2025-03-10T03:35:11.725305,BTCUSDT,4,1,78818.01,0.007349,89000.0,0.009489
2025-03-10T03:35:11.805329,BTCUSDT,4,1,81963.32,0.0005,82127.42,0.0005
2025-03-10T03:35:12.746859,BTCUSDT,4,1,78818.01,0.007349,88658.59,0.000803
2025-03-10T03:35:12.825067,BTCUSDT,4,1,81963.71,0.0005,82127.81,0.0005
2025-03-10T03:35:12.965332,BTCUSDT,4,1,78818.01,0.007349,88658.59,0.000803
2025-03-10T03:35:13.725467,BTCUSDT,4,1,81963.94,0.0005,82128.04,0.0005
2025-03-10T03:35:14.745954,BTCUSDT,4,1,78818.01,0.007349,88800.0,0.009489
2025-03-10T03:35:14.826053,BTCUSDT,4,1,81964.09,0.0005,82128.19,0.0005
2025-03-10T03:35:14.985280,BTCUSDT,4,1,78818.01,0.007349,88800.0,0.009489
2025-03-10T03:35:15.725352,BTCUSDT,4,1,81972.33,0.0005,82136.44,0.0005
2025-03-10T03:35:16.786423,BTCUSDT,4,1,78818.01,0.007349,88800.0,0.009489
2025-03-10T03:35:16.865322,BTCUSDT,4,1,81977.52,0.0005,82141.65,0.0005
2025-03-10T03:35:17.725101,BTCUSDT,4,1,78818.01,0.007349,88658.59,0.000803
2025-03-10T03:35:17.805657,BTCUSDT,4,1,81980.67,0.0005,82144.8,0.0005
2025-03-10T03:35:18.726617,BTCUSDT,4,1,78818.01,0.007349,88658.59,0.000803
2025-03-10T03:35:18.805183,BTCUSDT,4,1,81982.58,0.0005,82146.72,0.0005
2025-03-10T03:35:18.945640,BTCUSDT,4,1,78818.01,0.007349,88658.59,0.000803
2025-03-10T03:35:19.725877,BTCUSDT,4,1,81983.74,0.0005,82147.88,0.0005
2025-03-10T03:35:20.725731,BTCUSDT,4,1,78818.01,0.007349,88800.0,0.009489
2025-03-10T03:35:20.946322,BTCUSDT,4,1,81984.44,0.0005,82148.58,0.0005
2025-03-10T03:35:21.110255,BTCUSDT,4,1,78818.01,0.007349,88800.0,0.009489
2025-03-10T03:35:21.726134,BTCUSDT,4,1,81985.67,0.0005,82149.81,0.0005
2025-03-10T03:35:22.726012,BTCUSDT,4,1,78818.01,0.007349,88658.59,0.000803
2025-03-10T03:35:22.805799,BTCUSDT,4,1,81992.28,0.0005,82156.44,0.0005
2025-03-10T03:35:23.725622,BTCUSDT,4,1,78818.01,0.007349,88658.59,0.000803
2025-03-10T03:35:23.806187,BTCUSDT,4,1,81996.29,0.0005,82160.45,0.0005
2025-03-10T03:35:24.726598,BTCUSDT,4,1,78818.01,0.007349,88800.0,0.009489
2025-03-10T03:35:24.805340,BTCUSDT,4,1,81998.99,0.0005,82163.16,0.0005
2025-03-10T03:35:24.965324,BTCUSDT,4,1,78818.01,0.007349,89000.0,0.009489
2025-03-10T03:35:25.745090,BTCUSDT,4,1,82006.03,0.0005,82170.22,0.0005
2025-03-10T03:35:26.725737,BTCUSDT,4,1,78818.01,0.007349,88658.59,0.000803
2025-03-10T03:35:26.806034,BTCUSDT,4,1,82011.82,0.0005,82176.02,0.0005
2025-03-10T03:35:27.746003,BTCUSDT,4,1,78818.01,0.007349,88658.59,0.000803
2025-03-10T03:35:27.825308,BTCUSDT,4,1,82015.33,0.0005,82179.54,0.0005
2025-03-10T03:35:27.985487,BTCUSDT,4,1,78818.01,0.007349,88658.59,0.000803
2025-03-10T03:35:28.745081,BTCUSDT,4,1,82013.05,0.0005,82177.24,0.0005
2025-03-10T03:35:29.746523,BTCUSDT,4,1,78818.01,0.007349,89000.0,0.009489
2025-03-10T03:35:29.891162,BTCUSDT,4,1,82011.66,0.0005,82175.85,0.0005
2025-03-10T03:35:30.046809,BTCUSDT,4,1,78818.01,0.007349,89000.0,0.009489
2025-03-10T03:35:30.739336,BTCUSDT,4,1,82013.53,0.0005,82177.73,0.0005
2025-03-10T03:35:31.205450,BTCUSDT,4,1,78818.01,0.007349,88090.44,0.00117
2025-03-10T03:35:31.405445,BTCUSDT,4,2,82005.33,0.0005,82169.52,0.0005
2025-03-10T03:35:31.727218,BTCUSDT,4,2,78818.01,0.007349,88600.0,0.009489
2025-03-10T03:35:32.725478,BTCUSDT,4,2,82007.16,0.0005,82171.34,0.0005
2025-03-10T03:35:32.903608,BTCUSDT,4,2,78818.01,0.007349,88600.0,0.009489
2025-03-10T03:35:33.746112,BTCUSDT,4,2,82007.58,0.0005,82171.76,0.0005
2025-03-10T03:35:33.917727,BTCUSDT,4,2,78818.01,0.007349,88600.0,0.009489
2025-03-10T03:35:34.726497,BTCUSDT,4,2,82007.83,0.0005,82172.02,0.0005
2025-03-10T03:35:34.865437,BTCUSDT,4,2,78818.01,0.007349,88658.59,0.000803
2025-03-10T03:35:35.785058,BTCUSDT,4,2,82007.98,0.0005,82172.17,0.0005
2025-03-10T03:35:35.945562,BTCUSDT,4,2,78818.01,0.007349,88800.0,0.009489
2025-03-10T03:35:36.725698,BTCUSDT,4,2,82008.08,0.0005,82172.26,0.0005
2025-03-10T03:35:36.865994,BTCUSDT,4,2,78818.01,0.007349,88600.0,0.009489
2025-03-10T03:35:37.825607,BTCUSDT,4,2,82008.13,0.0005,82172.32,0.0005
2025-03-10T03:35:37.965815,BTCUSDT,4,2,78818.01,0.007349,88600.0,0.009489
2025-03-10T03:35:38.725338,BTCUSDT,4,2,82008.17,0.0005,82172.35,0.0005
2025-03-10T03:35:38.885473,BTCUSDT,4,2,78818.01,0.007349,88658.59,0.000803
2025-03-10T03:35:39.725212,BTCUSDT,4,2,82008.19,0.0005,82172.38,0.0005
2025-03-10T03:35:39.885595,BTCUSDT,4,2,78818.01,0.007349,88800.0,0.009489
2025-03-10T03:35:39.966956,BTCUSDT,4,2,82008.19,0.0005,82172.38,0.0005
2025-03-10T03:35:40.744899,BTCUSDT,4,2,78818.01,0.007349,88658.59,0.000803
2025-03-10T03:35:40.825722,BTCUSDT,4,2,82008.2,0.0005,82172.39,0.0005
2025-03-10T03:35:40.985340,BTCUSDT,4,2,78818.01,0.007349,88658.59,0.000803
2025-03-10T03:35:41.725347,BTCUSDT,3,2,81920.86,0.0005,82167.05,0.0005
2025-03-10T03:35:42.729950,BTCUSDT,4,2,78818.01,0.007349,88600.0,0.009489
2025-03-10T03:35:42.804796,BTCUSDT,4,2,81998.2,0.0005,82162.37,0.0005
2025-03-10T03:35:42.945567,BTCUSDT,4,2,78818.01,0.007349,88600.0,0.009489
2025-03-10T03:35:43.285739,BTCUSDT,1,1,78636.2,0.007349,88800.0,0.009489
2025-03-10T03:35:43.726480,BTCUSDT,4,2,81995.6,0.0005,82159.76,0.0005
2025-03-10T03:35:43.885019,BTCUSDT,3,2,78691.27,0.00145,88658.59,0.000803
2025-03-10T03:35:43.965350,BTCUSDT,4,2,81995.6,0.0005,82159.76,0.0005
2025-03-10T03:35:44.705729,BTCUSDT,4,2,78750.0,0.015132,88800.0,0.009489
2025-03-10T03:35:44.805932,BTCUSDT,4,2,81994.02,0.0005,82158.18,0.0005
2025-03-10T03:35:45.725255,BTCUSDT,4,2,78750.0,0.015132,88658.59,0.000803
2025-03-10T03:35:45.804819,BTCUSDT,4,1,81993.06,0.0005,82157.22,0.0005
2025-03-10T03:35:45.967435,BTCUSDT,4,2,78750.0,0.015132,88658.59,0.000803
2025-03-10T03:35:46.065680,BTCUSDT,4,2,81993.06,0.0005,82157.22,0.0005
2025-03-10T03:35:46.724917,BTCUSDT,4,2,78750.0,0.015132,88658.59,0.000803
2025-03-10T03:35:46.805502,BTCUSDT,4,2,81992.48,0.0005,82156.64,0.0005
2025-03-10T03:35:47.745651,BTCUSDT,4,2,78750.0,0.015132,88658.59,0.000803
2025-03-10T03:35:47.845645,BTCUSDT,4,2,81992.13,0.0005,82156.29,0.0005
2025-03-10T03:35:47.985637,BTCUSDT,4,2,78750.0,0.015132,88779.81,0.00099
2025-03-10T03:35:48.085939,BTCUSDT,4,2,81992.13,0.0005,82156.29,0.0005
2025-03-10T03:35:48.725431,BTCUSDT,4,2,78750.0,0.015132,88779.81,0.00099
2025-03-10T03:35:48.807083,BTCUSDT,4,2,81992.54,0.0005,82156.69,0.0005
2025-03-10T03:35:49.726750,BTCUSDT,4,2,78750.0,0.015132,88658.59,0.000803
2025-03-10T03:35:49.805109,BTCUSDT,4,2,81995.61,0.0005,82159.77,0.0005
2025-03-10T03:35:49.965653,BTCUSDT,4,2,78750.0,0.015132,88658.59,0.000803
2025-03-10T03:35:50.785209,BTCUSDT,4,2,81997.47,0.0005,82161.64,0.0005
2025-03-10T03:35:50.945515,BTCUSDT,4,2,78750.0,0.015132,88658.59,0.000803
2025-03-10T03:35:51.745793,BTCUSDT,4,2,81998.6,0.0005,82162.77,0.0005
2025-03-10T03:35:51.886048,BTCUSDT,4,2,78818.01,0.007349,88658.59,0.000803
2025-03-10T03:35:52.825842,BTCUSDT,4,2,81999.29,0.0005,82163.46,0.0005
2025-03-10T03:35:52.966069,BTCUSDT,4,2,78818.01,0.007349,88658.59,0.000803
2025-03-10T03:35:53.070217,BTCUSDT,4,2,81999.29,0.0005,82163.46,0.0005
2025-03-10T03:35:53.744757,BTCUSDT,4,2,78818.01,0.007349,86908.04,0.00129
2025-03-10T03:35:53.825720,BTCUSDT,4,2,81999.7,0.0005,82163.88,0.0005
2025-03-10T03:35:53.985638,BTCUSDT,4,2,78818.01,0.007349,88779.81,0.00099
2025-03-10T03:35:54.724919,BTCUSDT,4,2,82001.05,0.0005,82165.23,0.0005
2025-03-10T03:35:55.405064,BTCUSDT,4,2,78818.01,0.007349,88658.59,0.000803
2025-03-10T03:35:55.744968,BTCUSDT,4,2,81996.86,0.0005,82161.02,0.0005
2025-03-10T03:35:56.724577,BTCUSDT,3,2,78750.0,0.015132,88749.17,0.00101
2025-03-10T03:35:56.806923,BTCUSDT,4,2,82006.67,0.0005,82170.85,0.0005
2025-03-10T03:35:56.965700,BTCUSDT,4,2,78818.01,0.007349,88749.17,0.00101
2025-03-10T03:35:57.745386,BTCUSDT,3,2,81932.99,0.0005,82179.21,0.0005
2025-03-10T03:35:57.887345,BTCUSDT,4,2,78818.01,0.007349,88800.0,0.009489
2025-03-10T03:35:58.745882,BTCUSDT,4,3,82020.07,0.0005,82184.28,0.0005
2025-03-10T03:35:58.885940,BTCUSDT,4,2,78818.01,0.007349,88749.17,0.00101
2025-03-10T03:35:58.964857,BTCUSDT,4,1,82020.07,0.0005,82184.28,0.0005
2025-03-10T03:35:59.744632,BTCUSDT,4,2,78818.01,0.007349,88600.0,0.009489
2025-03-10T03:35:59.825102,BTCUSDT,4,2,82023.22,0.0005,82187.44,0.0005
2025-03-10T03:35:59.985215,BTCUSDT,4,2,78818.01,0.007349,88600.0,0.009489
2025-03-10T03:36:00.745336,BTCUSDT,4,2,82025.13,0.0005,82189.35,0.0005
2025-03-10T03:36:01.725426,BTCUSDT,4,2,78818.01,0.007349,88658.59,0.000803
2025-03-10T03:36:01.806748,BTCUSDT,4,2,82028.02,0.0005,82192.25,0.0005
2025-03-10T03:36:01.965844,BTCUSDT,4,2,78818.01,0.007349,88658.59,0.000803
2025-03-10T03:36:02.726073,BTCUSDT,4,2,82029.77,0.0005,82194.0,0.0005
2025-03-10T03:36:02.885888,BTCUSDT,4,2,78818.01,0.007349,88658.59,0.000803
2025-03-10T03:36:03.764632,BTCUSDT,4,2,82023.76,0.0005,82187.98,0.0005
2025-03-10T03:36:03.926039,BTCUSDT,4,2,78818.01,0.007349,88498.52,0.00101
2025-03-10T03:36:04.725478,BTCUSDT,4,2,82014.35,0.0005,82178.55,0.0005
2025-03-10T03:36:04.865357,BTCUSDT,4,2,78818.01,0.007349,88498.52,0.00101
2025-03-10T03:36:04.965792,BTCUSDT,4,2,82014.35,0.0005,82178.55,0.0005
2025-03-10T03:36:05.725096,BTCUSDT,4,2,78818.01,0.007349,88498.52,0.00101
2025-03-10T03:36:05.804988,BTCUSDT,4,2,82008.27,0.0005,82172.46,0.0005
2025-03-10T03:36:06.724980,BTCUSDT,4,2,78818.01,0.007349,88658.59,0.000803
2025-03-10T03:36:06.805879,BTCUSDT,4,2,82002.94,0.0005,82167.12,0.0005
2025-03-10T03:36:06.965282,BTCUSDT,4,2,78818.01,0.007349,88658.59,0.000803
2025-03-10T03:36:07.725788,BTCUSDT,4,3,82006.02,0.0005,82170.2,0.0005
2025-03-10T03:36:07.865002,BTCUSDT,4,2,78818.01,0.007349,88658.59,0.000803
2025-03-10T03:36:07.944850,BTCUSDT,4,2,82006.02,0.0005,82170.2,0.0005
2025-03-10T03:36:08.725249,BTCUSDT,4,2,78818.01,0.007349,88600.0,0.009489
2025-03-10T03:36:08.805355,BTCUSDT,4,2,82007.84,0.0005,82172.02,0.0005
2025-03-10T03:36:09.725663,BTCUSDT,4,2,78818.01,0.007349,88600.0,0.009489
2025-03-10T03:36:09.805324,BTCUSDT,4,2,82008.94,0.0005,82173.13,0.0005
2025-03-10T03:36:09.966211,BTCUSDT,4,2,78818.01,0.007349,88600.0,0.009489
2025-03-10T03:36:10.744931,BTCUSDT,4,2,82009.6,0.0005,82173.79,0.0005
2025-03-10T03:36:10.905527,BTCUSDT,4,2,78750.0,0.015132,88658.59,0.000803
2025-03-10T03:36:11.725598,BTCUSDT,4,2,82010.01,0.0005,82174.2,0.0005
2025-03-10T03:36:11.885210,BTCUSDT,4,2,78750.0,0.015132,88702.4,0.00132
2025-03-10T03:36:11.966023,BTCUSDT,4,2,82010.01,0.0005,82174.2,0.0005
2025-03-10T03:36:12.725695,BTCUSDT,4,2,78750.0,0.015132,86964.23,0.00126
2025-03-10T03:36:12.806284,BTCUSDT,4,2,82010.46,0.0005,82174.66,0.0005
2025-03-10T03:36:13.725750,BTCUSDT,4,2,78750.0,0.015132,88600.0,0.009489
2025-03-10T03:36:13.805533,BTCUSDT,4,2,82010.74,0.0005,82174.93,0.0005
2025-03-10T03:36:13.964716,BTCUSDT,4,2,78750.0,0.015132,88600.0,0.009489
2025-03-10T03:36:14.745420,BTCUSDT,4,2,82010.9,0.0005,82175.1,0.0005
2025-03-10T03:36:14.913949,BTCUSDT,4,2,78750.0,0.015132,88600.0,0.009489
2025-03-10T03:36:15.724896,BTCUSDT,4,2,82011.01,0.0005,82175.2,0.0005
2025-03-10T03:36:15.884838,BTCUSDT,4,2,78750.0,0.015132,88600.0,0.009489
2025-03-10T03:36:16.725868,BTCUSDT,4,2,82004.69,0.0005,82168.88,0.0005
2025-03-10T03:36:16.885085,BTCUSDT,4,2,78750.0,0.015132,88658.59,0.000803
2025-03-10T03:36:17.824956,BTCUSDT,4,2,82000.87,0.0005,82165.04,0.0005
2025-03-10T03:36:17.985652,BTCUSDT,4,2,78750.0,0.015132,88658.59,0.000803
2025-03-10T03:36:18.725210,BTCUSDT,4,2,81997.44,0.0005,82161.61,0.0005
2025-03-10T03:36:18.888642,BTCUSDT,4,2,78750.0,0.015132,88658.59,0.000803
2025-03-10T03:36:19.744609,BTCUSDT,4,2,81995.36,0.0005,82159.52,0.0005
2025-03-10T03:36:19.904974,BTCUSDT,4,2,78750.0,0.015132,88800.0,0.009489
2025-03-10T03:36:20.745810,BTCUSDT,4,2,81990.66,0.0005,82154.81,0.0005
2025-03-10T03:36:20.905002,BTCUSDT,4,2,78750.0,0.015132,88802.11,0.00111
2025-03-10T03:36:21.724631,BTCUSDT,4,2,81981.24,0.0005,82145.38,0.0005
2025-03-10T03:36:21.889480,BTCUSDT,4,2,78750.0,0.015132,88800.0,0.009489
2025-03-10T03:36:22.726507,BTCUSDT,4,2,81975.53,0.0005,82139.65,0.0005
2025-03-10T03:36:22.884606,BTCUSDT,4,2,78750.0,0.015132,88658.59,0.000803
2025-03-10T03:36:23.725277,BTCUSDT,4,2,81970.6,0.0005,82134.71,0.0005
2025-03-10T03:36:23.884493,BTCUSDT,4,2,78750.0,0.015132,88658.59,0.000803
2025-03-10T03:36:24.725527,BTCUSDT,4,2,81967.6,0.0005,82131.71,0.0005
2025-03-10T03:36:24.885644,BTCUSDT,4,2,78750.0,0.015132,88658.59,0.000803
2025-03-10T03:36:25.867868,BTCUSDT,4,2,81965.79,0.0005,82129.89,0.0005
2025-03-10T03:36:26.024835,BTCUSDT,4,2,78750.0,0.015132,88800.0,0.009489
2025-03-10T03:36:26.726034,BTCUSDT,4,2,81964.69,0.0005,82128.79,0.0005
2025-03-10T03:36:26.884595,BTCUSDT,4,2,78750.0,0.015132,88658.59,0.000803
2025-03-10T03:36:27.725064,BTCUSDT,4,2,81964.02,0.0005,82128.12,0.0005
2025-03-10T03:36:27.884868,BTCUSDT,4,2,78750.0,0.015132,88658.59,0.000803
2025-03-10T03:36:28.785636,BTCUSDT,4,2,81963.61,0.0005,82127.71,0.0005
2025-03-10T03:36:28.945511,BTCUSDT,4,2,78750.0,0.015132,88658.59,0.000803
2025-03-10T03:36:29.724586,BTCUSDT,4,2,81966.6,0.0005,82130.7,0.0005
2025-03-10T03:36:29.885604,BTCUSDT,4,2,78750.0,0.015132,88800.0,0.009489
2025-03-10T03:36:30.725362,BTCUSDT,4,2,81969.92,0.0005,82134.03,0.0005
2025-03-10T03:36:30.865946,BTCUSDT,4,2,78750.0,0.015132,88658.59,0.000803
2025-03-10T03:36:30.965202,BTCUSDT,4,2,81969.92,0.0005,82134.03,0.0005
2025-03-10T03:36:31.726758,BTCUSDT,4,2,78750.0,0.015132,88658.59,0.000803
2025-03-10T03:36:31.804820,BTCUSDT,4,2,81967.7,0.0005,82131.81,0.0005
2025-03-10T03:36:32.724722,BTCUSDT,4,2,78750.0,0.015132,88773.34,0.00127
2025-03-10T03:36:32.806083,BTCUSDT,4,2,81966.36,0.0005,82130.46,0.0005
2025-03-10T03:36:32.945158,BTCUSDT,4,2,78750.0,0.015132,88773.34,0.00127
2025-03-10T03:36:33.024375,BTCUSDT,4,2,81966.36,0.0005,82130.46,0.0005
2025-03-10T03:36:33.728309,BTCUSDT,4,2,78750.0,0.015132,88975.56,0.00121
2025-03-10T03:36:33.806480,BTCUSDT,4,2,81965.55,0.0005,82129.65,0.0005
2025-03-10T03:36:34.724882,BTCUSDT,4,2,78750.0,0.015132,88658.59,0.000803
2025-03-10T03:36:34.805671,BTCUSDT,4,2,81965.05,0.0005,82129.15,0.0005
2025-03-10T03:36:34.965390,BTCUSDT,4,2,78750.0,0.015132,88658.59,0.000803
2025-03-10T03:36:35.725958,BTCUSDT,4,2,81959.02,0.0005,82123.11,0.0005
2025-03-10T03:36:35.864424,BTCUSDT,4,2,78750.0,0.015132,88600.0,0.009489
2025-03-10T03:36:35.945367,BTCUSDT,4,2,81959.02,0.0005,82123.11,0.0005
2025-03-10T03:36:36.744767,BTCUSDT,4,2,78750.0,0.015132,88600.0,0.009489
2025-03-10T03:36:36.825901,BTCUSDT,4,2,81955.36,0.0005,82119.44,0.0005
2025-03-10T03:36:36.984329,BTCUSDT,4,2,78750.0,0.015132,88658.59,0.000803
2025-03-10T03:36:37.725529,BTCUSDT,4,2,81952.57,0.0005,82116.65,0.0005
2025-03-10T03:36:38.765598,BTCUSDT,4,2,78750.0,0.015132,88800.0,0.009489
2025-03-10T03:36:38.865837,BTCUSDT,4,2,81950.17,0.0005,82114.24,0.0005
2025-03-10T03:36:39.005834,BTCUSDT,4,2,78750.0,0.015132,88658.59,0.000803
2025-03-10T03:36:39.104840,BTCUSDT,4,2,81950.17,0.0005,82114.24,0.0005
2025-03-10T03:36:39.766423,BTCUSDT,4,2,78750.0,0.015132,88658.59,0.000803
2025-03-10T03:36:39.844765,BTCUSDT,4,2,81948.71,0.0005,82112.78,0.0005
2025-03-10T03:36:40.004581,BTCUSDT,4,2,78750.0,0.015132,88658.59,0.000803
2025-03-10T03:36:40.765465,BTCUSDT,4,2,81947.83,0.0005,82111.89,0.0005
2025-03-10T03:36:41.745586,BTCUSDT,4,2,78750.0,0.015132,88800.0,0.009489
2025-03-10T03:36:41.825195,BTCUSDT,4,2,81942.99,0.0005,82107.05,0.0005
2025-03-10T03:36:41.985736,BTCUSDT,4,2,78750.0,0.015132,88800.0,0.009489
2025-03-10T03:36:42.725142,BTCUSDT,4,3,81940.05,0.0005,82104.11,0.0005
2025-03-10T03:36:42.884492,BTCUSDT,3,2,78691.27,0.00145,88658.59,0.000803
2025-03-10T03:36:42.965752,BTCUSDT,4,2,81940.05,0.0005,82104.11,0.0005
2025-03-10T03:36:43.785238,BTCUSDT,4,2,78750.0,0.015132,88658.59,0.000803
2025-03-10T03:36:43.864981,BTCUSDT,4,2,81938.27,0.0005,82102.32,0.0005
2025-03-10T03:36:44.025039,BTCUSDT,4,2,78750.0,0.015132,88658.59,0.000803
2025-03-10T03:36:44.724520,BTCUSDT,4,2,81937.2,0.0005,82101.24,0.0005
2025-03-10T03:36:45.725520,BTCUSDT,4,2,78750.0,0.015132,88931.05,0.00105
2025-03-10T03:36:45.804998,BTCUSDT,4,2,81938.25,0.0005,82102.3,0.0005
2025-03-10T03:36:45.965181,BTCUSDT,4,2,78750.0,0.015132,88975.56,0.00121
2025-03-10T03:36:46.806019,BTCUSDT,4,2,81940.43,0.0005,82104.48,0.0005
2025-03-10T03:36:46.966174,BTCUSDT,4,2,78750.0,0.015132,88658.59,0.000803
2025-03-10T03:36:47.884747,BTCUSDT,4,2,81942.44,0.0005,82106.49,0.0005
2025-03-10T03:36:48.046763,BTCUSDT,4,2,78750.0,0.015132,88658.59,0.000803
2025-03-10T03:36:48.724850,BTCUSDT,4,2,81944.02,0.0005,82108.08,0.0005
2025-03-10T03:36:48.884559,BTCUSDT,4,2,78750.0,0.015132,88800.0,0.009489
2025-03-10T03:36:49.725355,BTCUSDT,4,2,81944.99,0.0005,82109.05,0.0005
2025-03-10T03:36:49.887297,BTCUSDT,4,2,78750.0,0.015132,88931.05,0.00105
2025-03-10T03:36:50.724935,BTCUSDT,4,2,81945.57,0.0005,82109.64,0.0005
2025-03-10T03:36:50.864512,BTCUSDT,4,2,78750.0,0.015132,88658.59,0.000803
2025-03-10T03:36:50.945459,BTCUSDT,4,2,81945.57,0.0005,82109.64,0.0005
2025-03-10T03:36:51.725094,BTCUSDT,4,2,78750.0,0.015132,88658.59,0.000803
2025-03-10T03:36:51.805770,BTCUSDT,4,2,81945.93,0.0005,82109.99,0.0005
2025-03-10T03:36:52.725241,BTCUSDT,4,2,78750.0,0.015132,88800.0,0.009489
2025-03-10T03:36:52.818150,BTCUSDT,4,2,81948.91,0.0005,82112.98,0.0005
2025-03-10T03:36:52.965212,BTCUSDT,4,2,78750.0,0.015132,88800.0,0.009489
2025-03-10T03:36:53.765200,BTCUSDT,4,2,81950.71,0.0005,82114.79,0.0005
2025-03-10T03:36:53.904639,BTCUSDT,4,2,78750.0,0.015132,88800.0,0.009489
2025-03-10T03:36:54.745277,BTCUSDT,4,2,81947.04,0.0005,82111.11,0.0005
2025-03-10T03:36:54.904395,BTCUSDT,4,2,78750.0,0.015132,88658.59,0.000803
2025-03-10T03:36:55.784450,BTCUSDT,4,2,81943.3,0.0005,82107.36,0.0005
2025-03-10T03:36:55.924839,BTCUSDT,4,2,78750.0,0.015132,88658.59,0.000803
2025-03-10T03:36:56.025313,BTCUSDT,4,2,81943.3,0.0005,82107.36,0.0005
2025-03-10T03:36:56.864824,BTCUSDT,4,2,78750.0,0.015132,88800.0,0.009489
2025-03-10T03:36:56.946169,BTCUSDT,4,2,81941.03,0.0005,82105.08,0.0005
2025-03-10T03:36:57.105148,BTCUSDT,4,2,78750.0,0.015132,88800.0,0.009489
2025-03-10T03:36:57.724612,BTCUSDT,4,2,81939.65,0.0005,82103.7,0.0005
2025-03-10T03:36:58.725018,BTCUSDT,4,2,78750.0,0.015132,88658.59,0.000803
2025-03-10T03:36:58.805078,BTCUSDT,4,2,81944.86,0.0005,82108.92,0.0005
2025-03-10T03:36:58.945324,BTCUSDT,4,2,78750.0,0.015132,88658.59,0.000803
2025-03-10T03:36:59.724697,BTCUSDT,4,2,81948.26,0.0005,82112.33,0.0005
2025-03-10T03:36:59.884332,BTCUSDT,4,2,78750.0,0.015132,88658.59,0.000803
2025-03-10T03:37:00.725078,BTCUSDT,4,2,81950.32,0.0005,82114.39,0.0005
2025-03-10T03:37:00.888055,BTCUSDT,4,2,78750.0,0.015132,88800.0,0.009489
2025-03-10T03:37:01.724931,BTCUSDT,4,2,81953.14,0.0005,82117.22,0.0005
2025-03-10T03:37:01.867903,BTCUSDT,4,2,78750.0,0.015132,88813.32,0.0013
2025-03-10T03:37:02.724231,BTCUSDT,4,2,81950.41,0.0005,82114.49,0.0005
2025-03-10T03:37:02.884688,BTCUSDT,4,2,78750.0,0.015132,88658.59,0.000803
2025-03-10T03:37:03.724553,BTCUSDT,4,2,81948.76,0.0005,82112.83,0.0005
2025-03-10T03:37:03.884598,BTCUSDT,4,2,78750.0,0.015132,88658.59,0.000803
2025-03-10T03:37:04.724866,BTCUSDT,4,2,81947.75,0.0005,82111.82,0.0005
2025-03-10T03:37:04.884534,BTCUSDT,4,2,78750.0,0.015132,88658.59,0.000803
2025-03-10T03:37:05.724335,BTCUSDT,4,2,81946.01,0.0005,82110.08,0.0005
2025-03-10T03:37:05.885318,BTCUSDT,4,2,78750.0,0.015132,88800.0,0.009489
2025-03-10T03:37:06.724458,BTCUSDT,4,2,81943.51,0.0005,82107.57,0.0005
2025-03-10T03:37:06.884848,BTCUSDT,4,2,78750.0,0.015132,86825.5,0.00135
2025-03-10T03:37:07.785176,BTCUSDT,4,2,81941.99,0.0005,82106.05,0.0005
2025-03-10T03:37:07.944783,BTCUSDT,4,2,78750.0,0.015132,88658.59,0.000803
2025-03-10T03:37:08.744654,BTCUSDT,4,2,81941.07,0.0005,82105.12,0.0005
2025-03-10T03:37:08.905057,BTCUSDT,4,2,78750.0,0.015132,88658.59,0.000803
2025-03-10T03:37:09.724294,BTCUSDT,4,2,81940.51,0.0005,82104.56,0.0005
2025-03-10T03:37:09.886299,BTCUSDT,4,2,78750.0,0.015132,88658.59,0.000803
2025-03-10T03:37:09.965019,BTCUSDT,4,2,81940.51,0.0005,82104.56,0.0005
2025-03-10T03:37:10.725543,BTCUSDT,4,2,78750.0,0.015132,88658.59,0.000803
2025-03-10T03:37:10.804191,BTCUSDT,4,2,81940.17,0.0005,82104.22,0.0005
2025-03-10T03:37:11.725012,BTCUSDT,4,2,78750.0,0.015132,88658.59,0.000803
2025-03-10T03:37:11.804373,BTCUSDT,4,2,81939.97,0.0005,82104.02,0.0005
2025-03-10T03:37:11.965224,BTCUSDT,4,2,78750.0,0.015132,88658.59,0.000803
2025-03-10T03:37:12.845000,BTCUSDT,4,2,81939.84,0.0005,82103.89,0.0005
2025-03-10T03:37:13.004641,BTCUSDT,4,2,78750.0,0.015132,88658.59,0.000803
2025-03-10T03:37:13.846317,BTCUSDT,4,2,81939.76,0.0005,82103.82,0.0005
2025-03-10T03:37:14.004772,BTCUSDT,4,2,78750.0,0.015132,88658.59,0.000803
2025-03-10T03:37:14.785998,BTCUSDT,4,2,81939.72,0.0005,82103.77,0.0005
2025-03-10T03:37:14.926341,BTCUSDT,4,2,78750.0,0.015132,88813.32,0.0013
2025-03-10T03:37:15.785346,BTCUSDT,4,2,81939.69,0.0005,82103.74,0.0005
2025-03-10T03:37:15.947202,BTCUSDT,4,2,78750.0,0.015132,88995.41,0.0013
2025-03-10T03:37:16.804065,BTCUSDT,3,2,81857.73,0.0005,82103.73,0.0005
2025-03-10T03:37:16.944263,BTCUSDT,4,2,78750.0,0.015132,88658.59,0.000803
2025-03-10T03:37:17.724973,BTCUSDT,4,2,81939.66,0.0005,82103.72,0.0005
2025-03-10T03:37:17.888206,BTCUSDT,4,2,78750.0,0.015132,88658.59,0.000803
2025-03-10T03:37:18.725724,BTCUSDT,4,2,81939.66,0.0005,82103.71,0.0005
2025-03-10T03:37:18.884521,BTCUSDT,4,2,78750.0,0.015132,88658.59,0.000803
2025-03-10T03:37:19.824784,BTCUSDT,4,2,81939.65,0.0005,82103.71,0.0005
2025-03-10T03:37:19.985449,BTCUSDT,4,2,78750.0,0.015132,88813.32,0.0013
2025-03-10T03:37:20.784216,BTCUSDT,4,2,81940.25,0.0005,82104.3,0.0005
2025-03-10T03:37:20.944760,BTCUSDT,4,2,78750.0,0.015132,88800.0,0.009489
2025-03-10T03:37:21.724169,BTCUSDT,4,2,81942.59,0.0005,82106.64,0.0005
2025-03-10T03:37:21.870525,BTCUSDT,4,2,78750.0,0.015132,88658.59,0.000803
2025-03-10T03:37:22.825867,BTCUSDT,4,2,81944.01,0.0005,82108.07,0.0005
2025-03-10T03:37:22.984263,BTCUSDT,4,2,78750.0,0.015132,88658.59,0.000803
2025-03-10T03:37:23.845263,BTCUSDT,4,2,81944.87,0.0005,82108.93,0.0005
2025-03-10T03:37:24.005010,BTCUSDT,4,2,78750.0,0.015132,88658.59,0.000803
2025-03-10T03:37:24.744591,BTCUSDT,4,2,81945.39,0.0005,82109.45,0.0005
2025-03-10T03:37:24.904785,BTCUSDT,4,2,78750.0,0.015132,88658.59,0.000803
2025-03-10T03:37:25.744440,BTCUSDT,4,2,81945.7,0.0005,82109.77,0.0005
2025-03-10T03:37:25.898276,BTCUSDT,4,2,78750.0,0.015132,88658.59,0.000803
2025-03-10T03:37:26.805020,BTCUSDT,4,2,81944.13,0.0005,82108.19,0.0005
2025-03-10T03:37:26.964607,BTCUSDT,4,2,78750.0,0.015132,88658.59,0.000803
2025-03-10T03:37:27.724401,BTCUSDT,4,2,81939.83,0.0005,82103.88,0.0005
2025-03-10T03:37:27.864651,BTCUSDT,4,2,78750.0,0.015132,88800.0,0.009489
2025-03-10T03:37:28.724296,BTCUSDT,4,2,81934.26,0.0005,82098.3,0.0005
2025-03-10T03:37:28.884454,BTCUSDT,4,2,78750.0,0.015132,88658.59,0.000803
2025-03-10T03:37:29.805480,BTCUSDT,4,2,81930.88,0.0005,82094.91,0.0005
2025-03-10T03:37:29.964624,BTCUSDT,4,2,78750.0,0.015132,88600.0,0.009489
2025-03-10T03:37:30.744529,BTCUSDT,4,2,81928.83,0.0005,82092.86,0.0005
2025-03-10T03:37:30.904292,BTCUSDT,4,2,78750.0,0.015132,88600.0,0.009489
2025-03-10T03:37:31.884451,BTCUSDT,4,2,81926.95,0.0005,82090.97,0.0005
2025-03-10T03:37:32.045298,BTCUSDT,4,2,78750.0,0.015132,88800.0,0.009489
2025-03-10T03:37:32.784086,BTCUSDT,4,2,81925.8,0.0005,82089.83,0.0005
2025-03-10T03:37:32.944218,BTCUSDT,4,2,78750.0,0.015132,89000.0,0.009489
2025-03-10T03:37:33.844830,BTCUSDT,4,2,81925.11,0.0005,82089.13,0.0005
2025-03-10T03:37:34.012976,BTCUSDT,4,2,78750.0,0.015132,88658.59,0.000803
2025-03-10T03:37:34.744250,BTCUSDT,4,2,81920.73,0.0005,82084.74,0.0005
2025-03-10T03:37:34.904941,BTCUSDT,4,2,78750.0,0.015132,88658.59,0.000803
2025-03-10T03:37:35.784999,BTCUSDT,4,2,81918.07,0.0005,82082.08,0.0005
2025-03-10T03:37:35.945055,BTCUSDT,4,3,78750.0,0.015132,88658.59,0.000803
2025-03-10T03:37:36.785551,BTCUSDT,4,2,81916.46,0.0005,82080.47,0.0005
2025-03-10T03:37:36.944305,BTCUSDT,4,3,78750.0,0.015132,88800.0,0.009489
2025-03-10T03:37:37.804385,BTCUSDT,4,2,81915.48,0.0005,82079.49,0.0005
2025-03-10T03:37:37.963758,BTCUSDT,4,2,78750.0,0.015132,88995.41,0.0013
2025-03-10T03:37:38.724892,BTCUSDT,4,2,81914.89,0.0005,82078.89,0.0005
2025-03-10T03:37:38.864908,BTCUSDT,4,2,78750.0,0.015132,88658.59,0.000803
2025-03-10T03:37:39.729630,BTCUSDT,4,2,81914.53,0.0005,82078.53,0.0005
2025-03-10T03:37:39.886888,BTCUSDT,4,2,78750.0,0.015132,88658.59,0.000803
2025-03-10T03:37:39.964231,BTCUSDT,4,2,81914.53,0.0005,82078.53,0.0005
2025-03-10T03:37:40.724839,BTCUSDT,4,2,78750.0,0.015132,88658.59,0.000803
2025-03-10T03:37:40.804181,BTCUSDT,4,2,81914.31,0.0005,82078.32,0.0005
2025-03-10T03:37:41.745377,BTCUSDT,4,2,78750.0,0.015132,88995.41,0.0013
2025-03-10T03:37:41.824712,BTCUSDT,4,2,81914.18,0.0005,82078.18,0.0005
2025-03-10T03:37:41.984255,BTCUSDT,4,2,78750.0,0.015132,89000.0,0.009489
2025-03-10T03:37:42.724247,BTCUSDT,4,2,81914.1,0.0005,82078.1,0.0005
2025-03-10T03:37:42.864713,BTCUSDT,4,2,78750.0,0.015132,88658.59,0.000803
2025-03-10T03:37:42.964737,BTCUSDT,2,2,81750.34,0.0005,82078.1,0.0005
2025-03-10T03:37:43.764600,BTCUSDT,4,2,78750.0,0.015132,88658.59,0.000803
2025-03-10T03:37:43.844718,BTCUSDT,4,2,81914.05,0.0005,82078.05,0.0005
2025-03-10T03:37:44.004981,BTCUSDT,4,2,78750.0,0.015132,88658.59,0.000803
2025-03-10T03:37:44.745087,BTCUSDT,4,2,81913.92,0.0005,82077.92,0.0005
2025-03-10T03:37:45.744744,BTCUSDT,4,2,78750.0,0.015132,89000.0,0.009489
2025-03-10T03:37:45.844434,BTCUSDT,1,3,81668.33,0.0005,82077.84,0.0005
2025-03-10T03:37:45.984265,BTCUSDT,4,2,78750.0,0.015132,88800.0,0.009489
2025-03-10T03:37:46.724027,BTCUSDT,4,2,81922.36,0.0005,82086.38,0.0005
2025-03-10T03:37:46.866060,BTCUSDT,4,2,78750.0,0.015132,88600.0,0.009489
2025-03-10T03:37:46.964956,BTCUSDT,4,2,81922.36,0.0005,82086.38,0.0005
2025-03-10T03:37:47.723915,BTCUSDT,4,2,78750.0,0.015132,88600.0,0.009489
2025-03-10T03:37:47.804707,BTCUSDT,4,2,81930.42,0.0005,82094.46,0.0005
2025-03-10T03:37:48.705263,BTCUSDT,4,2,78750.0,0.015132,88600.0,0.009489
2025-03-10T03:37:48.804367,BTCUSDT,3,2,81856.1,0.0005,82102.08,0.0005
2025-03-10T03:37:48.944800,BTCUSDT,4,2,78750.0,0.015132,88600.0,0.009489
2025-03-10T03:37:49.724900,BTCUSDT,4,2,81942.65,0.0005,82106.71,0.0005
2025-03-10T03:37:49.887840,BTCUSDT,4,2,78750.0,0.015132,88706.93,0.00103
2025-03-10T03:37:50.724771,BTCUSDT,4,2,81945.45,0.0005,82109.52,0.0005
2025-03-10T03:37:50.865152,BTCUSDT,4,2,78750.0,0.015132,88600.0,0.009489
2025-03-10T03:37:51.726785,BTCUSDT,4,2,81947.15,0.0005,82111.22,0.0005
2025-03-10T03:37:51.885620,BTCUSDT,4,2,78750.0,0.015132,88600.0,0.009489
2025-03-10T03:37:52.745321,BTCUSDT,4,2,81951.28,0.0005,82115.35,0.0005
2025-03-10T03:37:52.884680,BTCUSDT,4,2,78750.0,0.015132,88600.0,0.009489
2025-03-10T03:37:53.745119,BTCUSDT,4,2,81953.78,0.0005,82117.86,0.0005
2025-03-10T03:37:53.885457,BTCUSDT,4,2,78750.0,0.015132,88706.93,0.00103
2025-03-10T03:37:54.708523,BTCUSDT,4,2,78750.0,0.015132,88800.0,0.009489
2025-03-10T03:37:54.803964,BTCUSDT,4,2,81957.39,0.0005,82121.48,0.0005
2025-03-10T03:37:55.724662,BTCUSDT,4,2,78750.0,0.015132,88658.59,0.000803
2025-03-10T03:37:55.804366,BTCUSDT,4,2,81959.58,0.0005,82123.67,0.0005
2025-03-10T03:37:55.944472,BTCUSDT,4,2,78750.0,0.015132,88600.0,0.009489
2025-03-10T03:37:56.724968,BTCUSDT,4,2,78750.0,0.015132,88600.0,0.009489
2025-03-10T03:37:56.805294,BTCUSDT,4,2,81960.91,0.0005,82125.01,0.0005
2025-03-10T03:37:57.784468,BTCUSDT,4,2,78750.0,0.015132,88600.0,0.009489
2025-03-10T03:37:57.888831,BTCUSDT,4,2,81961.72,0.0005,82125.81,0.0005
2025-03-10T03:37:58.025109,BTCUSDT,4,2,78750.0,0.015132,88600.0,0.009489
2025-03-10T03:37:58.725002,BTCUSDT,4,2,81959.38,0.0005,82123.47,0.0005
2025-03-10T03:37:58.884576,BTCUSDT,4,2,78750.0,0.015132,88600.0,0.009489
2025-03-10T03:37:59.725588,BTCUSDT,4,2,81957.96,0.0005,82122.05,0.0005
2025-03-10T03:37:59.884492,BTCUSDT,4,2,78750.0,0.015132,88600.0,0.009489
2025-03-10T03:38:00.726159,BTCUSDT,4,2,81957.1,0.0005,82121.19,0.0005
2025-03-10T03:38:00.884340,BTCUSDT,4,2,78750.0,0.015132,88600.0,0.009489
2025-03-10T03:38:01.724658,BTCUSDT,4,2,81956.58,0.0005,82120.66,0.0005
2025-03-10T03:38:01.890464,BTCUSDT,4,2,78750.0,0.015132,88600.0,0.009489
2025-03-10T03:38:02.725450,BTCUSDT,4,2,81956.26,0.0005,82120.35,0.0005
2025-03-10T03:38:02.863780,BTCUSDT,4,2,78750.0,0.015132,88600.0,0.009489
2025-03-10T03:38:02.944277,BTCUSDT,4,2,81956.26,0.0005,82120.35,0.0005
2025-03-10T03:38:03.764516,BTCUSDT,4,2,78750.0,0.015132,88800.0,0.009489
2025-03-10T03:38:03.845872,BTCUSDT,4,2,81956.07,0.0005,82120.16,0.0005
2025-03-10T03:38:03.985148,BTCUSDT,4,2,78750.0,0.015132,88800.0,0.009489
2025-03-10T03:38:04.850303,BTCUSDT,4,2,81955.95,0.0005,82120.04,0.0005
2025-03-10T03:38:05.005709,BTCUSDT,4,2,78750.0,0.015132,88800.0,0.009489
2025-03-10T03:38:05.744568,BTCUSDT,4,2,81955.88,0.0005,82119.97,0.0005
2025-03-10T03:38:06.723683,BTCUSDT,4,2,78750.0,0.015132,88600.0,0.009489
2025-03-10T03:38:06.803874,BTCUSDT,4,2,81955.82,0.0005,82119.91,0.0005
2025-03-10T03:38:06.945124,BTCUSDT,4,2,78750.0,0.015132,88600.0,0.009489
2025-03-10T03:38:07.044612,BTCUSDT,4,2,81955.82,0.0005,82119.91,0.0005
2025-03-10T03:38:07.726477,BTCUSDT,4,2,78750.0,0.015132,88600.0,0.009489
2025-03-10T03:38:07.804522,BTCUSDT,4,2,81955.78,0.0005,82119.87,0.0005
2025-03-10T03:38:08.724401,BTCUSDT,4,2,78750.0,0.015132,88658.59,0.000803
2025-03-10T03:38:08.804020,BTCUSDT,4,2,81955.76,0.0005,82119.84,0.0005
2025-03-10T03:38:08.944947,BTCUSDT,4,2,78750.0,0.015132,88800.0,0.009489
2025-03-10T03:38:09.044898,BTCUSDT,4,2,81955.76,0.0005,82119.84,0.0005
2025-03-10T03:38:09.724451,BTCUSDT,4,2,78750.0,0.015132,88658.59,0.000803
2025-03-10T03:38:09.804139,BTCUSDT,4,2,81955.77,0.0005,82119.85,0.0005
2025-03-10T03:38:10.724261,BTCUSDT,4,2,78750.0,0.015132,88600.0,0.009489
2025-03-10T03:38:10.803823,BTCUSDT,4,2,81959.51,0.0005,82123.6,0.0005
2025-03-10T03:38:10.944385,BTCUSDT,4,2,78750.0,0.015132,88600.0,0.009489
2025-03-10T03:38:11.724118,BTCUSDT,4,2,81967.03,0.0005,82131.13,0.0005
2025-03-10T03:38:11.864660,BTCUSDT,4,2,78750.0,0.015132,88600.0,0.009489
2025-03-10T03:38:11.964486,BTCUSDT,4,2,81967.03,0.0005,82131.13,0.0005
2025-03-10T03:38:12.704669,BTCUSDT,4,2,78750.0,0.015132,88600.0,0.009489
2025-03-10T03:38:12.804075,BTCUSDT,4,2,81975.31,0.0005,82139.44,0.0005
2025-03-10T03:38:13.744023,BTCUSDT,4,2,78750.0,0.015132,88658.59,0.000803
2025-03-10T03:38:13.824772,BTCUSDT,4,2,81986.07,0.0005,82150.21,0.0005
2025-03-10T03:38:13.964561,BTCUSDT,4,2,78750.0,0.015132,88800.0,0.009489
2025-03-10T03:38:14.725120,BTCUSDT,4,2,81992.59,0.0005,82156.74,0.0005
2025-03-10T03:38:14.883808,BTCUSDT,3,2,78691.27,0.00145,89000.0,0.009489
2025-03-10T03:38:14.964718,BTCUSDT,4,2,81992.59,0.0005,82156.74,0.0005
2025-03-10T03:38:15.792249,BTCUSDT,4,2,78750.0,0.015132,88658.59,0.000803
2025-03-10T03:38:16.065608,BTCUSDT,4,2,81996.54,0.0005,82160.71,0.0005
2025-03-10T03:38:16.784825,BTCUSDT,4,2,78750.0,0.015132,88600.0,0.009489
2025-03-10T03:38:16.864648,BTCUSDT,4,2,81998.94,0.0005,82163.11,0.0005
2025-03-10T03:38:17.024085,BTCUSDT,4,2,78750.0,0.015132,88600.0,0.009489
2025-03-10T03:38:17.743759,BTCUSDT,4,2,82000.4,0.0005,82164.57,0.0005
2025-03-10T03:38:17.885015,BTCUSDT,4,2,78750.0,0.015132,88600.0,0.009489
2025-03-10T03:38:18.804426,BTCUSDT,4,2,82001.28,0.0005,82165.45,0.0005
2025-03-10T03:38:18.964531,BTCUSDT,4,3,78750.0,0.015132,88658.59,0.000803
2025-03-10T03:38:19.723708,BTCUSDT,4,3,82000.21,0.0005,82164.38,0.0005
2025-03-10T03:38:19.864092,BTCUSDT,4,2,78750.0,0.015132,88658.59,0.000803
2025-03-10T03:38:19.963851,BTCUSDT,4,2,82000.21,0.0005,82164.38,0.0005
2025-03-10T03:38:20.804026,BTCUSDT,4,2,78750.0,0.015132,88600.0,0.009489
2025-03-10T03:38:20.883427,BTCUSDT,4,2,81998.31,0.0005,82162.48,0.0005
2025-03-10T03:38:21.044974,BTCUSDT,4,2,78750.0,0.015132,88600.0,0.009489
2025-03-10T03:38:21.723889,BTCUSDT,4,2,81991.47,0.0005,82155.63,0.0005
2025-03-10T03:38:22.724819,BTCUSDT,4,2,78750.0,0.015132,88658.59,0.000803
2025-03-10T03:38:22.804650,BTCUSDT,4,2,81987.68,0.0005,82151.83,0.0005
2025-03-10T03:38:22.944389,BTCUSDT,4,2,78750.0,0.015132,88658.59,0.000803
2025-03-10T03:38:23.744581,BTCUSDT,4,2,81985.39,0.0005,82149.53,0.0005
2025-03-10T03:38:23.904585,BTCUSDT,4,2,78750.0,0.015132,88777.05,0.00116
2025-03-10T03:38:24.724318,BTCUSDT,4,3,81983.99,0.0005,82148.13,0.0005
2025-03-10T03:38:24.883900,BTCUSDT,4,2,78750.0,0.015132,88600.0,0.009489
2025-03-10T03:38:25.724107,BTCUSDT,4,2,81983.15,0.0005,82147.29,0.0005
2025-03-10T03:38:25.892849,BTCUSDT,4,2,78750.0,0.015132,88600.0,0.009489
2025-03-10T03:38:26.724133,BTCUSDT,4,2,81982.32,0.0005,82146.46,0.0005
2025-03-10T03:38:26.883981,BTCUSDT,4,2,78750.0,0.015132,88600.0,0.009489
2025-03-10T03:38:27.725618,BTCUSDT,4,2,81981.83,0.0005,82145.96,0.0005
2025-03-10T03:38:27.884408,BTCUSDT,4,2,78750.0,0.015132,88658.59,0.000803
2025-03-10T03:38:28.724748,BTCUSDT,4,2,81981.52,0.0005,82145.66,0.0005
2025-03-10T03:38:28.883779,BTCUSDT,4,2,78750.0,0.015132,88800.0,0.009489
2025-03-10T03:38:29.749817,BTCUSDT,4,2,81981.34,0.0005,82145.47,0.0005
2025-03-10T03:38:29.885831,BTCUSDT,4,2,78750.0,0.015132,88600.0,0.009489
2025-03-10T03:38:29.984959,BTCUSDT,4,2,81981.34,0.0005,82145.47,0.0005
2025-03-10T03:38:30.726047,BTCUSDT,4,2,78750.0,0.015132,88600.0,0.009489
2025-03-10T03:38:30.803553,BTCUSDT,4,2,81986.67,0.0005,82150.82,0.0005
2025-03-10T03:38:31.723934,BTCUSDT,4,2,78750.0,0.015132,88600.0,0.009489
2025-03-10T03:38:31.803690,BTCUSDT,4,2,81993.28,0.0005,82157.44,0.0005
2025-03-10T03:38:31.963766,BTCUSDT,4,2,78750.0,0.015132,88600.0,0.009489
2025-03-10T03:38:32.723600,BTCUSDT,4,2,81997.29,0.0005,82161.46,0.0005
2025-03-10T03:38:32.863483,BTCUSDT,4,2,78750.0,0.015132,88658.59,0.000803
2025-03-10T03:38:32.964041,BTCUSDT,4,2,81997.29,0.0005,82161.46,0.0005
2025-03-10T03:38:33.764689,BTCUSDT,4,2,78750.0,0.015132,88674.35,0.0012
2025-03-10T03:38:33.846800,BTCUSDT,4,2,82004.47,0.0005,82168.65,0.0005
2025-03-10T03:38:34.003993,BTCUSDT,4,2,78750.0,0.015132,88800.0,0.009489
2025-03-10T03:38:34.724801,BTCUSDT,4,2,82008.82,0.0005,82173.01,0.0005
2025-03-10T03:38:35.784437,BTCUSDT,4,2,78750.0,0.015132,88600.0,0.009489
2025-03-10T03:38:35.864233,BTCUSDT,4,2,82011.46,0.0005,82175.65,0.0005
2025-03-10T03:38:36.003995,BTCUSDT,4,2,78750.0,0.015132,88600.0,0.009489
2025-03-10T03:38:36.804529,BTCUSDT,4,2,82013.06,0.0005,82177.26,0.0005
2025-03-10T03:38:36.943439,BTCUSDT,4,2,78750.0,0.015132,88600.0,0.009489
2025-03-10T03:38:37.024050,BTCUSDT,4,2,82013.06,0.0005,82177.26,0.0005
2025-03-10T03:38:37.804478,BTCUSDT,4,2,78750.0,0.015132,88658.59,0.000803
2025-03-10T03:38:37.884909,BTCUSDT,4,2,82014.03,0.0005,82178.23,0.0005
2025-03-10T03:38:38.046714,BTCUSDT,4,2,78750.0,0.015132,88658.59,0.000803
2025-03-10T03:38:38.743975,BTCUSDT,4,2,82014.62,0.0005,82178.82,0.0005
2025-03-10T03:38:39.723354,BTCUSDT,4,2,78750.0,0.015132,88658.59,0.000803
2025-03-10T03:38:39.803684,BTCUSDT,4,2,82014.98,0.0005,82179.18,0.0005
2025-03-10T03:38:39.944222,BTCUSDT,4,2,78750.0,0.015132,88658.59,0.000803
2025-03-10T03:38:40.046558,BTCUSDT,4,3,82014.98,0.0005,82179.18,0.0005
2025-03-10T03:38:40.724132,BTCUSDT,4,2,78750.0,0.015132,88600.0,0.009489
2025-03-10T03:38:40.804530,BTCUSDT,4,2,82019.53,0.0005,82183.75,0.0005
2025-03-10T03:38:41.724189,BTCUSDT,4,2,78750.0,0.015132,88600.0,0.009489
2025-03-10T03:38:41.803421,BTCUSDT,4,2,82022.3,0.0005,82186.52,0.0005
2025-03-10T03:38:41.964212,BTCUSDT,4,2,78750.0,0.015132,88600.0,0.009489
2025-03-10T03:38:42.727008,BTCUSDT,4,2,82024.57,0.0005,82188.79,0.0005
2025-03-10T03:38:42.863546,BTCUSDT,4,2,78750.0,0.015132,88658.59,0.000803
2025-03-10T03:38:42.944142,BTCUSDT,4,2,82024.57,0.0005,82188.79,0.0005
2025-03-10T03:38:43.724496,BTCUSDT,4,2,78750.0,0.015132,88800.0,0.009489
2025-03-10T03:38:43.803875,BTCUSDT,4,2,82025.95,0.0005,82190.17,0.0005
2025-03-10T03:38:44.744232,BTCUSDT,4,2,78750.0,0.015132,88600.0,0.009489
2025-03-10T03:38:44.824697,BTCUSDT,4,2,82031.17,0.0005,82195.4,0.0005
2025-03-10T03:38:45.023956,BTCUSDT,4,2,78750.0,0.015132,88600.0,0.009489
2025-03-10T03:38:45.744339,BTCUSDT,4,2,82040.47,0.0005,82204.73,0.0005
2025-03-10T03:38:45.903732,BTCUSDT,4,2,78750.0,0.015132,88600.0,0.009489
2025-03-10T03:38:46.743689,BTCUSDT,4,2,82047.93,0.0005,82212.19,0.0005
2025-03-10T03:38:46.909356,BTCUSDT,4,2,78750.0,0.015132,88600.0,0.009489
2025-03-10T03:38:47.723867,BTCUSDT,4,2,82053.72,0.0005,82218.0,0.0005
2025-03-10T03:38:47.883696,BTCUSDT,4,3,78750.0,0.015132,88600.0,0.009489
2025-03-10T03:38:48.723876,BTCUSDT,4,2,82059.78,0.0005,82224.07,0.0005
2025-03-10T03:38:48.863841,BTCUSDT,4,2,78750.0,0.015132,88658.59,0.000803
2025-03-10T03:38:48.964284,BTCUSDT,4,2,82059.78,0.0005,82224.07,0.0005
2025-03-10T03:38:49.737236,BTCUSDT,4,2,78750.0,0.015132,88600.0,0.009489
2025-03-10T03:38:49.804256,BTCUSDT,4,2,82064.35,0.0005,82228.65,0.0005
2025-03-10T03:38:50.725812,BTCUSDT,4,2,78750.0,0.015132,88600.0,0.009489
2025-03-10T03:38:50.824324,BTCUSDT,4,2,82070.14,0.0005,82234.45,0.0005
2025-03-10T03:38:50.963812,BTCUSDT,4,2,78750.0,0.015132,88600.0,0.009489
2025-03-10T03:38:51.064032,BTCUSDT,4,2,82070.14,0.0005,82234.45,0.0005
2025-03-10T03:38:51.765479,BTCUSDT,4,2,78750.0,0.015132,88658.59,0.000803
2025-03-10T03:38:51.843591,BTCUSDT,4,2,82076.52,0.0005,82240.84,0.0005
2025-03-10T03:38:51.985339,BTCUSDT,4,2,78750.0,0.015132,88658.59,0.000803
2025-03-10T03:38:52.724447,BTCUSDT,4,2,82080.39,0.0005,82244.72,0.0005
2025-03-10T03:38:53.723737,BTCUSDT,4,2,78750.0,0.015132,88658.59,0.000803
2025-03-10T03:38:53.824389,BTCUSDT,4,2,82090.58,0.0005,82255.39,0.0005
2025-03-10T03:38:53.963481,BTCUSDT,4,2,78750.0,0.015132,88658.59,0.000803
2025-03-10T03:38:54.744697,BTCUSDT,4,2,82090.58,0.0005,82264.27,0.0005
2025-03-10T03:38:54.884151,BTCUSDT,4,2,78750.0,0.015132,88600.0,0.009489
2025-03-10T03:38:55.724457,BTCUSDT,4,2,82090.58,0.0005,82269.66,0.0005
2025-03-10T03:38:55.884818,BTCUSDT,4,2,78750.0,0.015132,88600.0,0.009489
2025-03-10T03:38:56.723713,BTCUSDT,4,2,82090.58,0.0005,82272.93,0.0005
2025-03-10T03:38:56.864306,BTCUSDT,4,2,78750.0,0.015132,88674.35,0.0012
2025-03-10T03:38:57.744181,BTCUSDT,4,2,82090.58,0.0005,82274.91,0.0005
2025-03-10T03:38:57.903755,BTCUSDT,4,2,78750.0,0.015132,88674.35,0.0012
2025-03-10T03:38:57.983653,BTCUSDT,4,2,82090.58,0.0005,82274.91,0.0005
2025-03-10T03:38:58.725025,BTCUSDT,3,2,78750.0,0.015132,88600.0,0.009489
2025-03-10T03:38:58.803492,BTCUSDT,3,2,82029.59,0.0005,82276.11,0.0005
2025-03-10T03:38:58.883554,BTCUSDT,3,2,78691.27,0.00145,88600.0,0.009489
2025-03-10T03:38:58.963825,BTCUSDT,4,2,82090.58,0.0005,82276.11,0.0005
2025-03-10T03:38:59.723871,BTCUSDT,3,2,78750.0,0.015132,88600.0,0.009489
2025-03-10T03:38:59.804474,BTCUSDT,3,2,82030.32,0.0005,82276.84,0.0005
2025-03-10T03:38:59.882948,BTCUSDT,3,2,78691.27,0.00145,88600.0,0.009489
2025-03-10T03:38:59.963994,BTCUSDT,4,2,82090.58,0.0005,82276.84,0.0005
2025-03-10T03:39:00.724681,BTCUSDT,3,2,78750.0,0.015132,88600.0,0.009489
2025-03-10T03:39:00.825433,BTCUSDT,3,2,82030.76,0.0005,82277.28,0.0005
2025-03-10T03:39:00.904367,BTCUSDT,1,2,78690.95,6.9e-05,88658.59,0.000803
2025-03-10T03:39:01.105110,BTCUSDT,4,2,82090.58,0.0005,82277.28,0.0005
2025-03-10T03:39:01.723733,BTCUSDT,3,2,78750.0,0.015132,88674.35,0.0012
2025-03-10T03:39:01.803677,BTCUSDT,3,2,82030.89,0.0005,82277.41,0.0005
2025-03-10T03:39:01.897333,BTCUSDT,4,1,78750.0,0.015132,88674.35,0.0012
2025-03-10T03:39:02.105936,BTCUSDT,4,2,82090.58,0.0005,82277.41,0.0005
2025-03-10T03:39:02.723278,BTCUSDT,3,2,78750.0,0.015132,88658.59,0.000803
2025-03-10T03:39:02.804683,BTCUSDT,3,2,82029.39,0.0005,82275.91,0.0005
2025-03-10T03:39:03.024305,BTCUSDT,1,2,78636.2,0.007349,88600.0,0.009489
2025-03-10T03:39:03.104158,BTCUSDT,4,2,82090.58,0.0005,82275.91,0.0005
2025-03-10T03:39:03.724363,BTCUSDT,3,2,78750.0,0.015132,88600.0,0.009489
2025-03-10T03:39:03.804878,BTCUSDT,3,2,82026.28,0.0005,82272.78,0.0005
2025-03-10T03:39:04.084287,BTCUSDT,4,2,82090.58,0.0005,82272.78,0.0005
2025-03-10T03:39:04.803266,BTCUSDT,3,1,78750.0,0.015132,88600.0,0.009489
2025-03-10T03:39:04.906947,BTCUSDT,3,2,82024.38,0.0005,82270.88,0.0005
2025-03-10T03:39:04.983935,BTCUSDT,2,2,78691.27,0.00145,88600.0,0.009489
2025-03-10T03:39:05.204512,BTCUSDT,4,2,82090.58,0.0005,82270.88,0.0005
2025-03-10T03:39:05.764091,BTCUSDT,3,2,78750.0,0.015132,88600.0,0.009489
2025-03-10T03:39:05.844125,BTCUSDT,3,2,82020.46,0.0005,82266.94,0.0005
2025-03-10T03:39:06.084526,BTCUSDT,3,2,78750.0,0.015132,88600.0,0.009489
2025-03-10T03:39:06.803894,BTCUSDT,4,2,82090.58,0.0005,82261.53,0.0005
2025-03-10T03:39:07.804470,BTCUSDT,3,2,78750.0,0.015132,88658.59,0.000803
2025-03-10T03:39:07.883420,BTCUSDT,3,2,82011.78,0.0005,82258.24,0.0005
2025-03-10T03:39:08.123524,BTCUSDT,4,2,82090.58,0.0005,82258.24,0.0005
2025-03-10T03:39:08.289180,BTCUSDT,4,2,78750.0,0.015132,88658.59,0.000803
2025-03-10T03:39:08.723075,BTCUSDT,4,2,82090.58,0.0005,82256.25,0.0005
2025-03-10T03:39:09.743623,BTCUSDT,3,2,78750.0,0.015132,88658.59,0.000803
2025-03-10T03:39:09.824008,BTCUSDT,3,2,82013.02,0.0005,82259.49,0.0005
2025-03-10T03:39:10.044443,BTCUSDT,3,2,78750.0,0.015132,88658.59,0.000803
2025-03-10T03:39:10.143817,BTCUSDT,4,2,82090.58,0.0005,82259.49,0.0005
2025-03-10T03:39:10.724600,BTCUSDT,3,2,78750.0,0.015132,88800.0,0.009489
2025-03-10T03:39:10.803503,BTCUSDT,3,2,82018.56,0.0005,82265.03,0.0005
2025-03-10T03:39:11.043868,BTCUSDT,4,2,82090.58,0.0005,82265.03,0.0005
2025-03-10T03:39:11.823970,BTCUSDT,3,2,78750.0,0.015132,88658.59,0.000803
2025-03-10T03:39:11.903641,BTCUSDT,3,2,82024.34,0.0005,82270.84,0.0005
2025-03-10T03:39:12.063609,BTCUSDT,1,2,78636.2,0.007349,88658.59,0.000803
2025-03-10T03:39:12.144185,BTCUSDT,4,2,82090.58,0.0005,82270.84,0.0005
2025-03-10T03:39:12.723564,BTCUSDT,3,2,78750.0,0.015132,88658.59,0.000803
2025-03-10T03:39:12.803963,BTCUSDT,3,2,82027.85,0.0005,82274.36,0.0005
2025-03-10T03:39:13.044680,BTCUSDT,4,2,82090.58,0.0005,82274.36,0.0005
2025-03-10T03:39:13.764245,BTCUSDT,3,2,78750.0,0.015132,88658.59,0.000803
2025-03-10T03:39:13.844021,BTCUSDT,3,2,82030.33,0.0005,82276.84,0.0005
2025-03-10T03:39:14.083613,BTCUSDT,4,2,82090.58,0.0005,82276.84,0.0005
2025-03-10T03:39:14.723628,BTCUSDT,3,2,78750.0,0.015132,88859.83,0.00125
2025-03-10T03:39:14.803612,BTCUSDT,3,2,82035.28,0.0005,82281.81,0.0005
2025-03-10T03:39:14.863190,BTCUSDT,1,1,78750.0,0.015132,86966.87,0.00115
2025-03-10T03:39:15.023204,BTCUSDT,1,2,78750.0,0.015132,88800.0,0.009489
2025-03-10T03:39:15.824108,BTCUSDT,4,2,82090.58,0.0005,82288.15,0.0005
2025-03-10T03:39:16.743405,BTCUSDT,3,2,78750.0,0.015132,88658.59,0.000803
2025-03-10T03:39:16.823570,BTCUSDT,3,2,82045.44,0.0005,82292.0,0.0005
2025-03-10T03:39:16.903547,BTCUSDT,4,2,78750.0,0.015132,88658.59,0.000803
2025-03-10T03:39:17.003097,BTCUSDT,4,2,82090.58,0.0005,82292.0,0.0005
2025-03-10T03:39:17.163752,BTCUSDT,4,2,78750.0,0.015132,88658.59,0.000803
2025-03-10T03:39:17.823983,BTCUSDT,4,2,82090.58,0.0005,82294.33,0.0005
2025-03-10T03:39:17.983658,BTCUSDT,4,2,78750.0,0.015132,88658.59,0.000803
2025-03-10T03:39:18.724372,BTCUSDT,4,2,82090.58,0.0005,82300.43,0.0005
2025-03-10T03:39:19.723449,BTCUSDT,3,2,78750.0,0.015132,88800.0,0.009489
2025-03-10T03:39:19.804434,BTCUSDT,3,2,82054.29,0.0005,82300.88,0.0005
2025-03-10T03:39:19.863027,BTCUSDT,1,1,78750.0,0.015132,87853.56,0.00123
2025-03-10T03:39:20.023199,BTCUSDT,1,2,78750.0,0.015132,88658.59,0.000803
2025-03-10T03:39:20.124279,BTCUSDT,3,2,82090.58,0.0005,82300.88,0.0005
2025-03-10T03:39:20.203598,BTCUSDT,4,2,78750.0,0.015132,88658.59,0.000803
2025-03-10T03:39:20.724254,BTCUSDT,4,2,82090.58,0.0005,82304.4,0.0005
2025-03-10T03:39:21.724108,BTCUSDT,3,2,78750.0,0.015132,88658.59,0.000803
2025-03-10T03:39:21.803692,BTCUSDT,3,2,82059.93,0.0005,82306.54,0.0005
2025-03-10T03:39:21.890646,BTCUSDT,4,2,78750.0,0.015132,88658.59,0.000803
2025-03-10T03:39:22.723808,BTCUSDT,4,2,82090.58,0.0005,82313.0,0.0005
2025-03-10T03:39:22.883554,BTCUSDT,4,3,78750.0,0.015132,88800.0,0.009489
2025-03-10T03:39:23.764115,BTCUSDT,4,2,82090.58,0.0005,82316.92,0.0005
2025-03-10T03:39:23.903723,BTCUSDT,4,2,78750.0,0.015132,89000.0,0.009489
2025-03-10T03:39:24.003883,BTCUSDT,4,2,82090.58,0.0005,82316.92,0.0005
2025-03-10T03:39:24.143161,BTCUSDT,4,2,78750.0,0.015132,86678.68,0.00093
2025-03-10T03:39:24.724587,BTCUSDT,4,2,82090.58,0.0005,82322.01,0.0005
2025-03-10T03:39:25.743789,BTCUSDT,3,2,78750.0,0.015132,88658.59,0.000803
2025-03-10T03:39:25.865843,BTCUSDT,3,2,82078.45,0.0005,82325.1,0.0005
2025-03-10T03:39:25.948025,BTCUSDT,4,1,78750.0,0.015132,88658.59,0.000803
2025-03-10T03:39:26.077047,BTCUSDT,4,2,82090.58,0.0005,82325.1,0.0005
2025-03-10T03:39:26.344095,BTCUSDT,4,2,78750.0,0.015132,88658.59,0.000803
2025-03-10T03:39:26.733133,BTCUSDT,4,2,82090.58,0.0005,82326.97,0.0005
2025-03-10T03:39:27.743297,BTCUSDT,3,2,78750.0,0.015132,88658.59,0.000803
2025-03-10T03:39:27.824292,BTCUSDT,3,2,82084.12,0.0005,82330.8,0.0005
2025-03-10T03:39:27.903657,BTCUSDT,1,2,78690.95,6.9e-05,88658.59,0.000803
2025-03-10T03:39:28.104968,BTCUSDT,4,2,82090.58,0.0005,82330.8,0.0005
2025-03-10T03:39:28.264892,BTCUSDT,4,2,78750.0,0.015132,88658.59,0.000803
2025-03-10T03:39:28.724460,BTCUSDT,4,2,82090.58,0.0005,82336.45,0.0005
2025-03-10T03:39:29.744232,BTCUSDT,3,2,78750.0,0.015132,88658.59,0.000803
2025-03-10T03:39:29.823552,BTCUSDT,3,2,82090.57,0.0005,82342.19,0.0005
2025-03-10T03:39:29.904249,BTCUSDT,4,1,78750.0,0.015132,88658.59,0.000803
2025-03-10T03:39:30.123999,BTCUSDT,4,2,82090.58,0.0005,82342.19,0.0005
2025-03-10T03:39:30.264304,BTCUSDT,4,2,78750.0,0.015132,88658.59,0.000803
2025-03-10T03:39:30.804158,BTCUSDT,4,2,82090.58,0.0005,82345.68,0.0005
2025-03-10T03:39:31.803876,BTCUSDT,2,2,78750.0,0.015132,88658.59,0.000803
2025-03-10T03:39:31.883536,BTCUSDT,2,2,82018.95,0.0005,82347.79,0.0005
2025-03-10T03:39:32.123709,BTCUSDT,4,2,82090.58,0.0005,82347.79,0.0005
2025-03-10T03:39:32.283391,BTCUSDT,4,2,78750.0,0.015132,88800.0,0.009489
2025-03-10T03:39:32.804374,BTCUSDT,4,2,82090.58,0.0005,82348.61,0.0005
2025-03-10T03:39:33.724878,BTCUSDT,1,2,78691.27,0.00145,88800.0,0.009489
2025-03-10T03:39:33.804382,BTCUSDT,2,2,82018.88,0.0005,82347.7,0.0005
2025-03-10T03:39:33.897378,BTCUSDT,1,1,78636.2,0.007349,88658.59,0.000803
2025-03-10T03:39:34.024759,BTCUSDT,4,2,82090.58,0.0005,82347.7,0.0005
2025-03-10T03:39:34.184057,BTCUSDT,4,2,78750.0,0.015132,88600.0,0.009489
2025-03-10T03:39:34.823515,BTCUSDT,4,2,82090.58,0.0005,82345.82,0.0005
2025-03-10T03:39:35.722900,BTCUSDT,2,2,78750.0,0.015132,88600.0,0.009489
2025-03-10T03:39:35.803510,BTCUSDT,2,2,82014.67,0.0005,82343.48,0.0005
2025-03-10T03:39:36.043591,BTCUSDT,4,2,82090.58,0.0005,82343.48,0.0005
2025-03-10T03:39:36.207121,BTCUSDT,4,2,78750.0,0.015132,88600.0,0.009489
2025-03-10T03:39:36.724519,BTCUSDT,4,2,82090.58,0.0005,82342.06,0.0005
2025-03-10T03:39:37.823196,BTCUSDT,2,2,78750.0,0.015132,88800.0,0.009489
2025-03-10T03:39:37.903532,BTCUSDT,2,2,82012.39,0.0005,82341.19,0.0005
2025-03-10T03:39:38.143867,BTCUSDT,4,2,82090.58,0.0005,82341.19,0.0005
2025-03-10T03:39:38.303322,BTCUSDT,4,2,78750.0,0.015132,88658.59,0.000803
2025-03-10T03:39:38.724738,BTCUSDT,4,2,82090.58,0.0005,82344.61,0.0005
2025-03-10T03:39:39.723422,BTCUSDT,2,2,78750.0,0.015132,88658.59,0.000803
2025-03-10T03:39:39.803804,BTCUSDT,2,2,82021.78,0.0005,82350.62,0.0005
2025-03-10T03:39:40.046312,BTCUSDT,4,1,78750.0,0.015132,88729.04,0.00107
2025-03-10T03:39:40.123608,BTCUSDT,4,2,82090.58,0.0005,82350.62,0.0005
2025-03-10T03:39:40.703406,BTCUSDT,2,2,78750.0,0.015132,88658.59,0.000803
2025-03-10T03:39:40.803274,BTCUSDT,2,2,82027.08,0.0005,82355.95,0.0005
2025-03-10T03:39:40.862960,BTCUSDT,4,1,78750.0,0.015132,88658.59,0.000803
2025-03-10T03:39:41.023898,BTCUSDT,4,2,82090.58,0.0005,82355.95,0.0005
2025-03-10T03:39:41.783388,BTCUSDT,2,2,78750.0,0.015132,88800.0,0.009489
2025-03-10T03:39:41.866684,BTCUSDT,2,2,82030.74,0.0005,82359.62,0.0005
2025-03-10T03:39:41.943126,BTCUSDT,2,1,78690.95,6.9e-05,88800.0,0.009489
2025-03-10T03:39:42.083833,BTCUSDT,4,2,82090.58,0.0005,82359.62,0.0005
2025-03-10T03:39:42.723583,BTCUSDT,2,2,78750.0,0.015132,86581.46,0.00124
2025-03-10T03:39:42.804440,BTCUSDT,2,2,82026.31,0.0005,82355.17,0.0005
2025-03-10T03:39:43.043793,BTCUSDT,4,2,82090.58,0.0005,82355.17,0.0005
2025-03-10T03:39:43.742791,BTCUSDT,2,2,78750.0,0.015132,88636.66,0.00125
2025-03-10T03:39:43.823376,BTCUSDT,2,2,82020.88,0.0005,82349.72,0.0005
2025-03-10T03:39:43.904234,BTCUSDT,2,1,78690.95,6.9e-05,88636.66,0.00125
2025-03-10T03:39:44.044363,BTCUSDT,4,2,82090.58,0.0005,82349.72,0.0005
2025-03-10T03:39:44.743046,BTCUSDT,2,2,78750.0,0.015132,88636.66,0.00125
2025-03-10T03:39:44.824521,BTCUSDT,2,2,82020.94,0.0005,82349.78,0.0005
2025-03-10T03:39:45.084399,BTCUSDT,4,2,78750.0,0.015132,88636.66,0.00125
2025-03-10T03:39:45.723058,BTCUSDT,4,2,82090.58,0.0005,82349.82,0.0005
2025-03-10T03:39:46.723254,BTCUSDT,1,2,78691.27,0.00145,88800.0,0.009489
2025-03-10T03:39:46.803394,BTCUSDT,2,2,82014.73,0.0005,82343.54,0.0005
2025-03-10T03:39:46.882972,BTCUSDT,1,1,78636.2,0.007349,88800.0,0.009489
2025-03-10T03:39:47.023467,BTCUSDT,4,2,82090.58,0.0005,82343.54,0.0005
2025-03-10T03:39:47.184840,BTCUSDT,4,2,78750.0,0.015132,88800.0,0.009489
2025-03-10T03:39:47.883593,BTCUSDT,4,2,82090.58,0.0005,82339.73,0.0005
2025-03-10T03:39:48.023225,BTCUSDT,4,2,78750.0,0.015132,88658.59,0.000803
2025-03-10T03:39:48.745065,BTCUSDT,4,2,82090.58,0.0005,82336.16,0.0005
2025-03-10T03:39:49.823754,BTCUSDT,3,2,78750.0,0.015132,88658.59,0.000803
2025-03-10T03:39:49.903911,BTCUSDT,3,2,82089.85,0.0005,82336.55,0.0005
2025-03-10T03:39:49.987813,BTCUSDT,4,2,78750.0,0.015132,88658.59,0.000803
2025-03-10T03:39:50.743533,BTCUSDT,4,2,82090.58,0.0005,82337.87,0.0005
2025-03-10T03:39:50.883690,BTCUSDT,4,2,78750.0,0.015132,88800.0,0.009489
2025-03-10T03:39:51.723235,BTCUSDT,4,2,82090.58,0.0005,82338.67,0.0005
2025-03-10T03:39:51.884880,BTCUSDT,4,2,78750.0,0.015132,88800.0,0.009489
2025-03-10T03:39:52.723508,BTCUSDT,4,2,82090.58,0.0005,82339.16,0.0005
2025-03-10T03:39:52.863390,BTCUSDT,4,2,78750.0,0.015132,88658.59,0.000803
2025-03-10T03:39:53.722984,BTCUSDT,4,2,82090.58,0.0005,82339.44,0.0005
2025-03-10T03:39:53.875790,BTCUSDT,4,2,78750.0,0.015132,88658.59,0.000803
2025-03-10T03:39:54.723824,BTCUSDT,4,2,82090.58,0.0005,82333.15,0.0005
2025-03-10T03:39:54.883795,BTCUSDT,4,2,78750.0,0.015132,88658.59,0.000803
2025-03-10T03:39:55.743001,BTCUSDT,4,2,82090.58,0.0005,82329.34,0.0005
2025-03-10T03:39:55.883269,BTCUSDT,4,2,78750.0,0.015132,88800.0,0.009489
2025-03-10T03:39:55.983171,BTCUSDT,4,2,82090.58,0.0005,82329.34,0.0005
2025-03-10T03:39:56.123939,BTCUSDT,4,2,78750.0,0.015132,88800.0,0.009489
2025-03-10T03:39:56.723543,BTCUSDT,4,2,82090.58,0.0005,82327.03,0.0005
2025-03-10T03:39:57.723264,BTCUSDT,3,2,78750.0,0.015132,88600.0,0.009489
2025-03-10T03:39:57.804433,BTCUSDT,3,2,82078.96,0.0005,82325.63,0.0005
2025-03-10T03:39:57.893512,BTCUSDT,4,2,78750.0,0.015132,88600.0,0.009489
2025-03-10T03:39:58.723072,BTCUSDT,4,2,82090.58,0.0005,82324.78,0.0005
2025-03-10T03:39:58.883319,BTCUSDT,4,2,78750.0,0.015132,88600.0,0.009489
2025-03-10T03:39:59.803436,BTCUSDT,4,2,82090.58,0.0005,82324.26,0.0005
2025-03-10T03:40:00.002224,BTCUSDT,3,2,78691.27,0.00145,88658.59,0.000803
2025-03-10T03:40:00.322401,BTCUSDT,4,2,82090.58,0.0005,82324.26,0.0005
2025-03-10T03:40:00.375615,BTCUSDT,4,2,78750.0,0.015132,88800.0,0.009489
2025-03-10T03:40:00.725006,BTCUSDT,4,2,82090.58,0.0005,82323.95,0.0005
2025-03-10T03:40:01.723475,BTCUSDT,3,2,78750.0,0.015132,88800.0,0.009489
2025-03-10T03:40:01.803158,BTCUSDT,3,2,82080.16,0.0005,82326.83,0.0005
2025-03-10T03:40:01.885896,BTCUSDT,4,1,78750.0,0.015132,88800.0,0.009489
2025-03-10T03:40:02.043684,BTCUSDT,4,2,82090.58,0.0005,82326.83,0.0005
2025-03-10T03:40:02.203049,BTCUSDT,4,2,78750.0,0.015132,88658.59,0.000803
2025-03-10T03:40:02.744587,BTCUSDT,4,2,82090.58,0.0005,82325.09,0.0005
2025-03-10T03:40:03.703208,BTCUSDT,3,2,78750.0,0.015132,88600.0,0.009489
2025-03-10T03:40:03.803344,BTCUSDT,3,2,82074.71,0.0005,82321.35,0.0005
2025-03-10T03:40:03.882929,BTCUSDT,3,2,78691.27,0.00145,88600.0,0.009489
2025-03-10T03:40:03.963614,BTCUSDT,4,2,82090.58,0.0005,82321.35,0.0005
2025-03-10T03:40:04.124070,BTCUSDT,4,2,78750.0,0.015132,88600.0,0.009489
2025-03-10T03:40:04.723404,BTCUSDT,4,2,82090.58,0.0005,82319.88,0.0005
2025-03-10T03:40:05.723464,BTCUSDT,3,2,78750.0,0.015132,89000.0,0.009489
2025-03-10T03:40:05.803772,BTCUSDT,3,2,82083.44,0.0005,82330.12,0.0005
2025-03-10T03:40:05.892603,BTCUSDT,3,1,78750.0,0.015132,89000.0,0.009489
2025-03-10T03:40:06.023025,BTCUSDT,1,1,78636.2,0.007349,89000.0,0.009489
2025-03-10T03:40:06.103246,BTCUSDT,4,2,82090.58,0.0005,82330.12,0.0005
2025-03-10T03:40:06.263752,BTCUSDT,4,2,78750.0,0.015132,88800.0,0.009489
2025-03-10T03:40:06.923383,BTCUSDT,4,2,82090.58,0.0005,82336.33,0.0005
2025-03-10T03:40:07.062605,BTCUSDT,4,2,78750.0,0.015132,88600.0,0.009489
2025-03-10T03:40:07.742838,BTCUSDT,4,2,82090.58,0.0005,82335.15,0.0005
2025-03-10T03:40:08.847354,BTCUSDT,3,2,78750.0,0.015132,88658.59,0.000803
2025-03-10T03:40:08.922760,BTCUSDT,3,2,82087.76,0.0005,82334.44,0.0005
2025-03-10T03:40:09.023636,BTCUSDT,1,2,78636.2,0.007349,88658.59,0.000803
2025-03-10T03:40:09.105153,BTCUSDT,4,2,82090.58,0.0005,82334.44,0.0005
2025-03-10T03:40:09.243944,BTCUSDT,4,2,78750.0,0.015132,88658.59,0.000803
2025-03-10T03:40:09.871960,BTCUSDT,4,2,82090.58,0.0005,82335.44,0.0005
2025-03-10T03:40:10.023264,BTCUSDT,4,2,78750.0,0.015132,88658.59,0.000803
2025-03-10T03:40:10.763910,BTCUSDT,4,2,82090.58,0.0005,82336.05,0.0005
2025-03-10T03:40:11.743226,BTCUSDT,3,2,78750.0,0.015132,88658.59,0.000803
2025-03-10T03:40:11.823980,BTCUSDT,3,2,82089.73,0.0005,82336.42,0.0005
2025-03-10T03:40:11.903939,BTCUSDT,4,1,78750.0,0.015132,88658.59,0.000803
2025-03-10T03:40:12.063629,BTCUSDT,4,2,82090.58,0.0005,82336.42,0.0005
2025-03-10T03:40:12.203199,BTCUSDT,4,2,78750.0,0.015132,88658.59,0.000803
2025-03-10T03:40:12.746299,BTCUSDT,4,2,82090.58,0.0005,82336.65,0.0005
2025-03-10T03:40:13.723156,BTCUSDT,3,2,78750.0,0.015132,89000.0,0.009489
2025-03-10T03:40:13.803247,BTCUSDT,3,2,82084.97,0.0005,82331.64,0.0005
2025-03-10T03:40:14.043729,BTCUSDT,3,2,82084.97,0.0005,82331.64,0.0005
2025-03-10T03:40:14.183970,BTCUSDT,4,2,78750.0,0.015132,89000.0,0.009489
2025-03-10T03:40:14.723214,BTCUSDT,4,2,82090.58,0.0005,82328.61,0.0005
2025-03-10T03:40:15.723225,BTCUSDT,3,2,78750.0,0.015132,88600.0,0.009489
2025-03-10T03:40:15.803091,BTCUSDT,3,2,82074.81,0.0005,82321.46,0.0005
2025-03-10T03:40:15.883476,BTCUSDT,4,2,78750.0,0.015132,88600.0,0.009489
2025-03-10T03:40:16.723571,BTCUSDT,4,2,82090.58,0.0005,82315.49,0.0005
2025-03-10T03:40:16.864029,BTCUSDT,4,2,78750.0,0.015132,88600.0,0.009489
2025-03-10T03:40:16.963674,BTCUSDT,4,2,82090.58,0.0005,82315.49,0.0005
2025-03-10T03:40:17.122975,BTCUSDT,4,2,78750.0,0.015132,88600.0,0.009489
2025-03-10T03:40:17.743038,BTCUSDT,4,2,82090.58,0.0005,82311.87,0.0005
2025-03-10T03:40:18.883505,BTCUSDT,3,2,78750.0,0.015132,88800.0,0.009489
2025-03-10T03:40:18.962874,BTCUSDT,3,2,82064.69,0.0005,82311.31,0.0005
2025-03-10T03:40:19.043460,BTCUSDT,4,2,78750.0,0.015132,86421.52,0.00108
2025-03-10T03:40:19.723053,BTCUSDT,4,2,82090.58,0.0005,82310.97,0.0005
2025-03-10T03:40:19.882697,BTCUSDT,4,2,78750.0,0.015132,88600.0,0.009489
2025-03-10T03:40:20.723375,BTCUSDT,4,2,82090.58,0.0005,82307.58,0.0005
2025-03-10T03:40:20.862897,BTCUSDT,4,2,78750.0,0.015132,88600.0,0.009489
2025-03-10T03:40:21.743860,BTCUSDT,4,2,82090.58,0.0005,82305.53,0.0005
2025-03-10T03:40:21.885426,BTCUSDT,4,2,78750.0,0.015132,88600.0,0.009489
2025-03-10T03:40:22.783101,BTCUSDT,4,2,82090.58,0.0005,82304.28,0.0005
2025-03-10T03:40:22.924289,BTCUSDT,4,2,78750.0,0.015132,88800.0,0.009489
2025-03-10T03:40:23.742582,BTCUSDT,4,2,82090.58,0.0005,82302.3,0.0005
2025-03-10T03:40:23.883240,BTCUSDT,4,2,78750.0,0.015132,88658.59,0.000803
2025-03-10T03:40:23.983517,BTCUSDT,3,2,82055.72,0.0005,82302.3,0.0005
2025-03-10T03:40:24.122940,BTCUSDT,4,2,78750.0,0.015132,88600.0,0.009489
2025-03-10T03:40:24.763254,BTCUSDT,4,2,82090.58,0.0005,82301.1,0.0005
2025-03-10T03:40:25.723218,BTCUSDT,3,2,78750.0,0.015132,88600.0,0.009489
2025-03-10T03:40:25.802976,BTCUSDT,3,2,82057.39,0.0005,82303.99,0.0005
2025-03-10T03:40:25.884254,BTCUSDT,4,2,78750.0,0.015132,88600.0,0.009489
2025-03-10T03:40:26.723384,BTCUSDT,4,2,82090.58,0.0005,82308.76,0.0005
2025-03-10T03:40:26.862745,BTCUSDT,4,2,78750.0,0.015132,88658.59,0.000803
2025-03-10T03:40:27.723008,BTCUSDT,4,2,82090.58,0.0005,82311.72,0.0005
2025-03-10T03:40:27.883320,BTCUSDT,4,2,78750.0,0.015132,88870.07,0.00111
2025-03-10T03:40:28.724414,BTCUSDT,4,2,82090.58,0.0005,82320.07,0.0005
2025-03-10T03:40:28.882939,BTCUSDT,4,2,78750.0,0.015132,88800.0,0.009489
2025-03-10T03:40:29.723168,BTCUSDT,4,2,82090.58,0.0005,82330.22,0.0005
2025-03-10T03:40:29.894386,BTCUSDT,4,2,78750.0,0.015132,88600.0,0.009489
2025-03-10T03:40:30.725073,BTCUSDT,4,2,82090.58,0.0005,82336.38,0.0005
2025-03-10T03:40:30.883126,BTCUSDT,4,2,78750.0,0.015132,88600.0,0.009489
2025-03-10T03:40:31.822719,BTCUSDT,4,2,82090.58,0.0005,82340.11,0.0005
2025-03-10T03:40:31.963072,BTCUSDT,4,2,78750.0,0.015132,88658.59,0.000803
2025-03-10T03:40:32.062875,BTCUSDT,4,2,82090.58,0.0005,82340.11,0.0005
2025-03-10T03:40:32.223026,BTCUSDT,4,2,78750.0,0.015132,88658.59,0.000803
2025-03-10T03:40:32.762679,BTCUSDT,4,2,82090.58,0.0005,82342.37,0.0005
2025-03-10T03:40:33.726134,BTCUSDT,2,2,78750.0,0.015132,88600.0,0.009489
2025-03-10T03:40:33.803905,BTCUSDT,2,3,82014.0,0.0005,82342.81,0.0005
2025-03-10T03:40:33.899764,BTCUSDT,4,2,78750.0,0.015132,88583.44,0.00135
2025-03-10T03:40:34.723346,BTCUSDT,4,2,82090.58,0.0005,82343.07,0.0005
2025-03-10T03:40:34.862738,BTCUSDT,4,2,78750.0,0.015132,88583.44,0.00135
2025-03-10T03:40:34.942804,BTCUSDT,4,2,82090.58,0.0005,82343.07,0.0005
2025-03-10T03:40:35.104266,BTCUSDT,4,2,78750.0,0.015132,88583.44,0.00135
2025-03-10T03:40:35.743350,BTCUSDT,4,2,82090.58,0.0005,82337.57,0.0005
2025-03-10T03:40:36.763334,BTCUSDT,3,2,78750.0,0.015132,88583.44,0.00135
2025-03-10T03:40:36.844592,BTCUSDT,3,2,82088.83,0.0005,82335.52,0.0005
2025-03-10T03:40:36.923149,BTCUSDT,4,1,78750.0,0.015132,88600.0,0.009489
2025-03-10T03:40:37.023103,BTCUSDT,4,2,82090.58,0.0005,82335.52,0.0005
2025-03-10T03:40:37.164250,BTCUSDT,4,2,78750.0,0.015132,88600.0,0.009489
2025-03-10T03:40:37.742981,BTCUSDT,4,2,82090.58,0.0005,82332.84,0.0005
2025-03-10T03:40:38.763114,BTCUSDT,3,2,78750.0,0.015132,88658.59,0.000803
2025-03-10T03:40:38.843265,BTCUSDT,3,2,82083.42,0.0005,82330.09,0.0005
2025-03-10T03:40:38.923460,BTCUSDT,1,2,78636.2,0.007349,88658.59,0.000803
2025-03-10T03:40:39.003742,BTCUSDT,4,2,82090.58,0.0005,82330.09,0.0005
2025-03-10T03:40:39.143224,BTCUSDT,4,2,78750.0,0.015132,88658.59,0.000803
2025-03-10T03:40:39.783670,BTCUSDT,4,2,82090.58,0.0005,82328.35,0.0005
2025-03-10T03:40:40.763565,BTCUSDT,3,2,78750.0,0.015132,88658.59,0.000803
2025-03-10T03:40:40.843826,BTCUSDT,3,2,82080.63,0.0005,82327.3,0.0005
2025-03-10T03:40:40.922522,BTCUSDT,3,1,78691.27,0.00145,88658.59,0.000803
2025-03-10T03:40:41.002676,BTCUSDT,4,1,82090.58,0.0005,82327.3,0.0005
2025-03-10T03:40:41.072677,BTCUSDT,1,1,78750.0,0.015132,88800.0,0.009489
2025-03-10T03:40:41.202703,BTCUSDT,1,1,78636.2,0.007349,88851.69,0.00101
2025-03-10T03:40:41.309601,BTCUSDT,4,2,82090.58,0.0005,82327.3,0.0005
2025-03-10T03:40:41.723028,BTCUSDT,3,2,78750.0,0.015132,88800.0,0.009489
2025-03-10T03:40:41.803748,BTCUSDT,3,2,82079.99,0.0005,82326.66,0.0005
2025-03-10T03:40:41.883752,BTCUSDT,3,2,78691.27,0.00145,88800.0,0.009489
2025-03-10T03:40:41.962331,BTCUSDT,4,2,82090.58,0.0005,82326.66,0.0005
2025-03-10T03:40:42.723120,BTCUSDT,3,2,78750.0,0.015132,89000.0,0.009489
2025-03-10T03:40:42.803173,BTCUSDT,3,2,82079.6,0.0005,82326.27,0.0005
2025-03-10T03:40:42.882852,BTCUSDT,4,2,78750.0,0.015132,88800.0,0.009489
2025-03-10T03:40:43.743419,BTCUSDT,4,2,82090.58,0.0005,82326.03,0.0005
2025-03-10T03:40:43.882669,BTCUSDT,4,2,78750.0,0.015132,88658.59,0.000803
2025-03-10T03:40:43.983352,BTCUSDT,4,2,82090.58,0.0005,82326.03,0.0005
2025-03-10T03:40:44.723654,BTCUSDT,3,2,78750.0,0.015132,88658.59,0.000803
2025-03-10T03:40:44.802974,BTCUSDT,3,2,82076.16,0.0005,82322.81,0.0005
2025-03-10T03:40:44.882468,BTCUSDT,4,2,78750.0,0.015132,88658.59,0.000803
2025-03-10T03:40:45.744170,BTCUSDT,4,2,82090.58,0.0005,82315.83,0.0005
2025-03-10T03:40:45.903677,BTCUSDT,4,2,78750.0,0.015132,88658.59,0.000803
2025-03-10T03:40:46.723266,BTCUSDT,4,2,82090.58,0.0005,82311.6,0.0005
2025-03-10T03:40:46.882559,BTCUSDT,4,2,78750.0,0.015132,88658.59,0.000803
2025-03-10T03:40:47.722918,BTCUSDT,4,2,82090.58,0.0005,82309.03,0.0005
2025-03-10T03:40:47.863300,BTCUSDT,4,2,78750.0,0.015132,89000.0,0.009489
2025-03-10T03:40:48.762532,BTCUSDT,4,2,82090.58,0.0005,82307.47,0.0005
2025-03-10T03:40:48.922738,BTCUSDT,4,2,78750.0,0.015132,88658.59,0.000803
2025-03-10T03:40:49.762581,BTCUSDT,4,2,82090.58,0.0005,82306.53,0.0005
2025-03-10T03:40:49.923372,BTCUSDT,4,2,78750.0,0.015132,88658.59,0.000803
2025-03-10T03:40:50.722742,BTCUSDT,4,2,82090.58,0.0005,82305.96,0.0005
2025-03-10T03:40:50.882351,BTCUSDT,4,2,78750.0,0.015132,88658.59,0.000803
2025-03-10T03:40:51.722961,BTCUSDT,4,2,82090.58,0.0005,82305.61,0.0005
2025-03-10T03:40:51.883848,BTCUSDT,4,2,78750.0,0.015132,89000.0,0.009489
2025-03-10T03:40:52.723758,BTCUSDT,4,2,82090.58,0.0005,82305.4,0.0005
2025-03-10T03:40:52.883358,BTCUSDT,4,2,78750.0,0.015132,89175.56,0.00106
2025-03-10T03:40:53.723250,BTCUSDT,4,2,82090.58,0.0005,82305.27,0.0005
2025-03-10T03:40:53.884099,BTCUSDT,1,2,78636.2,0.007349,88658.59,0.000803
2025-03-10T03:40:54.723415,BTCUSDT,4,2,82090.58,0.0005,82305.16,0.0005
2025-03-10T03:40:54.882375,BTCUSDT,4,2,78750.0,0.015132,88658.59,0.000803
2025-03-10T03:40:55.784368,BTCUSDT,4,2,82090.58,0.0005,82297.54,0.0005
2025-03-10T03:40:55.943746,BTCUSDT,4,2,78750.0,0.015132,88658.59,0.000803
2025-03-10T03:40:56.723731,BTCUSDT,4,2,82090.58,0.0005,82295.44,0.0005
2025-03-10T03:40:56.883430,BTCUSDT,4,2,78750.0,0.015132,88800.0,0.009489
2025-03-10T03:40:57.753667,BTCUSDT,4,2,82090.58,0.0005,82295.41,0.0005
2025-03-10T03:40:57.872152,BTCUSDT,4,2,78750.0,0.015132,88658.59,0.000803
2025-03-10T03:40:58.823536,BTCUSDT,4,2,82090.58,0.0005,82295.39,0.0005
2025-03-10T03:40:58.962951,BTCUSDT,4,2,78750.0,0.015132,88600.0,0.009489
2025-03-10T03:40:59.042447,BTCUSDT,4,2,82090.58,0.0005,82295.39,0.0005
2025-03-10T03:40:59.703351,BTCUSDT,3,2,78750.0,0.015132,88600.0,0.009489
2025-03-10T03:40:59.804255,BTCUSDT,3,2,82053.34,0.0005,82299.93,0.0005
2025-03-10T03:40:59.882313,BTCUSDT,1,2,78636.2,0.007349,88600.0,0.009489
2025-03-10T03:40:59.962612,BTCUSDT,4,2,82090.58,0.0005,82299.93,0.0005
2025-03-10T03:41:00.702924,BTCUSDT,3,1,78750.0,0.015132,88658.59,0.000803
2025-03-10T03:41:00.803742,BTCUSDT,3,2,82056.09,0.0005,82302.68,0.0005
2025-03-10T03:41:00.882965,BTCUSDT,4,2,78750.0,0.015132,88658.59,0.000803
2025-03-10T03:41:00.983449,BTCUSDT,4,2,82090.58,0.0005,82302.68,0.0005
2025-03-10T03:41:01.726074,BTCUSDT,3,2,78750.0,0.015132,89000.0,0.009489
2025-03-10T03:41:01.804002,BTCUSDT,3,2,82058.11,0.0005,82304.7,0.0005
2025-03-10T03:41:01.888683,BTCUSDT,2,2,78691.27,0.00145,89000.0,0.009489
2025-03-10T03:41:02.103533,BTCUSDT,4,2,82090.58,0.0005,82304.7,0.0005
2025-03-10T03:41:02.783381,BTCUSDT,3,2,78750.0,0.015132,89133.28,0.00124
2025-03-10T03:41:02.862824,BTCUSDT,3,2,82059.32,0.0005,82305.93,0.0005
2025-03-10T03:41:03.103626,BTCUSDT,4,2,82090.58,0.0005,82305.93,0.0005
2025-03-10T03:41:03.882778,BTCUSDT,3,2,78750.0,0.015132,88800.0,0.009489
2025-03-10T03:41:03.962769,BTCUSDT,3,2,82060.06,0.0005,82306.67,0.0005
2025-03-10T03:41:04.202846,BTCUSDT,4,2,82090.58,0.0005,82306.67,0.0005
2025-03-10T03:41:04.723077,BTCUSDT,3,2,78750.0,0.015132,88658.59,0.000803
2025-03-10T03:41:04.803145,BTCUSDT,3,2,82060.51,0.0005,82307.12,0.0005
2025-03-10T03:41:05.042449,BTCUSDT,4,2,82090.58,0.0005,82307.12,0.0005
2025-03-10T03:41:05.723203,BTCUSDT,3,2,78750.0,0.015132,88658.59,0.000803
2025-03-10T03:41:05.802889,BTCUSDT,3,2,82059.1,0.0005,82305.71,0.0005
2025-03-10T03:41:05.884424,BTCUSDT,3,2,78691.27,0.00145,88658.59,0.000803
2025-03-10T03:41:05.962660,BTCUSDT,4,2,82090.58,0.0005,82305.71,0.0005
2025-03-10T03:41:06.723741,BTCUSDT,3,2,78750.0,0.015132,88800.0,0.009489
2025-03-10T03:41:06.802634,BTCUSDT,3,2,82056.42,0.0005,82303.01,0.0005
2025-03-10T03:41:06.883240,BTCUSDT,3,1,78691.27,0.00145,88800.0,0.009489
2025-03-10T03:41:07.022861,BTCUSDT,4,2,82090.58,0.0005,82303.01,0.0005
2025-03-10T03:41:07.722612,BTCUSDT,3,2,78750.0,0.015132,89133.28,0.00124
2025-03-10T03:41:07.802784,BTCUSDT,3,2,82054.79,0.0005,82301.38,0.0005
2025-03-10T03:41:07.882583,BTCUSDT,4,1,78750.0,0.015132,89133.28,0.00124
2025-03-10T03:41:08.043741,BTCUSDT,4,2,82090.58,0.0005,82301.38,0.0005
2025-03-10T03:41:08.802346,BTCUSDT,3,2,78750.0,0.015132,88800.0,0.009489
2025-03-10T03:41:08.882607,BTCUSDT,3,2,82053.8,0.0005,82300.39,0.0005
2025-03-10T03:41:09.102756,BTCUSDT,1,2,78750.0,0.015132,88658.59,0.000803
2025-03-10T03:41:09.722823,BTCUSDT,4,2,82090.58,0.0005,82299.78,0.0005
2025-03-10T03:41:10.722946,BTCUSDT,3,2,78750.0,0.015132,88600.0,0.009489
2025-03-10T03:41:10.802837,BTCUSDT,3,2,82052.84,0.0005,82299.42,0.0005
2025-03-10T03:41:10.882778,BTCUSDT,4,2,78750.0,0.015132,88600.0,0.009489
2025-03-10T03:41:10.982968,BTCUSDT,4,2,82090.58,0.0005,82299.42,0.0005
2025-03-10T03:41:11.122446,BTCUSDT,4,2,78750.0,0.015132,88658.59,0.000803
2025-03-10T03:41:11.742751,BTCUSDT,4,2,82090.58,0.0005,82299.2,0.0005
2025-03-10T03:41:12.722914,BTCUSDT,3,2,78750.0,0.015132,88800.0,0.009489
2025-03-10T03:41:12.802282,BTCUSDT,3,2,82052.48,0.0005,82299.06,0.0005
2025-03-10T03:41:12.882400,BTCUSDT,4,2,78750.0,0.015132,88658.59,0.000803
2025-03-10T03:41:13.743034,BTCUSDT,4,2,82090.58,0.0005,82298.98,0.0005
2025-03-10T03:41:13.903097,BTCUSDT,4,2,78750.0,0.015132,88600.0,0.009489
2025-03-10T03:41:14.743114,BTCUSDT,4,2,82090.58,0.0005,82297.35,0.0005
2025-03-10T03:41:14.882711,BTCUSDT,4,2,78750.0,0.015132,88600.0,0.009489
2025-03-10T03:41:14.963908,BTCUSDT,4,2,82090.58,0.0005,82297.35,0.0005
2025-03-10T03:41:15.123757,BTCUSDT,4,2,78750.0,0.015132,88600.0,0.009489
2025-03-10T03:41:15.742866,BTCUSDT,4,2,82090.58,0.0005,82294.73,0.0005
2025-03-10T03:41:16.722971,BTCUSDT,3,3,78750.0,0.015132,88684.24,0.00099
2025-03-10T03:41:16.802678,BTCUSDT,3,2,82046.58,0.0005,82293.14,0.0005
2025-03-10T03:41:16.862155,BTCUSDT,4,2,78750.0,0.015132,88800.0,0.009489
2025-03-10T03:41:16.962591,BTCUSDT,4,2,82090.58,0.0005,82293.14,0.0005
2025-03-10T03:41:17.104938,BTCUSDT,4,2,78750.0,0.015132,88800.0,0.009489
2025-03-10T03:41:17.762760,BTCUSDT,4,2,82090.58,0.0005,82292.18,0.0005
2025-03-10T03:41:18.742644,BTCUSDT,3,2,78750.0,0.015132,88617.42,0.0011
2025-03-10T03:41:18.823388,BTCUSDT,3,2,82045.04,0.0005,82291.6,0.0005
2025-03-10T03:41:19.062804,BTCUSDT,4,2,82090.58,0.0005,82291.6,0.0005
2025-03-10T03:41:19.222965,BTCUSDT,4,2,78750.0,0.015132,88617.42,0.0011
2025-03-10T03:41:19.743115,BTCUSDT,3,2,82047.88,0.0005,82294.45,0.0005
2025-03-10T03:41:20.723206,BTCUSDT,3,2,78750.0,0.015132,88658.59,0.000803
2025-03-10T03:41:20.802649,BTCUSDT,3,2,82049.95,0.0005,82296.53,0.0005
2025-03-10T03:41:20.882499,BTCUSDT,4,2,78750.0,0.015132,88658.59,0.000803
2025-03-10T03:41:20.963575,BTCUSDT,4,2,82090.58,0.0005,82296.53,0.0005
2025-03-10T03:41:21.123837,BTCUSDT,4,2,78750.0,0.015132,88658.59,0.000803
2025-03-10T03:41:21.723358,BTCUSDT,4,2,82090.58,0.0005,82301.47,0.0005
2025-03-10T03:41:22.722927,BTCUSDT,3,2,78750.0,0.015132,88658.59,0.000803
2025-03-10T03:41:22.803000,BTCUSDT,3,2,82058.58,0.0005,82305.17,0.0005
2025-03-10T03:41:22.882504,BTCUSDT,4,2,78750.0,0.015132,88658.59,0.000803
2025-03-10T03:41:23.722801,BTCUSDT,4,2,82090.58,0.0005,82307.42,0.0005
2025-03-10T03:41:23.882470,BTCUSDT,4,2,78750.0,0.015132,88658.59,0.000803
2025-03-10T03:41:24.722298,BTCUSDT,4,2,82090.58,0.0005,82308.79,0.0005
2025-03-10T03:41:24.882536,BTCUSDT,4,2,78750.0,0.015132,88658.59,0.000803
2025-03-10T03:41:25.742870,BTCUSDT,4,2,82090.58,0.0005,82309.62,0.0005
2025-03-10T03:41:25.903028,BTCUSDT,4,2,78750.0,0.015132,88658.59,0.000803
2025-03-10T03:41:26.722335,BTCUSDT,4,2,82090.58,0.0005,82310.12,0.0005
2025-03-10T03:41:26.882805,BTCUSDT,4,2,78750.0,0.015132,88800.0,0.009489
2025-03-10T03:41:27.722372,BTCUSDT,4,2,82090.58,0.0005,82310.42,0.0005
2025-03-10T03:41:27.863308,BTCUSDT,4,2,78750.0,0.015132,88658.59,0.000803
2025-03-10T03:41:27.943020,BTCUSDT,4,2,82090.58,0.0005,82310.42,0.0005
2025-03-10T03:41:28.102967,BTCUSDT,4,2,78750.0,0.015132,88617.42,0.0011
2025-03-10T03:41:28.742444,BTCUSDT,4,2,82090.58,0.0005,82310.61,0.0005
2025-03-10T03:41:29.742251,BTCUSDT,3,2,78750.0,0.015132,88617.42,0.0011
2025-03-10T03:41:29.823789,BTCUSDT,3,2,82064.1,0.0005,82310.72,0.0005
2025-03-10T03:41:29.902725,BTCUSDT,3,2,78691.27,0.00145,88617.42,0.0011
2025-03-10T03:41:29.982159,BTCUSDT,4,2,82090.58,0.0005,82310.72,0.0005
2025-03-10T03:41:30.142306,BTCUSDT,4,2,78750.0,0.015132,88617.42,0.0011
2025-03-10T03:41:30.742851,BTCUSDT,4,2,82090.58,0.0005,82310.79,0.0005
2025-03-10T03:41:31.722882,BTCUSDT,3,2,78750.0,0.015132,88658.59,0.000803
2025-03-10T03:41:31.802805,BTCUSDT,3,2,82064.21,0.0005,82310.83,0.0005
2025-03-10T03:41:31.884205,BTCUSDT,4,2,78750.0,0.015132,88800.0,0.009489
2025-03-10T03:41:32.722446,BTCUSDT,4,2,82090.58,0.0005,82310.85,0.0005
2025-03-10T03:41:32.882646,BTCUSDT,4,2,78750.0,0.015132,88658.59,0.000803
2025-03-10T03:41:33.722866,BTCUSDT,4,2,82090.58,0.0005,82307.68,0.0005
2025-03-10T03:41:33.892183,BTCUSDT,4,2,78750.0,0.015132,88617.42,0.0011
2025-03-10T03:41:34.722870,BTCUSDT,4,2,82090.58,0.0005,82304.99,0.0005
2025-03-10T03:41:34.882452,BTCUSDT,4,2,78750.0,0.015132,88617.42,0.0011
2025-03-10T03:41:35.722596,BTCUSDT,4,2,82090.58,0.0005,82303.36,0.0005
2025-03-10T03:41:35.883024,BTCUSDT,4,2,78750.0,0.015132,88617.42,0.0011
2025-03-10T03:41:36.722250,BTCUSDT,4,2,82090.58,0.0005,82302.37,0.0005
2025-03-10T03:41:36.863138,BTCUSDT,4,2,78750.0,0.015132,88800.0,0.009489
2025-03-10T03:41:36.962982,BTCUSDT,4,2,82090.58,0.0005,82302.37,0.0005
2025-03-10T03:41:37.102637,BTCUSDT,4,2,78750.0,0.015132,88883.61,0.00124
2025-03-10T03:41:37.722574,BTCUSDT,4,2,82090.58,0.0005,82301.77,0.0005
2025-03-10T03:41:38.743759,BTCUSDT,3,2,78750.0,0.015132,88600.0,0.009489
2025-03-10T03:41:38.822620,BTCUSDT,3,2,82055.58,0.0005,82302.17,0.0005
2025-03-10T03:41:39.182470,BTCUSDT,3,2,78750.0,0.015132,88600.0,0.009489
2025-03-10T03:41:39.263141,BTCUSDT,3,2,82090.58,0.0005,82302.17,0.0005
2025-03-10T03:41:39.342551,BTCUSDT,4,1,78750.0,0.015132,88600.0,0.009489
2025-03-10T03:41:39.422403,BTCUSDT,4,1,82090.58,0.0005,82302.17,0.0005
2025-03-10T03:41:39.502653,BTCUSDT,4,1,78750.0,0.015132,88600.0,0.009489
2025-03-10T03:41:40.723430,BTCUSDT,4,2,82090.58,0.0005,82297.97,0.0005
2025-03-10T03:41:40.863055,BTCUSDT,4,2,78750.0,0.015132,88658.59,0.000803
2025-03-10T03:41:41.722829,BTCUSDT,4,2,82090.58,0.0005,82295.82,0.0005
2025-03-10T03:41:41.884562,BTCUSDT,3,2,78691.27,0.00145,88800.0,0.009489
2025-03-10T03:41:42.823217,BTCUSDT,4,2,82090.58,0.0005,82294.52,0.0005
2025-03-10T03:41:42.962143,BTCUSDT,4,2,78750.0,0.015132,88658.59,0.000803
2025-03-10T03:41:43.064449,BTCUSDT,4,2,82090.58,0.0005,82294.52,0.0005
2025-03-10T03:41:43.722713,BTCUSDT,3,2,78750.0,0.015132,88658.59,0.000803
2025-03-10T03:41:43.802994,BTCUSDT,3,2,82049.79,0.0005,82296.37,0.0005
2025-03-10T03:41:44.089507,BTCUSDT,4,2,82090.58,0.0005,82296.37,0.0005
2025-03-10T03:41:44.938080,BTCUSDT,3,2,78750.0,0.015132,88800.0,0.009489
2025-03-10T03:41:45.056058,BTCUSDT,3,2,82050.92,0.0005,82297.49,0.0005
2025-03-10T03:41:45.173302,BTCUSDT,3,1,78691.27,0.00145,88800.0,0.009489
2025-03-10T03:41:45.223861,BTCUSDT,4,2,82090.58,0.0005,82297.49,0.0005
2025-03-10T03:41:45.722115,BTCUSDT,3,2,78750.0,0.015132,88800.0,0.009489
2025-03-10T03:41:45.802427,BTCUSDT,3,2,82053.39,0.0005,82299.98,0.0005
2025-03-10T03:41:45.894992,BTCUSDT,4,2,78750.0,0.015132,88800.0,0.009489
2025-03-10T03:41:46.722219,BTCUSDT,4,2,82090.58,0.0005,82312.52,0.0005
2025-03-10T03:41:46.882266,BTCUSDT,4,2,78750.0,0.015132,88658.59,0.000803
2025-03-10T03:41:47.742423,BTCUSDT,4,2,82090.58,0.0005,82320.13,0.0005
2025-03-10T03:41:47.902574,BTCUSDT,4,2,78750.0,0.015132,88658.59,0.000803
2025-03-10T03:41:48.742751,BTCUSDT,4,2,82090.58,0.0005,82324.75,0.0005
2025-03-10T03:41:48.902491,BTCUSDT,4,2,78750.0,0.015132,88658.59,0.000803
2025-03-10T03:41:49.742911,BTCUSDT,4,2,82090.58,0.0005,82327.55,0.0005
2025-03-10T03:41:49.905227,BTCUSDT,4,2,78750.0,0.015132,88800.0,0.009489
2025-03-10T03:41:50.782338,BTCUSDT,4,2,82090.58,0.0005,82329.25,0.0005
2025-03-10T03:41:50.923518,BTCUSDT,4,2,78750.0,0.015132,88600.0,0.009489
2025-03-10T03:41:51.002733,BTCUSDT,4,2,82090.58,0.0005,82329.25,0.0005
2025-03-10T03:41:51.722433,BTCUSDT,3,2,78750.0,0.015132,88600.0,0.009489
2025-03-10T03:41:51.802421,BTCUSDT,3,2,82083.6,0.0005,82330.28,0.0005
2025-03-10T03:41:51.881979,BTCUSDT,4,2,78750.0,0.015132,88600.0,0.009489
2025-03-10T03:41:52.782449,BTCUSDT,4,2,82090.58,0.0005,82330.92,0.0005
2025-03-10T03:41:52.942328,BTCUSDT,4,2,78750.0,0.015132,88600.0,0.009489
2025-03-10T03:41:53.802115,BTCUSDT,4,2,82090.58,0.0005,82331.3,0.0005
2025-03-10T03:41:53.962456,BTCUSDT,4,2,78750.0,0.015132,88600.0,0.009489
2025-03-10T03:41:54.822916,BTCUSDT,4,2,82090.58,0.0005,82331.54,0.0005
2025-03-10T03:41:54.963955,BTCUSDT,4,2,78750.0,0.015132,88600.0,0.009489
2025-03-10T03:41:55.722808,BTCUSDT,4,3,82090.58,0.0005,82331.9,0.0005
2025-03-10T03:41:55.881685,BTCUSDT,4,2,78750.0,0.015132,88400.0,0.009489
2025-03-10T03:41:56.802175,BTCUSDT,4,2,82090.58,0.0005,82339.3,0.0005
2025-03-10T03:41:56.962756,BTCUSDT,4,2,78750.0,0.015132,88400.0,0.009489
2025-03-10T03:41:57.802598,BTCUSDT,4,2,82090.58,0.0005,82346.99,0.0005
2025-03-10T03:41:57.945124,BTCUSDT,4,2,78750.0,0.015132,88400.0,0.009489
2025-03-10T03:41:58.043226,BTCUSDT,4,2,82090.58,0.0005,82346.99,0.0005
2025-03-10T03:41:58.748644,BTCUSDT,2,2,78750.0,0.015132,88400.0,0.009489
2025-03-10T03:41:58.822458,BTCUSDT,2,2,82022.8,0.0005,82351.65,0.0005
2025-03-10T03:41:59.062519,BTCUSDT,4,2,82090.58,0.0005,82351.65,0.0005
2025-03-10T03:41:59.763595,BTCUSDT,2,2,78750.0,0.015132,88658.59,0.000803
2025-03-10T03:41:59.844181,BTCUSDT,2,2,82025.63,0.0005,82354.48,0.0005
2025-03-10T03:42:00.082315,BTCUSDT,4,2,82090.58,0.0005,82354.48,0.0005
2025-03-10T03:42:00.723425,BTCUSDT,2,2,78750.0,0.015132,88400.0,0.009489
2025-03-10T03:42:00.822564,BTCUSDT,2,2,82027.33,0.0005,82356.19,0.0005
2025-03-10T03:42:00.908441,BTCUSDT,4,2,78750.0,0.015132,88400.0,0.009489
2025-03-10T03:42:01.889113,BTCUSDT,4,2,82090.58,0.0005,82357.23,0.0005
2025-03-10T03:42:02.023953,BTCUSDT,4,2,78750.0,0.015132,88400.0,0.009489
2025-03-10T03:42:02.102682,BTCUSDT,4,2,82090.58,0.0005,82357.23,0.0005
2025-03-10T03:42:02.707183,BTCUSDT,2,2,78750.0,0.015132,88400.0,0.009489
2025-03-10T03:42:02.783247,BTCUSDT,2,2,82028.99,0.0005,82357.87,0.0005
2025-03-10T03:42:02.864024,BTCUSDT,4,2,78750.0,0.015132,88400.0,0.009489
2025-03-10T03:42:03.722725,BTCUSDT,4,2,82090.58,0.0005,82358.25,0.0005
2025-03-10T03:42:03.882393,BTCUSDT,4,2,78750.0,0.015132,88658.59,0.000803
2025-03-10T03:42:04.722678,BTCUSDT,4,2,82090.58,0.0005,82358.48,0.0005
2025-03-10T03:42:04.884047,BTCUSDT,4,2,78750.0,0.015132,88600.0,0.009489
2025-03-10T03:42:05.722957,BTCUSDT,4,2,82090.58,0.0005,82358.62,0.0005
2025-03-10T03:42:05.885623,BTCUSDT,4,2,78750.0,0.015132,88600.0,0.009489
2025-03-10T03:42:06.742972,BTCUSDT,4,2,82090.58,0.0005,82358.71,0.0005
2025-03-10T03:42:06.902192,BTCUSDT,4,2,78750.0,0.015132,88600.0,0.009489
2025-03-10T03:42:07.742269,BTCUSDT,4,2,82090.58,0.0005,82345.23,0.0005
2025-03-10T03:42:07.902963,BTCUSDT,4,2,78750.0,0.015132,88600.0,0.009489
2025-03-10T03:42:08.722524,BTCUSDT,4,2,82090.58,0.0005,82333.61,0.0005
2025-03-10T03:42:08.881970,BTCUSDT,4,2,78750.0,0.015132,88800.0,0.009489
2025-03-10T03:42:09.842639,BTCUSDT,3,2,82078.57,0.0005,82325.22,0.0005
2025-03-10T03:42:09.982703,BTCUSDT,4,2,78750.0,0.015132,88600.0,0.009489
2025-03-10T03:42:10.723555,BTCUSDT,4,2,82090.58,0.0005,82320.13,0.0005
2025-03-10T03:42:10.882172,BTCUSDT,4,2,78750.0,0.015132,88600.0,0.009489
2025-03-10T03:42:11.723187,BTCUSDT,4,2,82090.58,0.0005,82314.56,0.0005
2025-03-10T03:42:11.862764,BTCUSDT,4,2,78750.0,0.015132,88600.0,0.009489
2025-03-10T03:42:12.762170,BTCUSDT,4,2,82090.58,0.0005,82311.18,0.0005
2025-03-10T03:42:12.902653,BTCUSDT,4,2,78750.0,0.015132,88800.0,0.009489
2025-03-10T03:42:12.983846,BTCUSDT,4,2,82090.58,0.0005,82311.18,0.0005
2025-03-10T03:42:13.761697,BTCUSDT,3,2,78750.0,0.015132,88800.0,0.009489
2025-03-10T03:42:13.841622,BTCUSDT,3,2,82061.68,0.0005,82308.29,0.0005
2025-03-10T03:42:14.063177,BTCUSDT,4,2,82090.58,0.0005,82308.29,0.0005
2025-03-10T03:42:14.741898,BTCUSDT,3,2,78750.0,0.015132,88600.0,0.009489
2025-03-10T03:42:14.843397,BTCUSDT,3,2,82059.93,0.0005,82306.54,0.0005
2025-03-10T03:42:14.922509,BTCUSDT,3,2,78691.27,0.00145,88600.0,0.009489
2025-03-10T03:42:15.002484,BTCUSDT,4,2,82090.58,0.0005,82306.54,0.0005
2025-03-10T03:42:15.782503,BTCUSDT,3,2,78750.0,0.015132,88600.0,0.009489
2025-03-10T03:42:15.862638,BTCUSDT,3,2,82058.87,0.0005,82305.47,0.0005
2025-03-10T03:42:15.942384,BTCUSDT,4,1,78750.0,0.015132,88600.0,0.009489
2025-03-10T03:42:16.102357,BTCUSDT,4,2,82090.58,0.0005,82305.47,0.0005
2025-03-10T03:42:16.722760,BTCUSDT,3,2,78750.0,0.015132,88658.59,0.000803
2025-03-10T03:42:16.822627,BTCUSDT,3,2,82059.53,0.0005,82306.14,0.0005
2025-03-10T03:42:16.961935,BTCUSDT,1,2,78636.2,0.007349,88658.59,0.000803
2025-03-10T03:42:17.042168,BTCUSDT,4,2,82090.58,0.0005,82306.14,0.0005
2025-03-10T03:42:17.742675,BTCUSDT,3,2,78750.0,0.015132,88880.73,0.00113
2025-03-10T03:42:17.843706,BTCUSDT,3,2,82059.94,0.0005,82306.54,0.0005
2025-03-10T03:42:18.061512,BTCUSDT,2,2,78750.0,0.015132,88880.73,0.00113
2025-03-10T03:42:18.822703,BTCUSDT,4,2,82090.58,0.0005,82308.24,0.0005
2025-03-10T03:42:19.741878,BTCUSDT,3,2,78750.0,0.015132,88600.0,0.009489
2025-03-10T03:42:19.801660,BTCUSDT,3,2,82067.25,0.0005,82313.87,0.0005
2025-03-10T03:42:19.882080,BTCUSDT,4,2,78750.0,0.015132,88600.0,0.009489
2025-03-10T03:42:19.982335,BTCUSDT,4,2,82090.58,0.0005,82313.87,0.0005
2025-03-10T03:42:20.121918,BTCUSDT,4,2,78750.0,0.015132,88600.0,0.009489
2025-03-10T03:42:20.722629,BTCUSDT,4,2,82090.58,0.0005,82320.66,0.0005
2025-03-10T03:42:21.721569,BTCUSDT,3,2,78750.0,0.015132,88658.59,0.000803
2025-03-10T03:42:21.801574,BTCUSDT,3,2,82078.12,0.0005,82324.78,0.0005
2025-03-10T03:42:21.884297,BTCUSDT,3,2,78691.27,0.00145,88658.59,0.000803
2025-03-10T03:42:21.962256,BTCUSDT,4,2,82090.58,0.0005,82324.78,0.0005
2025-03-10T03:42:22.101791,BTCUSDT,4,2,78750.0,0.015132,88658.59,0.000803
2025-03-10T03:42:22.741905,BTCUSDT,4,2,82090.58,0.0005,82328.49,0.0005
2025-03-10T03:42:23.723029,BTCUSDT,3,2,78750.0,0.015132,88600.0,0.009489
2025-03-10T03:42:23.802909,BTCUSDT,3,2,82085.21,0.0005,82331.89,0.0005
2025-03-10T03:42:23.882036,BTCUSDT,3,1,78691.27,0.00145,88600.0,0.009489
2025-03-10T03:42:24.023028,BTCUSDT,4,2,82090.58,0.0005,82331.89,0.0005
2025-03-10T03:42:24.182719,BTCUSDT,4,2,78750.0,0.015132,88579.75,0.00133
2025-03-10T03:42:24.722571,BTCUSDT,4,2,82090.58,0.0005,82333.97,0.0005
2025-03-10T03:42:25.722392,BTCUSDT,3,2,78750.0,0.015132,88579.75,0.00133
2025-03-10T03:42:25.815577,BTCUSDT,3,2,82090.57,0.0005,82339.44,0.0005
2025-03-10T03:42:25.896894,BTCUSDT,3,1,78691.27,0.00145,88600.0,0.009489
2025-03-10T03:42:26.021751,BTCUSDT,4,2,82090.58,0.0005,82339.44,0.0005
2025-03-10T03:42:26.182509,BTCUSDT,4,2,78750.0,0.015132,88600.0,0.009489
2025-03-10T03:42:26.723263,BTCUSDT,4,2,82090.58,0.0005,82342.75,0.0005
2025-03-10T03:42:27.721810,BTCUSDT,2,2,78750.0,0.015132,88658.59,0.000803
2025-03-10T03:42:27.822237,BTCUSDT,2,2,82021.74,0.0005,82350.59,0.0005
2025-03-10T03:42:27.902420,BTCUSDT,2,1,78690.95,6.9e-05,88658.59,0.000803
2025-03-10T03:42:27.983097,BTCUSDT,4,1,82090.58,0.0005,82350.59,0.0005
2025-03-10T03:42:28.061599,BTCUSDT,4,1,78750.0,0.015132,88800.0,0.009489
2025-03-10T03:42:28.142348,BTCUSDT,4,2,82090.58,0.0005,82350.59,0.0005
2025-03-10T03:42:28.722036,BTCUSDT,2,2,78750.0,0.015132,88658.59,0.000803
2025-03-10T03:42:28.802840,BTCUSDT,2,2,82027.73,0.0005,82356.59,0.0005
2025-03-10T03:42:29.022561,BTCUSDT,4,2,82090.58,0.0005,82356.59,0.0005
2025-03-10T03:42:29.722529,BTCUSDT,2,2,78750.0,0.015132,88658.59,0.000803
2025-03-10T03:42:29.802538,BTCUSDT,2,2,82033.14,0.0005,82362.03,0.0005
2025-03-10T03:42:29.885878,BTCUSDT,4,2,78750.0,0.015132,88658.59,0.000803
2025-03-10T03:42:30.742259,BTCUSDT,4,2,82090.58,0.0005,82366.2,0.0005
2025-03-10T03:42:30.902663,BTCUSDT,4,2,78750.0,0.015132,88666.46,0.00105
2025-03-10T03:42:31.721798,BTCUSDT,4,2,82090.58,0.0005,82368.72,0.0005
2025-03-10T03:42:31.882206,BTCUSDT,4,2,78750.0,0.015132,89000.0,0.009489
2025-03-10T03:42:32.782216,BTCUSDT,4,2,82090.58,0.0005,82370.25,0.0005
2025-03-10T03:42:32.941480,BTCUSDT,4,2,78750.0,0.015132,88658.59,0.000803
2025-03-10T03:42:33.781705,BTCUSDT,4,2,82090.58,0.0005,82371.18,0.0005
2025-03-10T03:42:33.953842,BTCUSDT,4,2,78750.0,0.015132,88658.59,0.000803
2025-03-10T03:42:34.721706,BTCUSDT,4,2,82090.58,0.0005,82371.75,0.0005
2025-03-10T03:42:34.881556,BTCUSDT,4,2,78750.0,0.015132,88658.59,0.000803
2025-03-10T03:42:35.803684,BTCUSDT,4,2,82090.58,0.0005,82371.32,0.0005
2025-03-10T03:42:35.961897,BTCUSDT,4,2,78750.0,0.015132,88658.59,0.000803
2025-03-10T03:42:36.742272,BTCUSDT,4,2,82090.58,0.0005,82371.83,0.0005
2025-03-10T03:42:36.901584,BTCUSDT,4,2,78750.0,0.015132,82454.21,0.007341
2025-03-10T03:42:37.721871,BTCUSDT,4,2,82090.58,0.0005,82377.83,0.0005
2025-03-10T03:42:37.866157,BTCUSDT,4,2,78750.0,0.015132,88800.0,0.009489
2025-03-10T03:42:38.721995,BTCUSDT,4,2,82090.58,0.0005,82383.56,0.0005
2025-03-10T03:42:38.862359,BTCUSDT,4,2,78750.0,0.015132,88579.75,0.00133
2025-03-10T03:42:39.722375,BTCUSDT,4,2,82090.58,0.0005,82387.03,0.0005
2025-03-10T03:42:39.881768,BTCUSDT,4,2,78750.0,0.015132,88569.33,0.00107
2025-03-10T03:42:39.971454,BTCUSDT,4,2,82090.58,0.0005,82387.03,0.0005
2025-03-10T03:42:40.721943,BTCUSDT,2,2,78750.0,0.015132,88569.33,0.00107
2025-03-10T03:42:40.801996,BTCUSDT,2,2,82063.1,0.0005,82392.1,0.0005
2025-03-10T03:42:40.881896,BTCUSDT,4,2,78750.0,0.015132,88569.33,0.00107
2025-03-10T03:42:40.982583,BTCUSDT,4,2,82090.58,0.0005,82392.1,0.0005
2025-03-10T03:42:41.721934,BTCUSDT,2,2,78750.0,0.015132,88600.0,0.009489
2025-03-10T03:42:41.802137,BTCUSDT,2,2,82064.6,0.0005,82393.61,0.0005
2025-03-10T03:42:42.042649,BTCUSDT,4,2,82090.58,0.0005,82393.61,0.0005
2025-03-10T03:42:42.723201,BTCUSDT,2,2,78750.0,0.015132,88800.0,0.009489
2025-03-10T03:42:42.801837,BTCUSDT,2,2,82065.4,0.0005,82394.42,0.0005
2025-03-10T03:42:43.042496,BTCUSDT,4,2,82090.58,0.0005,82394.42,0.0005
2025-03-10T03:42:43.701616,BTCUSDT,2,2,78750.0,0.015132,88658.59,0.000803
2025-03-10T03:42:43.781347,BTCUSDT,2,2,82068.26,0.0005,82397.29,0.0005
2025-03-10T03:42:43.942189,BTCUSDT,4,2,82090.58,0.0005,82397.29,0.0005
2025-03-10T03:42:44.761636,BTCUSDT,2,2,78750.0,0.015132,88658.59,0.000803
2025-03-10T03:42:44.845517,BTCUSDT,2,2,82069.99,0.0005,82399.03,0.0005
2025-03-10T03:42:44.922381,BTCUSDT,4,1,78750.0,0.015132,88658.59,0.000803
2025-03-10T03:42:45.086575,BTCUSDT,4,2,82090.58,0.0005,82399.03,0.0005
2025-03-10T03:42:45.701823,BTCUSDT,2,2,78750.0,0.015132,88658.59,0.000803
2025-03-10T03:42:45.802418,BTCUSDT,2,2,82072.66,0.0005,82401.71,0.0005
2025-03-10T03:42:45.893907,BTCUSDT,2,1,78690.95,6.9e-05,88658.59,0.000803
2025-03-10T03:42:46.022809,BTCUSDT,4,2,82090.58,0.0005,82401.71,0.0005
2025-03-10T03:42:46.723804,BTCUSDT,1,2,78691.27,0.00145,88658.59,0.000803
2025-03-10T03:42:46.801166,BTCUSDT,2,2,82079.06,0.0005,82408.14,0.0005
2025-03-10T03:42:46.881439,BTCUSDT,1,1,78636.2,0.007349,88800.0,0.009489
2025-03-10T03:42:46.961844,BTCUSDT,4,1,82090.58,0.0005,82408.14,0.0005
2025-03-10T03:42:47.041782,BTCUSDT,4,1,78750.0,0.015132,88860.05,0.0013
2025-03-10T03:42:47.723802,BTCUSDT,4,2,82090.58,0.0005,82412.95,0.0005
2025-03-10T03:42:48.722286,BTCUSDT,2,2,78750.0,0.015132,88658.59,0.000803
2025-03-10T03:42:48.801877,BTCUSDT,2,2,82086.76,0.0005,82415.87,0.0005
2025-03-10T03:42:48.881388,BTCUSDT,2,1,78690.95,6.9e-05,88658.59,0.000803
2025-03-10T03:42:48.961989,BTCUSDT,4,1,82090.58,0.0005,82415.87,0.0005
2025-03-10T03:42:49.041856,BTCUSDT,4,2,78750.0,0.015132,88658.59,0.000803
2025-03-10T03:42:49.121556,BTCUSDT,4,2,82090.58,0.0005,82415.87,0.0005
2025-03-10T03:42:49.722329,BTCUSDT,2,2,78750.0,0.015132,88658.59,0.000803
2025-03-10T03:42:49.801495,BTCUSDT,2,2,82090.56,0.0005,82420.56,0.0005
2025-03-10T03:42:49.890754,BTCUSDT,4,2,78750.0,0.015132,88658.59,0.000803
2025-03-10T03:42:50.741755,BTCUSDT,4,2,82090.58,0.0005,82423.41,0.0005
2025-03-10T03:42:50.902398,BTCUSDT,4,3,78750.0,0.015132,88800.0,0.009489
2025-03-10T03:42:51.723618,BTCUSDT,4,2,82090.58,0.0005,82422.05,0.0005
2025-03-10T03:42:51.862797,BTCUSDT,4,2,78750.0,0.015132,89000.0,0.009489
2025-03-10T03:42:51.962940,BTCUSDT,4,2,82090.58,0.0005,82422.05,0.0005
2025-03-10T03:42:52.741530,BTCUSDT,2,2,78750.0,0.015132,88800.0,0.009489
2025-03-10T03:42:52.827868,BTCUSDT,2,2,82086.71,0.0005,82415.82,0.0005
2025-03-10T03:42:52.901696,BTCUSDT,3,1,78691.27,0.00145,88115.88,0.00108
2025-03-10T03:42:53.802428,BTCUSDT,4,2,82090.58,0.0005,82410.64,0.0005
2025-03-10T03:42:54.742433,BTCUSDT,2,2,78750.0,0.015132,88658.59,0.000803
2025-03-10T03:42:54.823016,BTCUSDT,2,2,82072.83,0.0005,82401.88,0.0005
2025-03-10T03:42:55.070991,BTCUSDT,4,2,82090.58,0.0005,82401.88,0.0005
2025-03-10T03:42:55.222054,BTCUSDT,4,2,78750.0,0.015132,88800.0,0.009489
2025-03-10T03:42:55.722544,BTCUSDT,4,2,82090.58,0.0005,82395.79,0.0005
2025-03-10T03:42:56.721992,BTCUSDT,2,2,78750.0,0.015132,88860.05,0.0013
2025-03-10T03:42:56.802305,BTCUSDT,2,2,82061.81,0.0005,82390.82,0.0005
2025-03-10T03:42:57.022407,BTCUSDT,4,2,82090.58,0.0005,82390.82,0.0005
2025-03-10T03:42:57.182070,BTCUSDT,4,2,78750.0,0.015132,87590.05,0.00101
2025-03-10T03:42:57.742193,BTCUSDT,4,2,82090.58,0.0005,82387.8,0.0005
2025-03-10T03:42:58.722366,BTCUSDT,2,2,78750.0,0.015132,88658.59,0.000803
2025-03-10T03:42:58.801450,BTCUSDT,2,2,82055.73,0.0005,82384.7,0.0005
2025-03-10T03:42:59.041891,BTCUSDT,4,2,82090.58,0.0005,82384.7,0.0005
2025-03-10T03:42:59.201977,BTCUSDT,4,2,78750.0,0.015132,88658.59,0.000803
2025-03-10T03:42:59.822488,BTCUSDT,4,2,82090.58,0.0005,82382.82,0.0005
2025-03-10T03:42:59.982300,BTCUSDT,4,2,78750.0,0.015132,88658.59,0.000803
2025-03-10T03:43:00.722730,BTCUSDT,4,2,82090.58,0.0005,82381.68,0.0005
2025-03-10T03:43:01.722348,BTCUSDT,2,2,78750.0,0.015132,88800.0,0.009489
2025-03-10T03:43:01.802066,BTCUSDT,2,2,82042.76,0.0005,82371.69,0.0005
2025-03-10T03:43:02.041907,BTCUSDT,4,2,82090.58,0.0005,82371.69,0.0005
2025-03-10T03:43:02.201841,BTCUSDT,4,2,78750.0,0.015132,88658.59,0.000803
2025-03-10T03:43:02.723233,BTCUSDT,4,2,82090.58,0.0005,82364.72,0.0005
2025-03-10T03:43:03.721848,BTCUSDT,2,2,78750.0,0.015132,88658.59,0.000803
2025-03-10T03:43:03.803216,BTCUSDT,2,2,82031.61,0.0005,82360.49,0.0005
2025-03-10T03:43:04.121724,BTCUSDT,3,2,82090.58,0.0005,82360.49,0.0005
2025-03-10T03:43:04.202261,BTCUSDT,3,1,78691.27,0.00145,88658.59,0.000803
2025-03-10T03:43:04.821863,BTCUSDT,4,2,82090.58,0.0005,82357.93,0.0005
2025-03-10T03:43:04.962142,BTCUSDT,4,2,78750.0,0.015132,88678.94,0.00095
2025-03-10T03:43:05.883176,BTCUSDT,4,2,82090.58,0.0005,82356.37,0.0005
2025-03-10T03:43:06.041919,BTCUSDT,4,2,78750.0,0.015132,88800.0,0.009489
2025-03-10T03:43:06.722312,BTCUSDT,4,2,82090.58,0.0005,82356.34,0.0005
2025-03-10T03:43:07.722683,BTCUSDT,2,2,78750.0,0.015132,88658.59,0.000803
2025-03-10T03:43:07.801315,BTCUSDT,2,2,82027.45,0.0005,82356.32,0.0005
2025-03-10T03:43:07.881618,BTCUSDT,4,2,78750.0,0.015132,88658.59,0.000803
2025-03-10T03:43:08.721758,BTCUSDT,4,2,82090.58,0.0005,82356.3,0.0005
2025-03-10T03:43:08.881693,BTCUSDT,4,2,78750.0,0.015132,88658.59,0.000803
2025-03-10T03:43:09.741338,BTCUSDT,4,2,82090.58,0.0005,82359.04,0.0005
2025-03-10T03:43:09.901472,BTCUSDT,4,2,78750.0,0.015132,88678.94,0.00095
2025-03-10T03:43:09.982311,BTCUSDT,4,2,82090.58,0.0005,82359.04,0.0005
2025-03-10T03:43:10.141469,BTCUSDT,3,2,78691.27,0.00145,88678.94,0.00095
2025-03-10T03:43:10.801394,BTCUSDT,4,2,82090.58,0.0005,82360.69,0.0005
2025-03-10T03:43:11.962155,BTCUSDT,2,2,78750.0,0.015132,88658.59,0.000803
2025-03-10T03:43:12.208296,BTCUSDT,2,2,82032.81,0.0005,82361.7,0.0005
2025-03-10T03:43:12.481292,BTCUSDT,4,2,82090.58,0.0005,82361.7,0.0005
2025-03-10T03:43:12.494995,BTCUSDT,4,2,78750.0,0.015132,88658.59,0.000803
2025-03-10T03:43:12.882148,BTCUSDT,4,2,82090.58,0.0005,82362.31,0.0005
2025-03-10T03:43:13.042864,BTCUSDT,4,2,78750.0,0.015132,88658.59,0.000803
2025-03-10T03:43:13.322987,BTCUSDT,1,1,82090.59,0.044697,88800.0,0.009489
2025-03-10T03:43:13.781945,BTCUSDT,4,2,82198.11,0.0005,82362.67,0.0005
2025-03-10T03:43:14.801799,BTCUSDT,4,2,78963.7,0.00143,88956.78,0.00119
2025-03-10T03:43:14.881612,BTCUSDT,4,2,82198.33,0.0005,82362.9,0.0005
2025-03-10T03:43:15.042831,BTCUSDT,4,2,78963.7,0.00143,88800.0,0.009489
2025-03-10T03:43:15.881479,BTCUSDT,4,2,82191.36,0.0005,82355.92,0.0005
2025-03-10T03:43:16.043754,BTCUSDT,4,2,78963.7,0.00143,88678.94,0.00095
2025-03-10T03:43:16.822896,BTCUSDT,4,2,82187.13,0.0005,82351.68,0.0005
2025-03-10T03:43:16.961626,BTCUSDT,4,2,78963.7,0.00143,88678.94,0.00095
2025-03-10T03:43:17.722441,BTCUSDT,4,2,82184.07,0.0005,82348.61,0.0005
2025-03-10T03:43:17.870262,BTCUSDT,4,2,78963.7,0.00143,88956.78,0.00119
2025-03-10T03:43:18.722338,BTCUSDT,4,2,82178.46,0.0005,82342.99,0.0005
2025-03-10T03:43:18.862278,BTCUSDT,4,2,78963.7,0.00143,88800.0,0.009489
2025-03-10T03:43:18.942294,BTCUSDT,4,2,82178.46,0.0005,82342.99,0.0005
2025-03-10T03:43:19.721590,BTCUSDT,4,2,78963.7,0.00143,88800.0,0.009489
2025-03-10T03:43:19.802096,BTCUSDT,4,2,82181.85,0.0005,82346.39,0.0005
2025-03-10T03:43:20.721811,BTCUSDT,4,2,78963.7,0.00143,88800.0,0.009489
2025-03-10T03:43:20.802843,BTCUSDT,4,2,82184.64,0.0005,82349.19,0.0005
2025-03-10T03:43:20.961734,BTCUSDT,4,2,78963.7,0.00143,88800.0,0.009489
2025-03-10T03:43:21.782109,BTCUSDT,4,2,82186.34,0.0005,82350.88,0.0005
2025-03-10T03:43:21.941862,BTCUSDT,4,2,78963.7,0.00143,88843.89,0.001
2025-03-10T03:43:22.761397,BTCUSDT,4,2,82184.29,0.0005,82348.83,0.0005
2025-03-10T03:43:22.901579,BTCUSDT,4,2,78963.7,0.00143,89000.0,0.009489
2025-03-10T03:43:23.862151,BTCUSDT,4,2,82183.05,0.0005,82347.59,0.0005
2025-03-10T03:43:24.002428,BTCUSDT,4,2,78963.7,0.00143,88800.0,0.009489
2025-03-10T03:43:24.742635,BTCUSDT,4,2,82171.36,0.0005,82335.88,0.0005
2025-03-10T03:43:24.901485,BTCUSDT,4,2,78963.7,0.00143,88800.0,0.009489
2025-03-10T03:43:25.721544,BTCUSDT,4,2,82157.2,0.0005,82321.69,0.0005
2025-03-10T03:43:25.890899,BTCUSDT,4,2,78963.7,0.00143,88800.0,0.009489
2025-03-10T03:43:26.722090,BTCUSDT,4,2,82148.61,0.0005,82313.08,0.0005
2025-03-10T03:43:26.861869,BTCUSDT,4,2,78963.7,0.00143,88800.0,0.009489
2025-03-10T03:43:26.941209,BTCUSDT,4,2,82148.61,0.0005,82313.08,0.0005
2025-03-10T03:43:28.021659,BTCUSDT,4,2,78963.7,0.00143,88800.0,0.009489
2025-03-10T03:43:28.122262,BTCUSDT,4,2,82143.4,0.0005,82307.86,0.0005
2025-03-10T03:43:28.263611,BTCUSDT,4,2,78963.7,0.00143,88800.0,0.009489
2025-03-10T03:43:28.741886,BTCUSDT,4,2,82140.25,0.0005,82304.7,0.0005
2025-03-10T03:43:29.722215,BTCUSDT,4,2,78963.7,0.00143,88800.0,0.009489
2025-03-10T03:43:29.801429,BTCUSDT,4,2,82138.33,0.0005,82302.78,0.0005
2025-03-10T03:43:29.942716,BTCUSDT,4,2,78963.7,0.00143,88800.0,0.009489
2025-03-10T03:43:30.722774,BTCUSDT,4,2,82137.94,0.0005,82302.39,0.0005
2025-03-10T03:43:30.881671,BTCUSDT,4,2,78963.7,0.00143,89000.0,0.009489
2025-03-10T03:43:31.721761,BTCUSDT,4,2,82137.71,0.0005,82302.16,0.0005
2025-03-10T03:43:31.881278,BTCUSDT,4,2,78963.7,0.00143,87876.52,0.00098
2025-03-10T03:43:32.721643,BTCUSDT,4,2,82137.57,0.0005,82302.02,0.0005
2025-03-10T03:43:32.861398,BTCUSDT,4,2,78963.7,0.00143,88800.0,0.009489
2025-03-10T03:43:32.961165,BTCUSDT,1,2,81891.39,0.0005,82302.02,0.0005
2025-03-10T03:43:33.742022,BTCUSDT,4,2,78963.7,0.00143,88800.0,0.009489
2025-03-10T03:43:33.822412,BTCUSDT,4,2,82137.48,0.0005,82301.93,0.0005
2025-03-10T03:43:33.982714,BTCUSDT,4,2,78963.7,0.00143,88800.0,0.009489
2025-03-10T03:43:34.781289,BTCUSDT,3,2,82055.29,0.0005,82301.88,0.0005
2025-03-10T03:43:35.721815,BTCUSDT,3,2,78818.01,0.007349,89219.44,0.00123
2025-03-10T03:43:35.801862,BTCUSDT,4,2,82137.4,0.0005,82301.85,0.0005
2025-03-10T03:43:35.941205,BTCUSDT,4,2,78963.7,0.00143,89200.0,0.009489
2025-03-10T03:43:36.722062,BTCUSDT,4,2,82137.38,0.0005,82301.83,0.0005
2025-03-10T03:43:36.881608,BTCUSDT,4,2,78963.7,0.00143,88800.0,0.009489
2025-03-10T03:43:37.721739,BTCUSDT,4,2,82132.38,0.0005,82296.82,0.0005
2025-03-10T03:43:37.861861,BTCUSDT,4,2,78963.7,0.00143,88800.0,0.009489
2025-03-10T03:43:38.742260,BTCUSDT,4,2,82128.3,0.0005,82292.73,0.0005
2025-03-10T03:43:38.902470,BTCUSDT,4,2,78963.7,0.00143,88800.0,0.009489
2025-03-10T03:43:39.721448,BTCUSDT,4,2,82119.36,0.0005,82283.77,0.0005
2025-03-10T03:43:39.861177,BTCUSDT,4,2,78963.7,0.00143,89200.0,0.009489
2025-03-10T03:43:39.941590,BTCUSDT,4,2,82119.36,0.0005,82283.77,0.0005
2025-03-10T03:43:40.741750,BTCUSDT,4,2,78963.7,0.00143,88800.0,0.009489
2025-03-10T03:43:40.822632,BTCUSDT,4,2,82113.95,0.0005,82278.35,0.0005
2025-03-10T03:43:40.982319,BTCUSDT,4,2,78963.7,0.00143,88800.0,0.009489
2025-03-10T03:43:41.821890,BTCUSDT,4,2,82110.67,0.0005,82275.07,0.0005
2025-03-10T03:43:42.722018,BTCUSDT,4,2,78963.7,0.00143,88800.0,0.009489
2025-03-10T03:43:42.801562,BTCUSDT,4,2,82111.92,0.0005,82276.31,0.0005
2025-03-10T03:43:42.961701,BTCUSDT,4,2,78963.7,0.00143,88800.0,0.009489
2025-03-10T03:43:43.781771,BTCUSDT,4,3,82112.67,0.0005,82277.07,0.0005
2025-03-10T03:43:43.968292,BTCUSDT,4,2,78963.7,0.00143,89000.0,0.009489
2025-03-10T03:43:44.722061,BTCUSDT,4,2,82113.13,0.0005,82277.52,0.0005
2025-03-10T03:43:44.862084,BTCUSDT,4,2,78963.7,0.00143,88800.0,0.009489
2025-03-10T03:43:45.946075,BTCUSDT,4,2,82110.42,0.0005,82274.81,0.0005
2025-03-10T03:43:46.101872,BTCUSDT,4,2,78963.7,0.00143,88800.0,0.009489
2025-03-10T03:43:46.727661,BTCUSDT,4,2,82108.78,0.0005,82273.17,0.0005
2025-03-10T03:43:46.861894,BTCUSDT,4,2,78963.7,0.00143,89000.0,0.009489
2025-03-10T03:43:47.842393,BTCUSDT,4,2,82107.78,0.0005,82272.17,0.0005
2025-03-10T03:43:47.982004,BTCUSDT,4,2,78963.7,0.00143,89200.0,0.009489
2025-03-10T03:43:48.061184,BTCUSDT,4,2,82107.78,0.0005,82272.17,0.0005
2025-03-10T03:43:48.801622,BTCUSDT,4,2,78963.7,0.00143,89000.0,0.009489
2025-03-10T03:43:48.881767,BTCUSDT,4,2,82109.94,0.0005,82274.33,0.0005
2025-03-10T03:43:49.042846,BTCUSDT,4,2,78963.7,0.00143,89000.0,0.009489
2025-03-10T03:43:49.763061,BTCUSDT,4,2,82112.85,0.0005,82277.25,0.0005
2025-03-10T03:43:50.709520,BTCUSDT,4,2,78963.7,0.00143,88800.0,0.009489
2025-03-10T03:43:50.781260,BTCUSDT,4,2,82114.62,0.0005,82279.02,0.0005
2025-03-10T03:43:50.941252,BTCUSDT,4,2,78963.7,0.00143,88800.0,0.009489
2025-03-10T03:43:51.022239,BTCUSDT,4,2,82114.62,0.0005,82279.02,0.0005
2025-03-10T03:43:51.721171,BTCUSDT,4,2,78963.7,0.00143,89131.41,0.00119
2025-03-10T03:43:51.801008,BTCUSDT,4,2,82115.69,0.0005,82280.09,0.0005
2025-03-10T03:43:52.981767,BTCUSDT,4,2,82117.93,0.0005,82282.33,0.0005
2025-03-10T03:43:53.120909,BTCUSDT,4,2,78963.7,0.00143,89393.44,5.6e-05
2025-03-10T03:43:53.761953,BTCUSDT,4,2,82119.28,0.0005,82283.69,0.0005
2025-03-10T03:43:53.901229,BTCUSDT,4,2,78963.7,0.00143,89200.0,0.009489
2025-03-10T03:43:53.983756,BTCUSDT,4,2,82119.28,0.0005,82283.69,0.0005
2025-03-10T03:43:54.842238,BTCUSDT,4,2,78963.7,0.00143,88800.0,0.009489
2025-03-10T03:43:54.922959,BTCUSDT,4,2,82120.11,0.0005,82284.52,0.0005
2025-03-10T03:43:55.081760,BTCUSDT,4,2,78963.7,0.00143,88800.0,0.009489
2025-03-10T03:43:55.801938,BTCUSDT,4,2,82120.61,0.0005,82285.02,0.0005
2025-03-10T03:43:56.721543,BTCUSDT,4,2,78963.7,0.00143,88800.0,0.009489
2025-03-10T03:43:56.801972,BTCUSDT,4,2,82122.82,0.0005,82287.23,0.0005
2025-03-10T03:43:56.961841,BTCUSDT,4,3,78963.7,0.00143,88800.0,0.009489
2025-03-10T03:43:57.761814,BTCUSDT,4,2,82124.16,0.0005,82288.58,0.0005
2025-03-10T03:43:57.921732,BTCUSDT,4,2,78963.7,0.00143,88800.0,0.009489
2025-03-10T03:43:58.721266,BTCUSDT,4,2,82124.97,0.0005,82289.39,0.0005
2025-03-10T03:43:58.881422,BTCUSDT,4,2,78963.7,0.00143,88658.59,0.000803
2025-03-10T03:43:59.741300,BTCUSDT,4,2,82125.46,0.0005,82289.88,0.0005
2025-03-10T03:43:59.901719,BTCUSDT,4,2,78963.7,0.00143,88658.59,0.000803
2025-03-10T03:44:00.743509,BTCUSDT,4,2,82125.76,0.0005,82290.18,0.0005
2025-03-10T03:44:00.901383,BTCUSDT,4,2,78963.7,0.00143,88800.0,0.009489
2025-03-10T03:44:01.721699,BTCUSDT,4,2,82125.94,0.0005,82290.37,0.0005
2025-03-10T03:44:01.866301,BTCUSDT,4,2,78963.7,0.00143,89000.0,0.009489
2025-03-10T03:44:02.721645,BTCUSDT,4,2,82126.05,0.0005,82290.48,0.0005
2025-03-10T03:44:02.864399,BTCUSDT,4,2,78963.7,0.00143,89000.0,0.009489
2025-03-10T03:44:03.722077,BTCUSDT,4,2,82126.12,0.0005,82290.54,0.0005
2025-03-10T03:44:03.881905,BTCUSDT,4,2,78963.7,0.00143,88658.59,0.000803
2025-03-10T03:44:04.738183,BTCUSDT,4,2,82126.16,0.0005,82290.58,0.0005
2025-03-10T03:44:04.901807,BTCUSDT,4,2,78963.7,0.00143,88658.59,0.000803
2025-03-10T03:44:05.722300,BTCUSDT,4,2,82126.18,0.0005,82290.61,0.0005
2025-03-10T03:44:05.882645,BTCUSDT,4,2,78963.7,0.00143,88800.0,0.009489
2025-03-10T03:44:06.722022,BTCUSDT,4,2,82126.2,0.0005,82290.62,0.0005
2025-03-10T03:44:06.881500,BTCUSDT,4,2,78963.7,0.00143,89000.0,0.009489
2025-03-10T03:44:07.722108,BTCUSDT,4,2,82126.21,0.0005,82290.63,0.0005
2025-03-10T03:44:07.880950,BTCUSDT,4,2,78963.7,0.00143,86513.94,0.00137
2025-03-10T03:44:08.902106,BTCUSDT,4,2,82124.31,0.0005,82288.73,0.0005
2025-03-10T03:44:09.041369,BTCUSDT,4,2,78963.7,0.00143,88800.0,0.009489
2025-03-10T03:44:09.726930,BTCUSDT,4,2,82119.5,0.0005,82283.91,0.0005
2025-03-10T03:44:09.865036,BTCUSDT,4,2,78963.7,0.00143,88800.0,0.009489
2025-03-10T03:44:09.961358,BTCUSDT,4,2,82119.5,0.0005,82283.91,0.0005
2025-03-10T03:44:10.721982,BTCUSDT,4,2,78963.7,0.00143,88915.19,0.00113
2025-03-10T03:44:10.801875,BTCUSDT,4,2,82113.58,0.0005,82277.98,0.0005
2025-03-10T03:44:11.722295,BTCUSDT,4,2,78963.7,0.00143,88800.0,0.009489
2025-03-10T03:44:11.801918,BTCUSDT,4,2,82109.99,0.0005,82274.38,0.0005
2025-03-10T03:44:11.955218,BTCUSDT,4,2,78963.7,0.00143,88800.0,0.009489
2025-03-10T03:44:12.741926,BTCUSDT,4,2,82107.81,0.0005,82272.2,0.0005
2025-03-10T03:44:12.901038,BTCUSDT,4,2,78963.7,0.00143,88800.0,0.009489
2025-03-10T03:44:13.781903,BTCUSDT,4,2,82106.49,0.0005,82270.88,0.0005
2025-03-10T03:44:13.921845,BTCUSDT,4,2,78963.7,0.00143,88800.0,0.009489
2025-03-10T03:44:14.780858,BTCUSDT,4,2,82105.69,0.0005,82270.08,0.0005
2025-03-10T03:44:14.941348,BTCUSDT,4,2,78963.7,0.00143,89000.0,0.009489
2025-03-10T03:44:15.722420,BTCUSDT,4,2,82105.21,0.0005,82269.59,0.0005
2025-03-10T03:44:15.880828,BTCUSDT,4,2,78963.7,0.00143,88800.0,0.009489
2025-03-10T03:44:16.721332,BTCUSDT,4,2,82104.91,0.0005,82269.29,0.0005
2025-03-10T03:44:16.881420,BTCUSDT,4,2,78963.7,0.00143,88800.0,0.009489
2025-03-10T03:44:17.741430,BTCUSDT,4,2,82105.71,0.0005,82270.1,0.0005
2025-03-10T03:44:17.902220,BTCUSDT,4,2,78963.7,0.00143,88800.0,0.009489
2025-03-10T03:44:18.741714,BTCUSDT,4,2,82113.83,0.0005,82278.23,0.0005
2025-03-10T03:44:18.901381,BTCUSDT,4,2,78963.7,0.00143,89040.29,0.00104
2025-03-10T03:44:19.722057,BTCUSDT,4,2,82118.75,0.0005,82283.16,0.0005
2025-03-10T03:44:19.861209,BTCUSDT,4,2,78963.7,0.00143,88800.0,0.009489
2025-03-10T03:44:19.941838,BTCUSDT,4,2,82118.75,0.0005,82283.16,0.0005
2025-03-10T03:44:20.721117,BTCUSDT,4,2,78963.7,0.00143,88800.0,0.009489
2025-03-10T03:44:20.801220,BTCUSDT,4,2,82121.73,0.0005,82286.15,0.0005
2025-03-10T03:44:21.721150,BTCUSDT,4,2,78963.7,0.00143,89000.0,0.009489
2025-03-10T03:44:21.800978,BTCUSDT,4,2,82123.54,0.0005,82287.96,0.0005
2025-03-10T03:44:21.942343,BTCUSDT,4,2,78963.7,0.00143,89000.0,0.009489
2025-03-10T03:44:22.020879,BTCUSDT,4,2,82123.54,0.0005,82287.96,0.0005
2025-03-10T03:44:22.721194,BTCUSDT,4,2,78963.7,0.00143,87412.35,0.00093
2025-03-10T03:44:22.823025,BTCUSDT,4,2,82124.64,0.0005,82289.06,0.0005
2025-03-10T03:44:23.766811,BTCUSDT,4,2,78963.7,0.00143,88800.0,0.009489
2025-03-10T03:44:23.842341,BTCUSDT,4,2,82125.3,0.0005,82289.73,0.0005
2025-03-10T03:44:24.000937,BTCUSDT,4,2,78963.7,0.00143,88800.0,0.009489
2025-03-10T03:44:24.721116,BTCUSDT,4,2,82125.71,0.0005,82290.13,0.0005
2025-03-10T03:44:24.860627,BTCUSDT,4,2,78963.7,0.00143,88800.0,0.009489
2025-03-10T03:44:24.941599,BTCUSDT,4,2,82125.71,0.0005,82290.13,0.0005
2025-03-10T03:44:25.780832,BTCUSDT,4,2,78963.7,0.00143,88832.08,0.00113
2025-03-10T03:44:25.876145,BTCUSDT,4,2,82125.95,0.0005,82290.38,0.0005
2025-03-10T03:44:26.000998,BTCUSDT,4,2,78963.7,0.00143,88832.08,0.00113
2025-03-10T03:44:26.741756,BTCUSDT,4,2,82126.1,0.0005,82290.53,0.0005
2025-03-10T03:44:27.741239,BTCUSDT,4,2,78963.7,0.00143,88832.08,0.00113
2025-03-10T03:44:27.820840,BTCUSDT,4,2,82126.19,0.0005,82290.62,0.0005
2025-03-10T03:44:27.981182,BTCUSDT,4,2,78963.7,0.00143,88832.08,0.00113
2025-03-10T03:44:28.721088,BTCUSDT,4,2,82126.25,0.0005,82290.67,0.0005
2025-03-10T03:44:28.881055,BTCUSDT,4,2,78963.7,0.00143,88800.0,0.009489
2025-03-10T03:44:29.741211,BTCUSDT,4,2,82126.28,0.0005,82290.71,0.0005
2025-03-10T03:44:29.889223,BTCUSDT,4,2,78963.7,0.00143,88800.0,0.009489
2025-03-10T03:44:30.741195,BTCUSDT,4,2,82126.3,0.0005,82290.73,0.0005
2025-03-10T03:44:30.901296,BTCUSDT,4,3,78963.7,0.00143,89000.0,0.009489
2025-03-10T03:44:31.741263,BTCUSDT,4,2,82126.31,0.0005,82290.74,0.0005
2025-03-10T03:44:31.900949,BTCUSDT,4,2,78963.7,0.00143,88658.59,0.000803
2025-03-10T03:44:32.760628,BTCUSDT,4,2,82126.32,0.0005,82290.74,0.0005
2025-03-10T03:44:32.920976,BTCUSDT,4,2,78963.7,0.00143,88658.59,0.000803
2025-03-10T03:44:33.761080,BTCUSDT,4,2,82126.32,0.0005,82290.75,0.0005
2025-03-10T03:44:33.926893,BTCUSDT,4,2,78963.7,0.00143,88800.0,0.009489
2025-03-10T03:44:34.721200,BTCUSDT,4,2,82126.33,0.0005,82290.75,0.0005
2025-03-10T03:44:34.880647,BTCUSDT,4,2,78963.7,0.00143,89040.29,0.00104
2025-03-10T03:44:35.721283,BTCUSDT,4,2,82127.85,0.0005,82292.27,0.0005
2025-03-10T03:44:35.880833,BTCUSDT,4,2,78963.7,0.00143,88658.59,0.000803
2025-03-10T03:44:36.721481,BTCUSDT,4,2,82128.77,0.0005,82293.2,0.0005
2025-03-10T03:44:36.862133,BTCUSDT,4,2,78963.7,0.00143,88658.59,0.000803
2025-03-10T03:44:36.940602,BTCUSDT,4,2,82128.77,0.0005,82293.2,0.0005
2025-03-10T03:44:37.721312,BTCUSDT,4,2,78963.7,0.00143,88800.0,0.009489
2025-03-10T03:44:37.801544,BTCUSDT,4,2,82136.37,0.0005,82300.81,0.0005
2025-03-10T03:44:38.821386,BTCUSDT,4,2,78963.7,0.00143,88800.0,0.009489
2025-03-10T03:44:38.901343,BTCUSDT,4,2,82140.98,0.0005,82305.43,0.0005
2025-03-10T03:44:39.041143,BTCUSDT,4,2,78963.7,0.00143,88800.0,0.009489
2025-03-10T03:44:39.141230,BTCUSDT,4,2,82140.98,0.0005,82305.43,0.0005
2025-03-10T03:44:39.720885,BTCUSDT,4,2,78963.7,0.00143,88600.0,0.009489
2025-03-10T03:44:39.800898,BTCUSDT,4,2,82143.77,0.0005,82308.23,0.0005
2025-03-10T03:44:40.721522,BTCUSDT,4,2,78963.7,0.00143,88600.0,0.009489
2025-03-10T03:44:40.800354,BTCUSDT,4,2,82145.47,0.0005,82309.93,0.0005
2025-03-10T03:44:40.961983,BTCUSDT,4,2,78963.7,0.00143,88600.0,0.009489
2025-03-10T03:44:41.802692,BTCUSDT,4,2,82146.5,0.0005,82310.96,0.0005
2025-03-10T03:44:41.960815,BTCUSDT,4,2,78963.7,0.00143,88800.0,0.009489
2025-03-10T03:44:42.722155,BTCUSDT,4,2,82147.12,0.0005,82311.59,0.0005
2025-03-10T03:44:42.861373,BTCUSDT,4,2,78963.7,0.00143,88800.0,0.009489
2025-03-10T03:44:42.960643,BTCUSDT,1,2,81900.91,0.0005,82311.59,0.0005
2025-03-10T03:44:43.721462,BTCUSDT,4,2,78963.7,0.00143,88658.59,0.000803
2025-03-10T03:44:43.801497,BTCUSDT,4,2,82147.5,0.0005,82311.97,0.0005
2025-03-10T03:44:44.721759,BTCUSDT,4,2,78963.7,0.00143,88658.59,0.000803
2025-03-10T03:44:44.801271,BTCUSDT,4,2,82147.73,0.0005,82312.2,0.0005
2025-03-10T03:44:44.941746,BTCUSDT,4,2,78963.7,0.00143,88658.59,0.000803
2025-03-10T03:44:45.041687,BTCUSDT,4,2,82147.73,0.0005,82312.2,0.0005
2025-03-10T03:44:45.720972,BTCUSDT,4,2,78963.7,0.00143,88800.0,0.009489
2025-03-10T03:44:45.801742,BTCUSDT,4,2,82150.72,0.0005,82315.2,0.0005
2025-03-10T03:44:46.741386,BTCUSDT,4,2,78963.7,0.00143,89000.0,0.009489
2025-03-10T03:44:46.821315,BTCUSDT,4,2,82153.89,0.0005,82318.37,0.0005
2025-03-10T03:44:46.961501,BTCUSDT,4,2,78963.7,0.00143,88800.0,0.009489
2025-03-10T03:44:47.061469,BTCUSDT,3,2,82071.73,0.0005,82318.37,0.0005
2025-03-10T03:44:47.780996,BTCUSDT,4,2,78963.7,0.00143,88658.59,0.000803
2025-03-10T03:44:47.860692,BTCUSDT,4,2,82155.81,0.0005,82320.29,0.0005
2025-03-10T03:44:48.020955,BTCUSDT,4,2,78963.7,0.00143,88658.59,0.000803
2025-03-10T03:44:48.721398,BTCUSDT,4,2,82163.61,0.0005,82328.11,0.0005
2025-03-10T03:44:49.701075,BTCUSDT,4,2,78963.7,0.00143,88658.59,0.000803
2025-03-10T03:44:49.801128,BTCUSDT,3,2,82086.56,0.0005,82333.24,0.0005
2025-03-10T03:44:49.941188,BTCUSDT,4,2,78963.7,0.00143,88658.59,0.000803
2025-03-10T03:44:50.761467,BTCUSDT,4,2,82171.83,0.0005,82336.35,0.0005
2025-03-10T03:44:50.901682,BTCUSDT,4,2,78963.7,0.00143,88829.37,0.00107
2025-03-10T03:44:51.001813,BTCUSDT,4,2,82171.83,0.0005,82336.35,0.0005
2025-03-10T03:44:51.761651,BTCUSDT,4,2,78963.7,0.00143,89000.0,0.009489
2025-03-10T03:44:51.840992,BTCUSDT,4,2,82173.72,0.0005,82338.24,0.0005
2025-03-10T03:44:51.981595,BTCUSDT,4,2,78963.7,0.00143,88829.37,0.00107
2025-03-10T03:44:52.720446,BTCUSDT,4,2,82174.86,0.0005,82339.38,0.0005
2025-03-10T03:44:53.760847,BTCUSDT,4,2,78963.7,0.00143,88658.59,0.000803
2025-03-10T03:44:53.841292,BTCUSDT,4,2,82175.79,0.0005,82340.31,0.0005
2025-03-10T03:44:54.001239,BTCUSDT,4,2,78963.7,0.00143,88658.59,0.000803
2025-03-10T03:44:54.800947,BTCUSDT,4,2,82176.35,0.0005,82340.88,0.0005
2025-03-10T03:44:54.941673,BTCUSDT,4,2,78963.7,0.00143,88800.0,0.009489
2025-03-10T03:44:55.042015,BTCUSDT,4,2,82176.35,0.0005,82340.88,0.0005
2025-03-10T03:44:55.722132,BTCUSDT,4,2,78963.7,0.00143,88829.37,0.00107
2025-03-10T03:44:55.801973,BTCUSDT,4,2,82177.78,0.0005,82342.31,0.0005
2025-03-10T03:44:56.721545,BTCUSDT,4,2,78963.7,0.00143,88829.37,0.00107
2025-03-10T03:44:56.800673,BTCUSDT,4,2,82180.4,0.0005,82344.93,0.0005
2025-03-10T03:44:56.941611,BTCUSDT,4,2,78963.7,0.00143,88800.0,0.009489
2025-03-10T03:44:57.041468,BTCUSDT,4,2,82180.4,0.0005,82344.93,0.0005
2025-03-10T03:44:57.781411,BTCUSDT,4,2,78963.7,0.00143,88658.59,0.000803
2025-03-10T03:44:57.888419,BTCUSDT,4,2,82181.98,0.0005,82346.52,0.0005
2025-03-10T03:44:58.020323,BTCUSDT,4,2,78963.7,0.00143,88658.59,0.000803
2025-03-10T03:44:58.741945,BTCUSDT,4,2,82182.94,0.0005,82347.48,0.0005
2025-03-10T03:44:59.720993,BTCUSDT,4,2,78963.7,0.00143,88800.0,0.009489
2025-03-10T03:44:59.800972,BTCUSDT,4,2,82179.08,0.0005,82343.61,0.0005
2025-03-10T03:44:59.941950,BTCUSDT,4,1,78963.7,0.00143,88829.37,0.00107
2025-03-10T03:45:00.041112,BTCUSDT,4,2,82179.08,0.0005,82343.61,0.0005
2025-03-10T03:45:00.722445,BTCUSDT,4,2,78963.7,0.00143,89000.0,0.009489
2025-03-10T03:45:00.801140,BTCUSDT,4,2,82175.53,0.0005,82340.05,0.0005
2025-03-10T03:45:01.722275,BTCUSDT,4,2,78963.7,0.00143,88800.0,0.009489
2025-03-10T03:45:01.800517,BTCUSDT,4,2,82172.73,0.0005,82337.25,0.0005
2025-03-10T03:45:01.941620,BTCUSDT,4,2,78963.7,0.00143,88800.0,0.009489
2025-03-10T03:45:02.020933,BTCUSDT,4,2,82172.73,0.0005,82337.25,0.0005
2025-03-10T03:45:02.723569,BTCUSDT,4,2,78963.7,0.00143,88800.0,0.009489
2025-03-10T03:45:02.801231,BTCUSDT,4,2,82169.58,0.0005,82334.09,0.0005
2025-03-10T03:45:03.721803,BTCUSDT,4,2,78963.7,0.00143,88800.0,0.009489
2025-03-10T03:45:03.802783,BTCUSDT,4,2,82167.67,0.0005,82332.18,0.0005
2025-03-10T03:45:03.961228,BTCUSDT,4,2,78963.7,0.00143,88800.0,0.009489
2025-03-10T03:45:04.720548,BTCUSDT,4,2,82166.52,0.0005,82331.02,0.0005
2025-03-10T03:45:04.860445,BTCUSDT,4,2,78963.7,0.00143,88800.0,0.009489
2025-03-10T03:45:04.941982,BTCUSDT,4,2,82166.52,0.0005,82331.02,0.0005
2025-03-10T03:45:05.721207,BTCUSDT,4,2,78963.7,0.00143,88829.37,0.00107
2025-03-10T03:45:05.801173,BTCUSDT,4,3,82165.81,0.0005,82330.32,0.0005
2025-03-10T03:45:06.780747,BTCUSDT,4,2,78963.7,0.00143,88800.0,0.009489
2025-03-10T03:45:06.860488,BTCUSDT,4,2,82165.39,0.0005,82329.89,0.0005
2025-03-10T03:45:07.021506,BTCUSDT,4,2,78963.7,0.00143,88800.0,0.009489
2025-03-10T03:45:08.021079,BTCUSDT,4,2,82165.13,0.0005,82329.63,0.0005
2025-03-10T03:45:08.180797,BTCUSDT,4,2,78963.7,0.00143,88800.0,0.009489
2025-03-10T03:45:08.720604,BTCUSDT,4,2,82164.97,0.0005,82329.48,0.0005
2025-03-10T03:45:08.881099,BTCUSDT,4,2,78963.7,0.00143,88800.0,0.009489
2025-03-10T03:45:09.721323,BTCUSDT,4,2,82164.88,0.0005,82329.38,0.0005
2025-03-10T03:45:09.880909,BTCUSDT,4,2,78963.7,0.00143,89200.0,0.009489
2025-03-10T03:45:09.961463,BTCUSDT,4,2,82164.88,0.0005,82329.38,0.0005
2025-03-10T03:45:10.761651,BTCUSDT,4,2,78963.7,0.00143,89000.0,0.009489
2025-03-10T03:45:10.842086,BTCUSDT,4,2,82164.82,0.0005,82329.32,0.0005
2025-03-10T03:45:10.981024,BTCUSDT,4,2,78963.7,0.00143,88800.0,0.009489
2025-03-10T03:45:11.721191,BTCUSDT,4,2,82162.44,0.0005,82326.94,0.0005
2025-03-10T03:45:12.922184,BTCUSDT,4,2,78963.7,0.00143,88658.59,0.000803
2025-03-10T03:45:13.000755,BTCUSDT,4,2,82161.0,0.0005,82325.49,0.0005
2025-03-10T03:45:13.160924,BTCUSDT,4,2,78963.7,0.00143,88658.59,0.000803
2025-03-10T03:45:13.721136,BTCUSDT,4,2,82150.25,0.0005,82314.72,0.0005
2025-03-10T03:45:13.881871,BTCUSDT,4,2,78963.7,0.00143,89000.0,0.009489
2025-03-10T03:45:14.761135,BTCUSDT,4,2,82143.73,0.0005,82308.19,0.0005
2025-03-10T03:45:14.900957,BTCUSDT,4,2,78963.7,0.00143,89200.0,0.009489
2025-03-10T03:45:15.000753,BTCUSDT,4,2,82143.73,0.0005,82308.19,0.0005
2025-03-10T03:45:15.722137,BTCUSDT,4,2,78963.7,0.00143,88800.0,0.009489
2025-03-10T03:45:15.801102,BTCUSDT,4,3,82142.56,0.0005,82307.01,0.0005
2025-03-10T03:45:16.720909,BTCUSDT,4,2,78963.7,0.00143,88658.59,0.000803
2025-03-10T03:45:16.800593,BTCUSDT,4,2,82141.85,0.0005,82306.31,0.0005
2025-03-10T03:45:16.961289,BTCUSDT,4,2,78963.7,0.00143,88658.59,0.000803
2025-03-10T03:45:17.735541,BTCUSDT,4,2,82141.42,0.0005,82305.88,0.0005
2025-03-10T03:45:17.882569,BTCUSDT,4,2,78963.7,0.00143,88800.0,0.009489
2025-03-10T03:45:18.747990,BTCUSDT,4,2,82143.45,0.0005,82307.91,0.0005
2025-03-10T03:45:18.861705,BTCUSDT,4,2,78963.7,0.00143,89000.0,0.009489
2025-03-10T03:45:18.970392,BTCUSDT,4,2,82143.45,0.0005,82307.91,0.0005
2025-03-10T03:45:19.760803,BTCUSDT,4,2,78963.7,0.00143,88658.59,0.000803
2025-03-10T03:45:19.840549,BTCUSDT,4,2,82144.69,0.0005,82309.15,0.0005
2025-03-10T03:45:20.000319,BTCUSDT,4,2,78963.7,0.00143,88658.59,0.000803
2025-03-10T03:45:20.821593,BTCUSDT,4,2,82145.43,0.0005,82309.9,0.0005
2025-03-10T03:45:20.983262,BTCUSDT,4,2,78963.7,0.00143,88658.59,0.000803
2025-03-10T03:45:21.761371,BTCUSDT,4,2,82145.89,0.0005,82310.35,0.0005
2025-03-10T03:45:22.780774,BTCUSDT,4,2,78963.7,0.00143,88800.0,0.009489
2025-03-10T03:45:22.863226,BTCUSDT,4,2,82146.16,0.0005,82310.63,0.0005
2025-03-10T03:45:23.020552,BTCUSDT,4,2,78963.7,0.00143,88800.0,0.009489
2025-03-10T03:45:23.721029,BTCUSDT,4,2,82146.33,0.0005,82310.79,0.0005
2025-03-10T03:45:23.880346,BTCUSDT,3,2,78818.01,0.007349,89000.0,0.009489
2025-03-10T03:45:23.960584,BTCUSDT,4,2,82146.33,0.0005,82310.79,0.0005
2025-03-10T03:45:24.820558,BTCUSDT,4,2,78963.7,0.00143,88800.0,0.009489
2025-03-10T03:45:24.902409,BTCUSDT,4,2,82146.43,0.0005,82310.89,0.0005
2025-03-10T03:45:25.083096,BTCUSDT,4,2,78963.7,0.00143,88800.0,0.009489
2025-03-10T03:45:25.920824,BTCUSDT,4,2,82146.49,0.0005,82310.96,0.0005
2025-03-10T03:45:26.060541,BTCUSDT,4,2,78963.7,0.00143,88658.59,0.000803
2025-03-10T03:45:26.740471,BTCUSDT,4,2,82146.53,0.0005,82310.99,0.0005
2025-03-10T03:45:27.740918,BTCUSDT,4,2,78963.7,0.00143,88658.59,0.000803
2025-03-10T03:45:27.821425,BTCUSDT,4,2,82146.55,0.0005,82311.02,0.0005
2025-03-10T03:45:27.981239,BTCUSDT,4,2,78963.7,0.00143,88800.0,0.009489
2025-03-10T03:45:28.720516,BTCUSDT,4,2,82146.56,0.0005,82311.03,0.0005
2025-03-10T03:45:28.881045,BTCUSDT,4,2,78963.7,0.00143,88937.57,0.00092
2025-03-10T03:45:29.720815,BTCUSDT,4,2,82146.57,0.0005,82311.04,0.0005
2025-03-10T03:45:29.881361,BTCUSDT,4,2,78963.7,0.00143,88937.57,0.00092
2025-03-10T03:45:30.821552,BTCUSDT,4,2,82146.58,0.0005,82311.04,0.0005
2025-03-10T03:45:30.981881,BTCUSDT,4,2,78963.7,0.00143,88658.59,0.000803
2025-03-10T03:45:31.740828,BTCUSDT,4,2,82146.58,0.0005,82311.05,0.0005
2025-03-10T03:45:31.901476,BTCUSDT,4,2,78963.7,0.00143,88658.59,0.000803
2025-03-10T03:45:32.721101,BTCUSDT,4,2,82150.84,0.0005,82315.31,0.0005
2025-03-10T03:45:32.882304,BTCUSDT,4,2,78963.7,0.00143,88658.59,0.000803
2025-03-10T03:45:33.721341,BTCUSDT,4,2,82155.75,0.0005,82320.23,0.0005
2025-03-10T03:45:33.906361,BTCUSDT,4,2,78963.7,0.00143,88800.0,0.009489
2025-03-10T03:45:34.720985,BTCUSDT,4,2,82161.88,0.0005,82326.38,0.0005
2025-03-10T03:45:34.880595,BTCUSDT,4,2,78963.7,0.00143,88800.0,0.009489
2025-03-10T03:45:35.730158,BTCUSDT,4,2,82168.63,0.0005,82333.14,0.0005
2025-03-10T03:45:35.880638,BTCUSDT,4,2,78963.7,0.00143,88800.0,0.009489
2025-03-10T03:45:36.761280,BTCUSDT,4,2,82172.73,0.0005,82337.24,0.0005
2025-03-10T03:45:36.921877,BTCUSDT,4,2,78963.7,0.00143,88800.0,0.009489
2025-03-10T03:45:37.720979,BTCUSDT,4,2,82175.21,0.0005,82339.73,0.0005
2025-03-10T03:45:37.862653,BTCUSDT,4,2,78963.7,0.00143,89000.0,0.009489
2025-03-10T03:45:38.720651,BTCUSDT,4,2,82184.73,0.0005,82349.27,0.0005
2025-03-10T03:45:38.860700,BTCUSDT,4,2,78963.7,0.00143,89167.24,0.001
2025-03-10T03:45:38.940091,BTCUSDT,1,1,82184.73,0.0005,86461.94,0.00101
2025-03-10T03:45:38.960801,BTCUSDT,3,2,82102.54,0.0005,82349.27,0.0005
2025-03-10T03:45:39.720876,BTCUSDT,1,2,78691.27,0.00145,88800.0,0.009489
2025-03-10T03:45:39.801062,BTCUSDT,4,2,82190.5,0.0005,82355.06,0.0005
2025-03-10T03:45:40.721039,BTCUSDT,4,2,78963.7,0.00143,88800.0,0.009489
2025-03-10T03:45:40.800467,BTCUSDT,4,2,82194.01,0.0005,82358.57,0.0005
2025-03-10T03:45:40.940798,BTCUSDT,4,2,78963.7,0.00143,88800.0,0.009489
2025-03-10T03:45:41.041154,BTCUSDT,4,2,82194.01,0.0005,82358.57,0.0005
2025-03-10T03:45:41.721146,BTCUSDT,4,2,78963.7,0.00143,88800.0,0.009489
2025-03-10T03:45:41.800402,BTCUSDT,4,2,82198.76,0.0005,82363.33,0.0005
2025-03-10T03:45:42.721157,BTCUSDT,4,2,78963.7,0.00143,88937.57,0.00092
2025-03-10T03:45:42.800713,BTCUSDT,4,2,82203.13,0.0005,82367.71,0.0005
2025-03-10T03:45:43.081034,BTCUSDT,4,2,78963.7,0.00143,88937.57,0.00092
2025-03-10T03:45:43.901235,BTCUSDT,4,2,82205.78,0.0005,82370.36,0.0005
2025-03-10T03:45:44.062511,BTCUSDT,4,2,78963.7,0.00143,88800.0,0.009489
2025-03-10T03:45:44.781541,BTCUSDT,4,2,82207.39,0.0005,82371.97,0.0005
2025-03-10T03:45:44.941760,BTCUSDT,4,2,78963.7,0.00143,88800.0,0.009489
2025-03-10T03:45:45.821241,BTCUSDT,4,2,82208.36,0.0005,82372.95,0.0005
2025-03-10T03:45:45.981051,BTCUSDT,4,2,78963.7,0.00143,88800.0,0.009489
2025-03-10T03:45:46.761209,BTCUSDT,4,2,82209.52,0.0005,82374.11,0.0005
2025-03-10T03:45:46.960170,BTCUSDT,4,3,78963.7,0.00143,88937.57,0.00092
2025-03-10T03:45:47.721453,BTCUSDT,4,2,82216.69,0.0005,82381.3,0.0005
2025-03-10T03:45:47.862262,BTCUSDT,4,2,78963.7,0.00143,89167.24,0.001
2025-03-10T03:45:47.960961,BTCUSDT,4,2,82216.69,0.0005,82381.3,0.0005
2025-03-10T03:45:48.721444,BTCUSDT,4,2,78963.7,0.00143,88937.57,0.00092
2025-03-10T03:45:48.800996,BTCUSDT,4,2,82221.04,0.0005,82385.66,0.0005
2025-03-10T03:45:49.740391,BTCUSDT,4,2,78963.7,0.00143,88800.0,0.009489
2025-03-10T03:45:49.821662,BTCUSDT,4,2,82223.68,0.0005,82388.3,0.0005
2025-03-10T03:45:49.980973,BTCUSDT,4,2,78963.7,0.00143,88800.0,0.009489
2025-03-10T03:45:50.721174,BTCUSDT,4,2,82225.28,0.0005,82389.91,0.0005
2025-03-10T03:45:50.880573,BTCUSDT,4,2,78963.7,0.00143,88800.0,0.009489
2025-03-10T03:45:51.721427,BTCUSDT,4,2,82226.25,0.0005,82390.88,0.0005
2025-03-10T03:45:51.861505,BTCUSDT,4,2,78963.7,0.00143,88800.0,0.009489
2025-03-10T03:45:52.720312,BTCUSDT,4,2,82227.77,0.0005,82392.4,0.0005
2025-03-10T03:45:52.880124,BTCUSDT,4,2,78963.7,0.00143,86837.57,0.0011
2025-03-10T03:45:53.721124,BTCUSDT,4,2,82228.69,0.0005,82393.32,0.0005
2025-03-10T03:45:53.884865,BTCUSDT,4,2,78963.7,0.00143,88658.59,0.000803
2025-03-10T03:45:54.721338,BTCUSDT,4,2,82231.93,0.0005,82396.57,0.0005
2025-03-10T03:45:54.860603,BTCUSDT,4,2,78963.7,0.00143,88658.59,0.000803
2025-03-10T03:45:54.962511,BTCUSDT,4,2,82231.93,0.0005,82396.57,0.0005
2025-03-10T03:45:55.859724,BTCUSDT,4,2,78963.7,0.00143,88800.0,0.009489
2025-03-10T03:45:55.941443,BTCUSDT,4,2,82232.92,0.0005,82397.55,0.0005
2025-03-10T03:45:56.100171,BTCUSDT,4,2,78963.7,0.00143,88800.0,0.009489
2025-03-10T03:45:56.740074,BTCUSDT,4,2,82233.51,0.0005,82398.15,0.0005
2025-03-10T03:45:57.720716,BTCUSDT,4,2,78963.7,0.00143,89000.0,0.009489
2025-03-10T03:45:57.800976,BTCUSDT,4,2,82234.21,0.0005,82398.85,0.0005
2025-03-10T03:45:57.940194,BTCUSDT,4,2,78963.7,0.00143,88937.57,0.00092
2025-03-10T03:45:58.019945,BTCUSDT,4,2,82234.21,0.0005,82398.85,0.0005
2025-03-10T03:45:58.741381,BTCUSDT,4,2,78963.7,0.00143,88796.98,0.00115
2025-03-10T03:45:58.820561,BTCUSDT,4,2,82234.63,0.0005,82399.27,0.0005
2025-03-10T03:45:58.980545,BTCUSDT,4,2,78963.7,0.00143,88796.98,0.00115
2025-03-10T03:45:59.720216,BTCUSDT,4,2,82234.89,0.0005,82399.53,0.0005
2025-03-10T03:46:00.740946,BTCUSDT,4,2,78963.7,0.00143,88800.0,0.009489
2025-03-10T03:46:00.820808,BTCUSDT,4,2,82235.05,0.0005,82399.69,0.0005
2025-03-10T03:46:00.980906,BTCUSDT,4,2,78963.7,0.00143,88937.57,0.00092
2025-03-10T03:46:01.780758,BTCUSDT,4,2,82232.18,0.0005,82396.82,0.0005
2025-03-10T03:46:01.941586,BTCUSDT,4,2,78963.7,0.00143,89000.0,0.009489
2025-03-10T03:46:02.721310,BTCUSDT,4,2,82228.69,0.0005,82393.32,0.0005
2025-03-10T03:46:02.880589,BTCUSDT,4,2,78963.7,0.00143,88800.0,0.009489
2025-03-10T03:46:03.800682,BTCUSDT,4,2,82224.7,0.0005,82389.32,0.0005
2025-03-10T03:46:03.960768,BTCUSDT,4,2,78963.7,0.00143,88800.0,0.009489
2025-03-10T03:46:04.761708,BTCUSDT,4,2,82222.28,0.0005,82386.9,0.0005
2025-03-10T03:46:04.900324,BTCUSDT,4,2,78963.7,0.00143,88800.0,0.009489
2025-03-10T03:46:05.721225,BTCUSDT,4,2,82224.44,0.0005,82389.06,0.0005
2025-03-10T03:46:05.881933,BTCUSDT,4,2,78963.7,0.00143,89000.0,0.009489
2025-03-10T03:46:06.720854,BTCUSDT,4,2,82228.08,0.0005,82392.71,0.0005
2025-03-10T03:46:06.859983,BTCUSDT,4,2,78963.7,0.00143,89000.0,0.009489
2025-03-10T03:46:06.940851,BTCUSDT,4,2,82228.08,0.0005,82392.71,0.0005
2025-03-10T03:46:07.720796,BTCUSDT,4,2,78963.7,0.00143,88796.98,0.00115
2025-03-10T03:46:07.800517,BTCUSDT,4,2,82230.3,0.0005,82394.93,0.0005
2025-03-10T03:46:08.720151,BTCUSDT,4,2,78963.7,0.00143,88796.98,0.00115
2025-03-10T03:46:08.807434,BTCUSDT,4,2,82231.64,0.0005,82396.27,0.0005
2025-03-10T03:46:08.961169,BTCUSDT,4,2,78963.7,0.00143,88796.98,0.00115
2025-03-10T03:46:09.720903,BTCUSDT,4,2,82232.45,0.0005,82397.09,0.0005
2025-03-10T03:46:09.888260,BTCUSDT,4,2,78963.7,0.00143,88800.0,0.009489
2025-03-10T03:46:09.963570,BTCUSDT,4,2,82232.45,0.0005,82397.09,0.0005
2025-03-10T03:46:10.740977,BTCUSDT,4,2,78963.7,0.00143,89000.0,0.009489
2025-03-10T03:46:10.820203,BTCUSDT,4,2,82232.95,0.0005,82397.58,0.0005
2025-03-10T03:46:10.980537,BTCUSDT,4,2,78963.7,0.00143,89000.0,0.009489
2025-03-10T03:46:11.721332,BTCUSDT,4,2,82233.25,0.0005,82397.88,0.0005
2025-03-10T03:46:12.780688,BTCUSDT,4,2,78963.7,0.00143,88800.0,0.009489
2025-03-10T03:46:12.859896,BTCUSDT,4,2,82233.43,0.0005,82398.07,0.0005
2025-03-10T03:46:13.000563,BTCUSDT,4,2,78963.7,0.00143,88800.0,0.009489
2025-03-10T03:46:13.086914,BTCUSDT,4,2,82233.43,0.0005,82398.07,0.0005
2025-03-10T03:46:13.720336,BTCUSDT,4,2,78963.7,0.00143,88800.0,0.009489
2025-03-10T03:46:13.804749,BTCUSDT,4,2,82233.54,0.0005,82398.18,0.0005
2025-03-10T03:46:14.740774,BTCUSDT,4,2,78963.7,0.00143,88800.0,0.009489
2025-03-10T03:46:14.820292,BTCUSDT,4,2,82233.6,0.0005,82398.24,0.0005
2025-03-10T03:46:14.980325,BTCUSDT,4,2,78963.7,0.00143,88835.85,0.00108
2025-03-10T03:46:15.879938,BTCUSDT,4,2,82233.64,0.0005,82398.28,0.0005
2025-03-10T03:46:16.041139,BTCUSDT,4,2,78963.7,0.00143,88835.85,0.00108
2025-03-10T03:46:16.720904,BTCUSDT,4,2,82233.67,0.0005,82398.31,0.0005
2025-03-10T03:46:16.880397,BTCUSDT,4,2,78963.7,0.00143,88800.0,0.009489
2025-03-10T03:46:17.760120,BTCUSDT,4,2,82233.68,0.0005,82398.32,0.0005
2025-03-10T03:46:17.921629,BTCUSDT,4,2,78963.7,0.00143,88800.0,0.009489
2025-03-10T03:46:18.820688,BTCUSDT,4,2,82233.69,0.0005,82398.33,0.0005
2025-03-10T03:46:18.980513,BTCUSDT,4,2,78963.7,0.00143,88800.0,0.009489
2025-03-10T03:46:19.780067,BTCUSDT,4,2,82233.7,0.0005,82398.34,0.0005
2025-03-10T03:46:19.920556,BTCUSDT,4,2,78963.7,0.00143,88835.85,0.00108
2025-03-10T03:46:19.999806,BTCUSDT,4,2,82233.7,0.0005,82398.34,0.0005
2025-03-10T03:46:20.899638,BTCUSDT,4,2,78963.7,0.00143,88800.0,0.009489
2025-03-10T03:46:20.980234,BTCUSDT,4,2,82233.7,0.0005,82398.34,0.0005
2025-03-10T03:46:21.802365,BTCUSDT,4,2,78963.7,0.00143,88658.59,0.000803
2025-03-10T03:46:22.960880,BTCUSDT,4,2,82233.7,0.0005,82398.34,0.0005
2025-03-10T03:46:23.120359,BTCUSDT,4,2,78963.7,0.00143,88658.59,0.000803
2025-03-10T03:46:23.720695,BTCUSDT,4,2,82234.33,0.0005,82398.97,0.0005
2025-03-10T03:46:23.860240,BTCUSDT,4,2,78963.7,0.00143,88800.0,0.009489
2025-03-10T03:46:24.843782,BTCUSDT,4,2,82234.7,0.0005,82399.35,0.0005
2025-03-10T03:46:24.999938,BTCUSDT,4,2,78963.7,0.00143,89000.0,0.009489
2025-03-10T03:46:25.941472,BTCUSDT,4,2,82234.93,0.0005,82399.58,0.0005
2025-03-10T03:46:26.100563,BTCUSDT,4,2,78963.7,0.00143,88658.59,0.000803
2025-03-10T03:46:26.720346,BTCUSDT,4,2,82237.71,0.0005,82402.36,0.0005
2025-03-10T03:46:26.880128,BTCUSDT,4,2,78963.7,0.00143,88658.59,0.000803
2025-03-10T03:46:27.122113,BTCUSDT,1,1,82090.59,0.044647,82272.4,0.004131
2025-03-10T03:46:27.739974,BTCUSDT,4,2,82243.26,0.0005,82407.92,0.0005
2025-03-10T03:46:27.899789,BTCUSDT,4,2,78963.7,0.00143,88658.59,0.000803
2025-03-10T03:46:28.719949,BTCUSDT,4,2,82247.38,0.0005,82412.05,0.0005
2025-03-10T03:46:28.859871,BTCUSDT,4,2,78963.7,0.00143,89000.0,0.009489
2025-03-10T03:46:28.940566,BTCUSDT,4,2,82247.38,0.0005,82412.05,0.0005
2025-03-10T03:46:29.720241,BTCUSDT,4,2,78963.7,0.00143,89000.0,0.009489
2025-03-10T03:46:29.800237,BTCUSDT,4,2,82249.88,0.0005,82414.56,0.0005
2025-03-10T03:46:30.725363,BTCUSDT,4,2,78963.7,0.00143,88800.0,0.009489
2025-03-10T03:46:30.800085,BTCUSDT,4,2,82252.0,0.0005,82416.68,0.0005
2025-03-10T03:46:30.940625,BTCUSDT,4,2,78963.7,0.00143,88800.0,0.009489
2025-03-10T03:46:31.019807,BTCUSDT,4,2,82252.0,0.0005,82416.68,0.0005
2025-03-10T03:46:31.720134,BTCUSDT,4,2,78963.7,0.00143,88800.0,0.009489
2025-03-10T03:46:31.799838,BTCUSDT,4,2,82253.29,0.0005,82417.97,0.0005
2025-03-10T03:46:32.720556,BTCUSDT,4,2,78963.7,0.00143,88800.0,0.009489
2025-03-10T03:46:32.800961,BTCUSDT,4,2,82255.83,0.0005,82420.51,0.0005
2025-03-10T03:46:32.960434,BTCUSDT,4,2,78963.7,0.00143,88800.0,0.009489
2025-03-10T03:46:33.078696,BTCUSDT,4,2,82255.83,0.0005,82420.51,0.0005
2025-03-10T03:46:33.721708,BTCUSDT,4,2,78963.7,0.00143,89000.0,0.009489
2025-03-10T03:46:33.801720,BTCUSDT,4,2,82259.47,0.0005,82424.17,0.0005
2025-03-10T03:46:34.720965,BTCUSDT,4,2,78963.7,0.00143,88800.0,0.009489
2025-03-10T03:46:34.800270,BTCUSDT,4,2,82257.83,0.0005,82422.52,0.0005
2025-03-10T03:46:34.960122,BTCUSDT,4,2,78963.7,0.00143,88800.0,0.009489
2025-03-10T03:46:35.761737,BTCUSDT,4,2,82252.97,0.0005,82417.65,0.0005
2025-03-10T03:46:35.921827,BTCUSDT,4,2,78963.7,0.00143,88800.0,0.009489
2025-03-10T03:46:36.720663,BTCUSDT,4,2,82243.4,0.0005,82408.06,0.0005
2025-03-10T03:46:36.860537,BTCUSDT,4,2,78963.7,0.00143,88800.0,0.009489
2025-03-10T03:46:36.941268,BTCUSDT,4,2,82243.4,0.0005,82408.06,0.0005
2025-03-10T03:46:37.842811,BTCUSDT,4,2,78963.7,0.00143,89000.0,0.009489
2025-03-10T03:46:37.919736,BTCUSDT,4,2,82238.81,0.0005,82403.46,0.0005
2025-03-10T03:46:38.081677,BTCUSDT,4,2,78963.7,0.00143,89000.0,0.009489
2025-03-10T03:46:38.720503,BTCUSDT,4,2,82239.55,0.0005,82404.2,0.0005
2025-03-10T03:46:39.739826,BTCUSDT,4,2,78963.7,0.00143,88800.0,0.009489
2025-03-10T03:46:39.820993,BTCUSDT,4,2,82240.0,0.0005,82404.65,0.0005
2025-03-10T03:46:39.960254,BTCUSDT,4,2,78963.7,0.00143,88800.0,0.009489
2025-03-10T03:46:40.060325,BTCUSDT,4,2,82240.0,0.0005,82404.65,0.0005
2025-03-10T03:46:40.740809,BTCUSDT,4,2,78963.7,0.00143,88800.0,0.009489
2025-03-10T03:46:40.820547,BTCUSDT,4,2,82246.35,0.0005,82411.01,0.0005
2025-03-10T03:46:40.960361,BTCUSDT,4,2,78963.7,0.00143,88800.0,0.009489
2025-03-10T03:46:41.760621,BTCUSDT,4,2,82250.2,0.0005,82414.87,0.0005
2025-03-10T03:46:42.700445,BTCUSDT,4,2,78963.7,0.00143,89200.0,0.009489
2025-03-10T03:46:42.800076,BTCUSDT,4,2,82250.46,0.0005,82415.14,0.0005
2025-03-10T03:46:42.959764,BTCUSDT,4,2,78963.7,0.00143,89000.0,0.009489
2025-03-10T03:46:43.720542,BTCUSDT,4,2,82248.59,0.0005,82413.26,0.0005
2025-03-10T03:46:43.879952,BTCUSDT,4,2,78963.7,0.00143,88800.0,0.009489
2025-03-10T03:46:44.720326,BTCUSDT,4,2,82243.58,0.0005,82408.24,0.0005
2025-03-10T03:46:44.860069,BTCUSDT,4,2,78963.7,0.00143,88658.59,0.000803
2025-03-10T03:46:44.940108,BTCUSDT,4,2,82243.58,0.0005,82408.24,0.0005
2025-03-10T03:46:45.719903,BTCUSDT,4,3,78963.7,0.00143,88658.59,0.000803
2025-03-10T03:46:45.800409,BTCUSDT,4,2,82239.78,0.0005,82404.43,0.0005
2025-03-10T03:46:46.800362,BTCUSDT,4,2,78963.7,0.00143,88846.61,0.00122
2025-03-10T03:46:46.879659,BTCUSDT,4,2,82236.77,0.0005,82401.41,0.0005
2025-03-10T03:46:47.040747,BTCUSDT,4,2,78963.7,0.00143,88846.61,0.00122
2025-03-10T03:46:47.721022,BTCUSDT,4,2,82236.76,0.0005,82401.4,0.0005
2025-03-10T03:46:47.861025,BTCUSDT,4,2,78963.7,0.00143,88658.59,0.000803
2025-03-10T03:46:48.740254,BTCUSDT,4,2,82237.3,0.0005,82401.95,0.0005
2025-03-10T03:46:48.899812,BTCUSDT,4,2,78963.7,0.00143,88658.59,0.000803
2025-03-10T03:46:49.759956,BTCUSDT,4,2,82237.63,0.0005,82402.28,0.0005
2025-03-10T03:46:49.910599,BTCUSDT,4,2,78963.7,0.00143,88658.59,0.000803
2025-03-10T03:46:50.739745,BTCUSDT,4,2,82237.83,0.0005,82402.47,0.0005
2025-03-10T03:46:50.899474,BTCUSDT,4,2,78963.7,0.00143,88800.0,0.009489
2025-03-10T03:46:51.860105,BTCUSDT,4,2,82235.5,0.0005,82400.14,0.0005
2025-03-10T03:46:52.020299,BTCUSDT,4,2,78963.7,0.00143,88846.61,0.00122
2025-03-10T03:46:52.721154,BTCUSDT,4,2,82234.09,0.0005,82398.73,0.0005
2025-03-10T03:46:52.860906,BTCUSDT,4,2,78963.7,0.00143,88800.0,0.009489
2025-03-10T03:46:52.959531,BTCUSDT,4,2,82234.09,0.0005,82398.73,0.0005
2025-03-10T03:46:53.720325,BTCUSDT,4,2,78963.7,0.00143,88800.0,0.009489
2025-03-10T03:46:53.800718,BTCUSDT,4,2,82235.18,0.0005,82399.82,0.0005
2025-03-10T03:46:54.700136,BTCUSDT,4,2,78963.7,0.00143,88800.0,0.009489
2025-03-10T03:46:54.800881,BTCUSDT,4,2,82239.15,0.0005,82403.8,0.0005
2025-03-10T03:46:54.950842,BTCUSDT,4,2,78963.7,0.00143,88800.0,0.009489
2025-03-10T03:46:55.720382,BTCUSDT,4,2,82243.66,0.0005,82408.32,0.0005
2025-03-10T03:46:55.879768,BTCUSDT,4,2,78963.7,0.00143,88846.61,0.00122
2025-03-10T03:46:56.760359,BTCUSDT,4,2,82249.64,0.0005,82414.31,0.0005
2025-03-10T03:46:56.920465,BTCUSDT,4,2,78963.7,0.00143,88904.68,0.00112
2025-03-10T03:46:57.720392,BTCUSDT,4,2,82248.23,0.0005,82412.89,0.0005
2025-03-10T03:46:57.880401,BTCUSDT,4,2,78963.7,0.00143,88800.0,0.009489
2025-03-10T03:46:58.720094,BTCUSDT,4,2,82247.37,0.0005,82412.04,0.0005
2025-03-10T03:46:58.859822,BTCUSDT,4,2,78963.7,0.00143,88800.0,0.009489
2025-03-10T03:46:58.941241,BTCUSDT,4,2,82247.37,0.0005,82412.04,0.0005
2025-03-10T03:46:59.719414,BTCUSDT,4,2,78963.7,0.00143,88832.95,0.00125
2025-03-10T03:46:59.801734,BTCUSDT,4,2,82246.85,0.0005,82411.51,0.0005
2025-03-10T03:47:00.726149,BTCUSDT,4,2,78963.7,0.00143,88904.68,0.00112
2025-03-10T03:47:00.859598,BTCUSDT,4,2,82246.53,0.0005,82411.2,0.0005
2025-03-10T03:47:01.019944,BTCUSDT,4,2,78963.7,0.00143,88904.68,0.00112
2025-03-10T03:47:01.720561,BTCUSDT,4,2,82243.51,0.0005,82408.17,0.0005
2025-03-10T03:47:01.889030,BTCUSDT,4,2,78963.7,0.00143,88846.61,0.00122
2025-03-10T03:47:02.779740,BTCUSDT,4,2,82240.44,0.0005,82405.09,0.0005
2025-03-10T03:47:02.949633,BTCUSDT,4,2,78963.7,0.00143,88778.7,0.00105
2025-03-10T03:47:03.760762,BTCUSDT,4,2,82237.01,0.0005,82401.66,0.0005
2025-03-10T03:47:03.920581,BTCUSDT,4,2,78963.7,0.00143,88778.7,0.00105
2025-03-10T03:47:04.740270,BTCUSDT,4,2,82229.15,0.0005,82393.78,0.0005
2025-03-10T03:47:04.901359,BTCUSDT,4,2,78963.7,0.00143,88800.0,0.009489
2025-03-10T03:47:05.719949,BTCUSDT,4,2,82223.2,0.0005,82387.82,0.0005
2025-03-10T03:47:05.880941,BTCUSDT,4,2,78963.7,0.00143,88904.68,0.00112
2025-03-10T03:47:06.720478,BTCUSDT,4,2,82219.59,0.0005,82384.21,0.0005
2025-03-10T03:47:06.859921,BTCUSDT,4,2,78963.7,0.00143,88800.0,0.009489
2025-03-10T03:47:06.940878,BTCUSDT,4,3,82219.59,0.0005,82384.21,0.0005
2025-03-10T03:47:07.739481,BTCUSDT,4,2,78963.7,0.00143,88778.7,0.00105
2025-03-10T03:47:07.820316,BTCUSDT,4,2,82220.73,0.0005,82385.35,0.0005
2025-03-10T03:47:07.960125,BTCUSDT,4,2,78963.7,0.00143,88778.7,0.00105
2025-03-10T03:47:08.720297,BTCUSDT,4,2,82222.22,0.0005,82386.84,0.0005
2025-03-10T03:47:09.740452,BTCUSDT,4,2,78963.7,0.00143,88800.0,0.009489
2025-03-10T03:47:09.820647,BTCUSDT,4,2,82224.43,0.0005,82389.05,0.0005
2025-03-10T03:47:09.980226,BTCUSDT,3,2,78818.01,0.007349,88800.0,0.009489
2025-03-10T03:47:10.059441,BTCUSDT,4,2,82224.43,0.0005,82389.05,0.0005
2025-03-10T03:47:10.741050,BTCUSDT,4,2,78963.7,0.00143,88800.0,0.009489
2025-03-10T03:47:10.822011,BTCUSDT,4,2,82225.77,0.0005,82390.39,0.0005
2025-03-10T03:47:10.980036,BTCUSDT,4,3,78963.7,0.00143,88800.0,0.009489
2025-03-10T03:47:11.779880,BTCUSDT,4,2,82226.58,0.0005,82391.21,0.0005
2025-03-10T03:47:12.700300,BTCUSDT,4,2,78963.7,0.00143,88778.7,0.00105
2025-03-10T03:47:12.800620,BTCUSDT,4,2,82222.84,0.0005,82387.46,0.0005
2025-03-10T03:47:12.941745,BTCUSDT,4,2,78963.7,0.00143,88778.7,0.00105
2025-03-10T03:47:13.719663,BTCUSDT,4,2,82217.8,0.0005,82382.41,0.0005
2025-03-10T03:47:13.882330,BTCUSDT,4,2,78963.7,0.00143,88778.7,0.00105
2025-03-10T03:47:14.721908,BTCUSDT,4,2,82214.74,0.0005,82379.34,0.0005
2025-03-10T03:47:14.860737,BTCUSDT,4,2,78963.7,0.00143,88778.7,0.00105
2025-03-10T03:47:15.740528,BTCUSDT,4,2,82212.89,0.0005,82377.48,0.0005
2025-03-10T03:47:15.880759,BTCUSDT,4,2,78963.7,0.00143,88904.68,0.00112
2025-03-10T03:47:16.839941,BTCUSDT,4,2,82214.39,0.0005,82379.0,0.0005
2025-03-10T03:47:16.979957,BTCUSDT,4,2,78963.7,0.00143,88800.0,0.009489
2025-03-10T03:47:17.064407,BTCUSDT,4,2,82214.39,0.0005,82379.0,0.0005
2025-03-10T03:47:17.720339,BTCUSDT,4,2,78963.7,0.00143,88658.59,0.000803
2025-03-10T03:47:17.800912,BTCUSDT,4,2,82215.31,0.0005,82379.91,0.0005
2025-03-10T03:47:18.700551,BTCUSDT,4,2,78963.7,0.00143,88658.59,0.000803
2025-03-10T03:47:18.940450,BTCUSDT,4,2,78963.7,0.00143,88658.59,0.000803
2025-03-10T03:47:19.700177,BTCUSDT,4,1,82215.8,0.0005,82380.4,0.0005
2025-03-10T03:47:19.859762,BTCUSDT,4,2,78963.7,0.00143,88800.0,0.009489
2025-03-10T03:47:20.719903,BTCUSDT,4,2,82216.16,0.0005,82380.76,0.0005
2025-03-10T03:47:20.879746,BTCUSDT,4,2,78963.7,0.00143,88800.0,0.009489
2025-03-10T03:47:21.719574,BTCUSDT,4,2,82216.38,0.0005,82380.98,0.0005
2025-03-10T03:47:21.880449,BTCUSDT,4,2,78963.7,0.00143,88658.59,0.000803
2025-03-10T03:47:22.743584,BTCUSDT,4,2,82216.51,0.0005,82381.11,0.0005
2025-03-10T03:47:22.880029,BTCUSDT,4,2,78963.7,0.00143,88658.59,0.000803
2025-03-10T03:47:23.741000,BTCUSDT,4,2,82216.59,0.0005,82381.19,0.0005
2025-03-10T03:47:23.900415,BTCUSDT,4,2,78963.7,0.00143,88658.59,0.000803
2025-03-10T03:47:24.741265,BTCUSDT,4,2,82211.71,0.0005,82376.3,0.0005
2025-03-10T03:47:24.900545,BTCUSDT,4,2,78963.7,0.00143,88800.0,0.009489
2025-03-10T03:47:25.881638,BTCUSDT,4,2,82208.74,0.0005,82373.33,0.0005
2025-03-10T03:47:26.040256,BTCUSDT,4,2,78963.7,0.00143,88800.0,0.009489
2025-03-10T03:47:26.722463,BTCUSDT,4,2,82206.95,0.0005,82371.54,0.0005
2025-03-10T03:47:26.879862,BTCUSDT,4,2,78963.7,0.00143,88658.59,0.000803
2025-03-10T03:47:27.740084,BTCUSDT,4,2,82205.64,0.0005,82370.23,0.0005
2025-03-10T03:47:27.900425,BTCUSDT,4,2,78963.7,0.00143,88658.59,0.000803
2025-03-10T03:47:28.719981,BTCUSDT,4,2,82199.71,0.0005,82364.28,0.0005
2025-03-10T03:47:28.879602,BTCUSDT,4,2,78963.7,0.00143,88658.59,0.000803
2025-03-10T03:47:29.720575,BTCUSDT,4,2,82195.93,0.0005,82360.5,0.0005
2025-03-10T03:47:29.883864,BTCUSDT,4,2,78963.7,0.00143,88800.0,0.009489
2025-03-10T03:47:30.739891,BTCUSDT,4,2,82188.75,0.0005,82353.3,0.0005
2025-03-10T03:47:30.879246,BTCUSDT,4,2,78963.7,0.00143,88658.59,0.000803
2025-03-10T03:47:30.979533,BTCUSDT,4,2,82188.75,0.0005,82353.3,0.0005
2025-03-10T03:47:31.720296,BTCUSDT,4,2,78963.7,0.00143,88658.59,0.000803
2025-03-10T03:47:31.799390,BTCUSDT,4,2,82184.39,0.0005,82348.93,0.0005
2025-03-10T03:47:32.720161,BTCUSDT,4,2,78963.7,0.00143,88658.59,0.000803
2025-03-10T03:47:32.799350,BTCUSDT,4,2,82181.75,0.0005,82346.28,0.0005
2025-03-10T03:47:32.959743,BTCUSDT,4,2,78963.7,0.00143,88658.59,0.000803
2025-03-10T03:47:33.740420,BTCUSDT,4,2,82180.14,0.0005,82344.68,0.0005
2025-03-10T03:47:33.901810,BTCUSDT,4,2,78963.7,0.00143,89000.0,0.009489
2025-03-10T03:47:34.719882,BTCUSDT,4,2,82181.7,0.0005,82346.24,0.0005
2025-03-10T03:47:34.859357,BTCUSDT,4,2,78963.7,0.00143,89200.0,0.009489
2025-03-10T03:47:34.960327,BTCUSDT,4,2,82181.7,0.0005,82346.24,0.0005
2025-03-10T03:47:35.699300,BTCUSDT,4,2,78963.7,0.00143,88312.68,0.00119
2025-03-10T03:47:35.800010,BTCUSDT,4,2,82186.89,0.0005,82351.43,0.0005
2025-03-10T03:47:36.719742,BTCUSDT,4,2,78963.7,0.00143,88658.59,0.000803
2025-03-10T03:47:36.821040,BTCUSDT,4,2,82192.01,0.0005,82356.57,0.0005
2025-03-10T03:47:36.960656,BTCUSDT,4,2,78963.7,0.00143,88658.59,0.000803
2025-03-10T03:47:37.779837,BTCUSDT,4,2,82195.12,0.0005,82359.68,0.0005
2025-03-10T03:47:37.939566,BTCUSDT,4,2,78963.7,0.00143,88658.59,0.000803
2025-03-10T03:47:38.741901,BTCUSDT,4,2,82197.01,0.0005,82361.57,0.0005
2025-03-10T03:47:38.899353,BTCUSDT,4,2,78963.7,0.00143,88800.0,0.009489
2025-03-10T03:47:39.721332,BTCUSDT,4,2,82198.15,0.0005,82362.72,0.0005
2025-03-10T03:47:39.860007,BTCUSDT,4,2,78963.7,0.00143,88800.0,0.009489
2025-03-10T03:47:39.959829,BTCUSDT,4,2,82198.15,0.0005,82362.72,0.0005
2025-03-10T03:47:40.760030,BTCUSDT,4,2,78963.7,0.00143,88800.0,0.009489
2025-03-10T03:47:40.840984,BTCUSDT,4,2,82198.84,0.0005,82363.41,0.0005
2025-03-10T03:47:40.999804,BTCUSDT,4,2,78963.7,0.00143,88800.0,0.009489
2025-03-10T03:47:41.720237,BTCUSDT,4,2,82192.6,0.0005,82357.16,0.0005
2025-03-10T03:47:42.700462,BTCUSDT,4,2,78963.7,0.00143,88994.21,0.00132
2025-03-10T03:47:42.779507,BTCUSDT,4,2,82188.82,0.0005,82353.37,0.0005
2025-03-10T03:47:42.939496,BTCUSDT,4,2,78963.7,0.00143,88994.21,0.00132
2025-03-10T03:47:43.720221,BTCUSDT,4,2,82186.52,0.0005,82351.07,0.0005
2025-03-10T03:47:43.859601,BTCUSDT,4,2,78963.7,0.00143,88800.0,0.009489
2025-03-10T03:47:43.940169,BTCUSDT,4,2,82186.52,0.0005,82351.07,0.0005
2025-03-10T03:47:44.719788,BTCUSDT,4,2,78963.7,0.00143,88800.0,0.009489
2025-03-10T03:47:44.799894,BTCUSDT,4,2,82185.13,0.0005,82349.68,0.0005
2025-03-10T03:47:45.699866,BTCUSDT,4,2,78963.7,0.00143,88800.0,0.009489
2025-03-10T03:47:45.799884,BTCUSDT,4,2,82184.29,0.0005,82348.83,0.0005
2025-03-10T03:47:45.940604,BTCUSDT,4,2,78963.7,0.00143,88800.0,0.009489
2025-03-10T03:47:46.720544,BTCUSDT,4,2,82183.78,0.0005,82348.32,0.0005
2025-03-10T03:47:46.879640,BTCUSDT,4,2,78963.7,0.00143,88800.0,0.009489
2025-03-10T03:47:47.720250,BTCUSDT,4,2,82183.47,0.0005,82348.01,0.0005
2025-03-10T03:47:47.880086,BTCUSDT,4,2,78963.7,0.00143,89000.0,0.009489
2025-03-10T03:47:48.739315,BTCUSDT,4,2,82183.28,0.0005,82347.82,0.0005
2025-03-10T03:47:48.879391,BTCUSDT,4,2,78963.7,0.00143,88800.0,0.009489
2025-03-10T03:47:48.959920,BTCUSDT,4,2,82183.28,0.0005,82347.82,0.0005
2025-03-10T03:47:49.740175,BTCUSDT,4,2,78963.7,0.00143,88800.0,0.009489
2025-03-10T03:47:49.820268,BTCUSDT,4,2,82183.16,0.0005,82347.7,0.0005
2025-03-10T03:47:49.980026,BTCUSDT,4,2,78963.7,0.00143,88800.0,0.009489
2025-03-10T03:47:50.719915,BTCUSDT,4,2,82183.09,0.0005,82347.63,0.0005
2025-03-10T03:47:51.779952,BTCUSDT,4,2,78963.7,0.00143,89200.0,0.009489
2025-03-10T03:47:51.860253,BTCUSDT,4,2,82183.05,0.0005,82347.59,0.0005
2025-03-10T03:47:52.019275,BTCUSDT,4,2,78963.7,0.00143,89167.2,0.00118
2025-03-10T03:47:52.100010,BTCUSDT,4,2,82183.05,0.0005,82347.59,0.0005
2025-03-10T03:47:52.739752,BTCUSDT,4,2,78963.7,0.00143,88800.0,0.009489
2025-03-10T03:47:52.820337,BTCUSDT,4,2,82184.08,0.0005,82348.62,0.0005
2025-03-10T03:47:52.980120,BTCUSDT,4,2,78963.7,0.00143,88800.0,0.009489
2025-03-10T03:47:53.760234,BTCUSDT,4,2,82184.7,0.0005,82349.25,0.0005
2025-03-10T03:47:54.719836,BTCUSDT,4,2,78963.7,0.00143,88800.0,0.009489
2025-03-10T03:47:54.799761,BTCUSDT,4,2,82185.08,0.0005,82349.62,0.0005
2025-03-10T03:47:54.959115,BTCUSDT,4,2,78963.7,0.00143,88991.62,0.00102
2025-03-10T03:47:55.759295,BTCUSDT,4,2,82185.31,0.0005,82349.85,0.0005
2025-03-10T03:47:55.919419,BTCUSDT,4,2,78963.7,0.00143,89167.2,0.00118
2025-03-10T03:47:56.759232,BTCUSDT,4,2,82187.22,0.0005,82351.76,0.0005
2025-03-10T03:47:56.919969,BTCUSDT,4,2,78963.7,0.00143,89000.0,0.009489
2025-03-10T03:47:57.719939,BTCUSDT,4,2,82188.37,0.0005,82352.92,0.0005
2025-03-10T03:47:57.859674,BTCUSDT,4,2,78963.7,0.00143,88658.59,0.000803
2025-03-10T03:47:57.959662,BTCUSDT,3,2,82106.18,0.0005,82352.92,0.0005
2025-03-10T03:47:58.720656,BTCUSDT,4,2,78963.7,0.00143,88658.59,0.000803
2025-03-10T03:47:58.799736,BTCUSDT,4,2,82191.12,0.0005,82355.67,0.0005
2025-03-10T03:47:59.719979,BTCUSDT,4,2,78963.7,0.00143,88800.0,0.009489
2025-03-10T03:47:59.800419,BTCUSDT,4,2,82194.49,0.0005,82359.05,0.0005
2025-03-10T03:47:59.939473,BTCUSDT,4,2,78963.7,0.00143,88800.0,0.009489
2025-03-10T03:48:00.720092,BTCUSDT,4,2,82198.23,0.0005,82362.8,0.0005
2025-03-10T03:48:00.879497,BTCUSDT,4,2,78963.7,0.00143,89000.0,0.009489
2025-03-10T03:48:01.719843,BTCUSDT,4,2,82200.86,0.0005,82365.43,0.0005
2025-03-10T03:48:01.892263,BTCUSDT,4,2,78963.7,0.00143,88800.0,0.009489
2025-03-10T03:48:02.800152,BTCUSDT,4,2,82202.46,0.0005,82367.03,0.0005
2025-03-10T03:48:02.959577,BTCUSDT,4,2,78963.7,0.00143,88658.59,0.000803
2025-03-10T03:48:03.719830,BTCUSDT,4,2,82203.43,0.0005,82368.01,0.0005
2025-03-10T03:48:03.860119,BTCUSDT,4,1,78963.7,0.00143,88658.59,0.000803
2025-03-10T03:48:03.959027,BTCUSDT,4,2,82203.43,0.0005,82368.01,0.0005
2025-03-10T03:48:04.719834,BTCUSDT,4,2,78963.7,0.00143,88658.59,0.000803
2025-03-10T03:48:04.799265,BTCUSDT,4,2,82204.01,0.0005,82368.59,0.0005
2025-03-10T03:48:05.819285,BTCUSDT,4,2,78963.7,0.00143,89000.0,0.009489
2025-03-10T03:48:05.898968,BTCUSDT,4,2,82204.37,0.0005,82368.95,0.0005
2025-03-10T03:48:06.059612,BTCUSDT,4,2,78963.7,0.00143,89000.0,0.009489
2025-03-10T03:48:06.719663,BTCUSDT,4,2,82200.82,0.0005,82365.39,0.0005
2025-03-10T03:48:06.879282,BTCUSDT,4,2,78963.7,0.00143,89167.2,0.00118
2025-03-10T03:48:07.759064,BTCUSDT,4,2,82198.66,0.0005,82363.23,0.0005
2025-03-10T03:48:07.919759,BTCUSDT,4,2,78963.7,0.00143,88658.59,0.000803
2025-03-10T03:48:08.719209,BTCUSDT,4,2,82197.35,0.0005,82361.92,0.0005
2025-03-10T03:48:08.859345,BTCUSDT,4,2,78963.7,0.00143,88658.59,0.000803
2025-03-10T03:48:09.718908,BTCUSDT,4,2,82193.91,0.0005,82358.47,0.0005
2025-03-10T03:48:09.867678,BTCUSDT,4,2,78963.7,0.00143,88658.59,0.000803
2025-03-10T03:48:09.939505,BTCUSDT,4,2,82193.91,0.0005,82358.47,0.0005
2025-03-10T03:48:10.719532,BTCUSDT,4,2,78963.7,0.00143,88800.0,0.009489
2025-03-10T03:48:10.799945,BTCUSDT,4,2,82191.82,0.0005,82356.37,0.0005
2025-03-10T03:48:11.779871,BTCUSDT,4,2,78963.7,0.00143,89167.2,0.00118
2025-03-10T03:48:11.859666,BTCUSDT,4,2,82190.55,0.0005,82355.1,0.0005
2025-03-10T03:48:12.019464,BTCUSDT,4,2,78963.7,0.00143,89167.2,0.00118
2025-03-10T03:48:12.799965,BTCUSDT,4,2,82186.73,0.0005,82351.28,0.0005
2025-03-10T03:48:12.959442,BTCUSDT,4,2,78963.7,0.00143,88658.59,0.000803
2025-03-10T03:48:13.719316,BTCUSDT,4,2,82181.34,0.0005,82345.87,0.0005
2025-03-10T03:48:13.869601,BTCUSDT,4,2,78963.7,0.00143,88658.59,0.000803
2025-03-10T03:48:14.719496,BTCUSDT,4,2,82177.43,0.0005,82341.95,0.0005
2025-03-10T03:48:14.879244,BTCUSDT,4,2,78963.7,0.00143,88658.59,0.000803
2025-03-10T03:48:15.719748,BTCUSDT,4,2,82175.05,0.0005,82339.58,0.0005
2025-03-10T03:48:15.879580,BTCUSDT,4,2,78963.7,0.00143,89000.0,0.009489
2025-03-10T03:48:16.719807,BTCUSDT,4,2,82172.45,0.0005,82336.96,0.0005
2025-03-10T03:48:16.899805,BTCUSDT,4,2,78963.7,0.00143,89000.0,0.009489
2025-03-10T03:48:18.419250,BTCUSDT,4,2,82170.87,0.0005,82335.38,0.0005
2025-03-10T03:48:18.579536,BTCUSDT,4,2,78963.7,0.00143,88658.59,0.000803
2025-03-10T03:48:18.721770,BTCUSDT,4,2,82169.99,0.0005,82334.51,0.0005
2025-03-10T03:48:18.879542,BTCUSDT,4,2,78963.7,0.00143,88658.59,0.000803
2025-03-10T03:48:19.719744,BTCUSDT,4,2,82176.05,0.0005,82340.58,0.0005
2025-03-10T03:48:19.859583,BTCUSDT,4,2,78963.7,0.00143,88800.0,0.009489
2025-03-10T03:48:19.939633,BTCUSDT,4,2,82176.05,0.0005,82340.58,0.0005
2025-03-10T03:48:20.719573,BTCUSDT,4,2,78963.7,0.00143,89000.0,0.009489
2025-03-10T03:48:20.799349,BTCUSDT,4,2,82179.14,0.0005,82343.67,0.0005
2025-03-10T03:48:21.719617,BTCUSDT,4,2,78963.7,0.00143,89000.0,0.009489
2025-03-10T03:48:21.799299,BTCUSDT,4,2,82181.01,0.0005,82345.55,0.0005
2025-03-10T03:48:21.959719,BTCUSDT,4,2,78963.7,0.00143,88800.0,0.009489
2025-03-10T03:48:22.720631,BTCUSDT,4,2,82185.69,0.0005,82350.24,0.0005
2025-03-10T03:48:22.879789,BTCUSDT,4,2,78963.7,0.00143,88800.0,0.009489
2025-03-10T03:48:23.920053,BTCUSDT,4,2,78963.7,0.00143,88800.0,0.009489
2025-03-10T03:48:24.739532,BTCUSDT,4,2,82190.25,0.0005,82354.81,0.0005
2025-03-10T03:48:24.901106,BTCUSDT,4,2,78963.7,0.00143,89000.0,0.009489
2025-03-10T03:48:25.739212,BTCUSDT,4,2,82191.3,0.0005,82355.85,0.0005
2025-03-10T03:48:25.899333,BTCUSDT,4,2,78963.7,0.00143,89000.0,0.009489
2025-03-10T03:48:26.719261,BTCUSDT,4,2,82191.93,0.0005,82356.49,0.0005
2025-03-10T03:48:27.019804,BTCUSDT,4,2,78963.7,0.00143,88800.0,0.009489
2025-03-10T03:48:27.719931,BTCUSDT,4,2,82192.32,0.0005,82356.87,0.0005
2025-03-10T03:48:27.859055,BTCUSDT,4,2,78963.7,0.00143,88800.0,0.009489
2025-03-10T03:48:28.739712,BTCUSDT,4,2,82189.64,0.0005,82354.19,0.0005
2025-03-10T03:48:28.899014,BTCUSDT,3,2,78818.01,0.007349,88800.0,0.009489
2025-03-10T03:48:28.979215,BTCUSDT,4,2,82189.64,0.0005,82354.19,0.0005
2025-03-10T03:48:29.740409,BTCUSDT,4,2,78963.7,0.00143,88800.0,0.009489
2025-03-10T03:48:29.819387,BTCUSDT,4,2,82188.01,0.0005,82352.56,0.0005
2025-03-10T03:48:29.979901,BTCUSDT,4,2,78963.7,0.00143,88800.0,0.009489
2025-03-10T03:48:30.719627,BTCUSDT,4,2,82187.02,0.0005,82351.57,0.0005
2025-03-10T03:48:31.719320,BTCUSDT,4,2,78963.7,0.00143,88670.25,0.00129
2025-03-10T03:48:31.798819,BTCUSDT,4,2,82186.43,0.0005,82350.97,0.0005
2025-03-10T03:48:31.958981,BTCUSDT,4,2,78963.7,0.00143,88670.25,0.00129
2025-03-10T03:48:32.719623,BTCUSDT,4,2,82186.06,0.0005,82350.61,0.0005
2025-03-10T03:48:32.878885,BTCUSDT,4,2,78963.7,0.00143,88670.25,0.00129
2025-03-10T03:48:33.719723,BTCUSDT,4,2,82185.84,0.0005,82350.39,0.0005
2025-03-10T03:48:33.884810,BTCUSDT,4,2,78963.7,0.00143,88800.0,0.009489
2025-03-10T03:48:34.740407,BTCUSDT,4,2,82185.71,0.0005,82350.25,0.0005
2025-03-10T03:48:34.879101,BTCUSDT,4,2,78963.7,0.00143,89167.2,0.00118
2025-03-10T03:48:34.959082,BTCUSDT,4,2,82185.71,0.0005,82350.25,0.0005
2025-03-10T03:48:35.719674,BTCUSDT,4,2,78963.7,0.00143,89000.0,0.009489
2025-03-10T03:48:35.800500,BTCUSDT,4,2,82185.63,0.0005,82350.17,0.0005
2025-03-10T03:48:36.760713,BTCUSDT,4,2,78963.7,0.00143,88800.0,0.009489
2025-03-10T03:48:36.842212,BTCUSDT,4,2,82183.73,0.0005,82348.27,0.0005
2025-03-10T03:48:36.999921,BTCUSDT,4,2,78963.7,0.00143,88800.0,0.009489
2025-03-10T03:48:37.900329,BTCUSDT,4,2,82182.58,0.0005,82347.11,0.0005
2025-03-10T03:48:38.059290,BTCUSDT,4,2,78963.7,0.00143,88800.0,0.009489
2025-03-10T03:48:38.718879,BTCUSDT,4,2,82183.54,0.0005,82348.08,0.0005
2025-03-10T03:48:38.859942,BTCUSDT,4,2,78963.7,0.00143,88800.0,0.009489
2025-03-10T03:48:39.739367,BTCUSDT,4,2,82187.17,0.0005,82351.72,0.0005
2025-03-10T03:48:39.879333,BTCUSDT,4,2,78963.7,0.00143,88670.25,0.00129
2025-03-10T03:48:39.959414,BTCUSDT,4,2,82187.17,0.0005,82351.72,0.0005
2025-03-10T03:48:40.720286,BTCUSDT,4,2,78963.7,0.00143,88670.25,0.00129
2025-03-10T03:48:40.799825,BTCUSDT,4,2,82189.38,0.0005,82353.93,0.0005
2025-03-10T03:48:41.879159,BTCUSDT,4,2,78963.7,0.00143,88670.25,0.00129
2025-03-10T03:48:41.960059,BTCUSDT,4,2,82191.71,0.0005,82356.27,0.0005
2025-03-10T03:48:42.119579,BTCUSDT,4,2,78963.7,0.00143,88670.25,0.00129
2025-03-10T03:48:42.719713,BTCUSDT,4,2,82194.04,0.0005,82358.6,0.0005
2025-03-10T03:48:42.859107,BTCUSDT,4,2,78963.7,0.00143,88905.36,0.00111
2025-03-10T03:48:43.719388,BTCUSDT,4,2,82192.82,0.0005,82357.38,0.0005
2025-03-10T03:48:43.858894,BTCUSDT,4,2,78963.7,0.00143,88800.0,0.009489
2025-03-10T03:48:43.959341,BTCUSDT,4,2,82192.82,0.0005,82357.38,0.0005
2025-03-10T03:48:44.739904,BTCUSDT,4,2,78963.7,0.00143,88800.0,0.009489
2025-03-10T03:48:44.818990,BTCUSDT,4,2,82187.93,0.0005,82352.48,0.0005
2025-03-10T03:48:45.719507,BTCUSDT,4,2,78963.7,0.00143,88800.0,0.009489
2025-03-10T03:48:45.799639,BTCUSDT,4,2,82183.48,0.0005,82348.02,0.0005
2025-03-10T03:48:45.959947,BTCUSDT,4,2,78963.7,0.00143,88800.0,0.009489
2025-03-10T03:48:46.820977,BTCUSDT,4,2,82180.78,0.0005,82345.32,0.0005
2025-03-10T03:48:46.979584,BTCUSDT,4,2,78963.7,0.00143,89000.0,0.009489
2025-03-10T03:48:47.738838,BTCUSDT,4,2,82179.15,0.0005,82343.68,0.0005
2025-03-10T03:48:47.879143,BTCUSDT,4,2,78963.7,0.00143,88670.25,0.00129
2025-03-10T03:48:48.899247,BTCUSDT,4,2,82178.15,0.0005,82342.68,0.0005
2025-03-10T03:48:49.063271,BTCUSDT,4,2,78963.7,0.00143,88670.25,0.00129
2025-03-10T03:48:49.759063,BTCUSDT,4,2,82177.55,0.0005,82342.08,0.0005
2025-03-10T03:48:49.918877,BTCUSDT,4,2,78963.7,0.00143,88670.25,0.00129
2025-03-10T03:48:50.719030,BTCUSDT,4,2,82177.18,0.0005,82341.71,0.0005
2025-03-10T03:48:50.859973,BTCUSDT,4,2,78963.7,0.00143,88800.0,0.009489
2025-03-10T03:48:51.719012,BTCUSDT,4,2,82176.96,0.0005,82341.49,0.0005
2025-03-10T03:48:51.879255,BTCUSDT,4,2,78963.7,0.00143,88670.25,0.00129
2025-03-10T03:48:52.719529,BTCUSDT,4,2,82176.83,0.0005,82341.36,0.0005
2025-03-10T03:48:52.878884,BTCUSDT,4,2,78963.7,0.00143,88670.25,0.00129
2025-03-10T03:48:53.719069,BTCUSDT,4,2,82176.75,0.0005,82341.27,0.0005
2025-03-10T03:48:53.879959,BTCUSDT,4,2,78963.7,0.00143,88670.25,0.00129
2025-03-10T03:48:54.719588,BTCUSDT,4,2,82176.27,0.0005,82340.79,0.0005
2025-03-10T03:48:54.878839,BTCUSDT,4,2,78963.7,0.00143,88670.25,0.00129
2025-03-10T03:48:55.719022,BTCUSDT,4,2,82175.97,0.0005,82340.5,0.0005
2025-03-10T03:48:55.878870,BTCUSDT,4,3,78963.7,0.00143,88670.25,0.00129
2025-03-10T03:48:56.718692,BTCUSDT,4,2,82175.8,0.0005,82340.32,0.0005
2025-03-10T03:48:56.858818,BTCUSDT,4,2,78963.7,0.00143,88670.25,0.00129
2025-03-10T03:48:57.719171,BTCUSDT,4,2,82175.69,0.0005,82340.21,0.0005
2025-03-10T03:48:57.884545,BTCUSDT,1,2,78691.27,0.00145,88670.25,0.00129
2025-03-10T03:48:58.719649,BTCUSDT,4,2,82175.62,0.0005,82340.15,0.0005
2025-03-10T03:48:58.858961,BTCUSDT,4,2,78963.7,0.00143,88670.25,0.00129
2025-03-10T03:48:59.758803,BTCUSDT,4,2,82175.58,0.0005,82340.11,0.0005
2025-03-10T03:48:59.919115,BTCUSDT,4,2,78963.7,0.00143,88800.0,0.009489
2025-03-10T03:49:00.759190,BTCUSDT,4,2,82175.56,0.0005,82340.08,0.0005
2025-03-10T03:49:00.919599,BTCUSDT,4,2,78963.7,0.00143,88800.0,0.009489
2025-03-10T03:49:01.719199,BTCUSDT,4,2,82175.55,0.0005,82340.07,0.0005
2025-03-10T03:49:01.871316,BTCUSDT,4,2,78963.7,0.00143,88658.59,0.000803
2025-03-10T03:49:02.759689,BTCUSDT,4,2,82175.54,0.0005,82340.06,0.0005
2025-03-10T03:49:02.900545,BTCUSDT,4,2,78963.7,0.00143,88658.59,0.000803
2025-03-10T03:49:03.000419,BTCUSDT,4,2,82175.54,0.0005,82340.06,0.0005
2025-03-10T03:49:03.821182,BTCUSDT,4,2,82175.53,0.0005,82340.05,0.0005
2025-03-10T03:49:03.959136,BTCUSDT,4,2,78963.7,0.00143,88782.68,0.00122
2025-03-10T03:49:04.719388,BTCUSDT,4,2,82175.53,0.0005,82340.05,0.0005
2025-03-10T03:49:05.799385,BTCUSDT,4,2,78963.7,0.00143,88782.68,0.00122
2025-03-10T03:49:06.719719,BTCUSDT,4,2,82178.56,0.0005,82343.09,0.0005
2025-03-10T03:49:06.880110,BTCUSDT,4,2,78963.7,0.00143,88782.68,0.00122
2025-03-10T03:49:07.718649,BTCUSDT,4,2,82181.54,0.0005,82346.08,0.0005
2025-03-10T03:49:07.859514,BTCUSDT,4,2,78963.7,0.00143,88782.68,0.00122
2025-03-10T03:49:07.940075,BTCUSDT,4,2,82181.54,0.0005,82346.08,0.0005
2025-03-10T03:49:08.099414,BTCUSDT,4,2,78963.7,0.00143,88782.68,0.00122
2025-03-10T03:49:08.779264,BTCUSDT,4,2,82183.35,0.0005,82347.89,0.0005
2025-03-10T03:49:09.725553,BTCUSDT,4,2,78963.7,0.00143,89000.0,0.009489
2025-03-10T03:49:09.798903,BTCUSDT,4,2,82185.83,0.0005,82350.37,0.0005
2025-03-10T03:49:09.939299,BTCUSDT,4,2,78963.7,0.00143,89000.0,0.009489
2025-03-10T03:49:10.719415,BTCUSDT,4,2,82187.33,0.0005,82351.88,0.0005
2025-03-10T03:49:10.858673,BTCUSDT,4,2,78963.7,0.00143,89000.0,0.009489
2025-03-10T03:49:10.959331,BTCUSDT,4,3,82187.33,0.0005,82351.88,0.0005
2025-03-10T03:49:11.798473,BTCUSDT,4,2,78963.7,0.00143,88658.59,0.000803
2025-03-10T03:49:11.878517,BTCUSDT,4,2,82188.25,0.0005,82352.79,0.0005
2025-03-10T03:49:12.040636,BTCUSDT,4,2,78963.7,0.00143,88658.59,0.000803
2025-03-10T03:49:12.719020,BTCUSDT,4,2,82188.8,0.0005,82353.35,0.0005
2025-03-10T03:49:13.919629,BTCUSDT,4,2,78963.7,0.00143,88782.68,0.00122
2025-03-10T03:49:13.999244,BTCUSDT,4,2,82189.13,0.0005,82353.68,0.0005
2025-03-10T03:49:14.159405,BTCUSDT,4,2,78963.7,0.00143,88782.68,0.00122
2025-03-10T03:49:14.759124,BTCUSDT,4,2,82189.34,0.0005,82353.89,0.0005
2025-03-10T03:49:14.919590,BTCUSDT,4,2,78963.7,0.00143,88782.68,0.00122
2025-03-10T03:49:15.719081,BTCUSDT,4,2,82196.81,0.0005,82361.37,0.0005
2025-03-10T03:49:15.878687,BTCUSDT,4,2,78963.7,0.00143,88800.0,0.009489
2025-03-10T03:49:16.719624,BTCUSDT,4,2,82201.58,0.0005,82366.15,0.0005
2025-03-10T03:49:16.878721,BTCUSDT,4,2,78963.7,0.00143,88658.59,0.000803
2025-03-10T03:49:17.725316,BTCUSDT,4,2,82204.47,0.0005,82369.06,0.0005
2025-03-10T03:49:17.894855,BTCUSDT,4,2,78963.7,0.00143,88658.59,0.000803
2025-03-10T03:49:18.719633,BTCUSDT,4,2,82209.41,0.0005,82374.0,0.0005
2025-03-10T03:49:18.858660,BTCUSDT,4,2,78963.7,0.00143,88658.59,0.000803
2025-03-10T03:49:18.959073,BTCUSDT,4,2,82209.41,0.0005,82374.0,0.0005
2025-03-10T03:49:19.739575,BTCUSDT,4,2,78963.7,0.00143,88800.0,0.009489
2025-03-10T03:49:19.820081,BTCUSDT,4,2,82212.4,0.0005,82377.0,0.0005
2025-03-10T03:49:19.978751,BTCUSDT,4,3,78963.7,0.00143,88800.0,0.009489
2025-03-10T03:49:20.719701,BTCUSDT,4,2,82214.22,0.0005,82378.82,0.0005
2025-03-10T03:49:21.740271,BTCUSDT,4,2,78963.7,0.00143,88782.68,0.00122
2025-03-10T03:49:21.819510,BTCUSDT,4,2,82215.32,0.0005,82379.93,0.0005
2025-03-10T03:49:21.978945,BTCUSDT,4,2,78963.7,0.00143,88782.68,0.00122
2025-03-10T03:49:22.859505,BTCUSDT,4,2,82215.99,0.0005,82380.59,0.0005
2025-03-10T03:49:22.998864,BTCUSDT,4,2,78963.7,0.00143,88782.68,0.00122
2025-03-10T03:49:23.098517,BTCUSDT,4,2,82215.99,0.0005,82380.59,0.0005
2025-03-10T03:49:23.719424,BTCUSDT,4,2,78963.7,0.00143,88800.0,0.009489
2025-03-10T03:49:23.798578,BTCUSDT,4,2,82216.4,0.0005,82381.0,0.0005
2025-03-10T03:49:24.819553,BTCUSDT,4,2,78963.7,0.00143,89200.0,0.009489
2025-03-10T03:49:24.898466,BTCUSDT,4,2,82216.64,0.0005,82381.25,0.0005
2025-03-10T03:49:25.061975,BTCUSDT,4,2,78963.7,0.00143,89200.0,0.009489
2025-03-10T03:49:25.719053,BTCUSDT,4,2,82216.79,0.0005,82381.4,0.0005
2025-03-10T03:49:25.864556,BTCUSDT,4,2,78963.7,0.00143,88800.0,0.009489
2025-03-10T03:49:26.718678,BTCUSDT,4,2,82218.02,0.0005,82382.63,0.0005
2025-03-10T03:49:26.961806,BTCUSDT,4,2,82218.02,0.0005,82382.63,0.0005
2025-03-10T03:49:27.699271,BTCUSDT,4,2,78963.7,0.00143,88782.68,0.00122
2025-03-10T03:49:27.799024,BTCUSDT,4,2,82220.61,0.0005,82385.22,0.0005
2025-03-10T03:49:28.718496,BTCUSDT,4,2,78963.7,0.00143,88800.0,0.009489
2025-03-10T03:49:28.798452,BTCUSDT,4,2,82222.18,0.0005,82386.8,0.0005
2025-03-10T03:49:28.959256,BTCUSDT,4,2,78963.7,0.00143,88800.0,0.009489
2025-03-10T03:49:29.739442,BTCUSDT,4,2,82223.13,0.0005,82387.75,0.0005
2025-03-10T03:49:29.879646,BTCUSDT,4,2,78963.7,0.00143,88800.0,0.009489
2025-03-10T03:49:30.779520,BTCUSDT,4,2,82228.63,0.0005,82393.26,0.0005
2025-03-10T03:49:30.919642,BTCUSDT,4,2,78963.7,0.00143,88800.0,0.009489
2025-03-10T03:49:31.019760,BTCUSDT,4,2,82228.63,0.0005,82393.26,0.0005
2025-03-10T03:49:31.719340,BTCUSDT,4,2,78963.7,0.00143,88800.0,0.009489
2025-03-10T03:49:31.800179,BTCUSDT,4,2,82231.97,0.0005,82396.61,0.0005
2025-03-10T03:49:32.718895,BTCUSDT,4,2,78963.7,0.00143,88800.0,0.009489
2025-03-10T03:49:32.799581,BTCUSDT,4,2,82237.34,0.0005,82401.98,0.0005
2025-03-10T03:49:32.958972,BTCUSDT,4,2,78963.7,0.00143,88800.0,0.009489
2025-03-10T03:49:33.719602,BTCUSDT,4,2,82245.19,0.0005,82409.86,0.0005
2025-03-10T03:49:33.929239,BTCUSDT,4,2,78963.7,0.00143,89000.0,0.009489
2025-03-10T03:49:34.719002,BTCUSDT,4,2,82249.96,0.0005,82414.63,0.0005
2025-03-10T03:49:34.859377,BTCUSDT,4,2,78963.7,0.00143,88800.0,0.009489
2025-03-10T03:49:34.958865,BTCUSDT,4,2,82249.96,0.0005,82414.63,0.0005
2025-03-10T03:49:35.719873,BTCUSDT,4,2,78963.7,0.00143,88800.0,0.009489
2025-03-10T03:49:35.799503,BTCUSDT,4,2,82253.32,0.0005,82418.0,0.0005
2025-03-10T03:49:36.819562,BTCUSDT,4,2,78963.7,0.00143,88800.0,0.009489
2025-03-10T03:49:36.900246,BTCUSDT,4,2,82255.35,0.0005,82420.03,0.0005
2025-03-10T03:49:37.039239,BTCUSDT,4,2,78963.7,0.00143,88800.0,0.009489
2025-03-10T03:49:37.719292,BTCUSDT,4,2,82256.58,0.0005,82421.27,0.0005
2025-03-10T03:49:37.881924,BTCUSDT,4,2,78963.7,0.00143,89013.5,0.00105
2025-03-10T03:49:38.698230,BTCUSDT,4,1,82257.34,0.0005,82422.03,0.0005
2025-03-10T03:49:38.858523,BTCUSDT,4,2,78963.7,0.00143,89000.0,0.009489
2025-03-10T03:49:39.798846,BTCUSDT,4,2,82258.29,0.0005,82422.98,0.0005
2025-03-10T03:49:39.959139,BTCUSDT,4,2,78963.7,0.00143,88800.0,0.009489
2025-03-10T03:49:40.739645,BTCUSDT,4,2,82258.86,0.0005,82423.55,0.0005
2025-03-10T03:49:40.899889,BTCUSDT,4,2,78963.7,0.00143,88800.0,0.009489
2025-03-10T03:49:41.799869,BTCUSDT,4,2,82262.7,0.0005,82427.4,0.0005
2025-03-10T03:49:41.940125,BTCUSDT,4,2,78963.7,0.00143,89000.0,0.009489
2025-03-10T03:49:42.719655,BTCUSDT,4,2,82265.04,0.0005,82429.74,0.0005
2025-03-10T03:49:42.878471,BTCUSDT,4,2,78963.7,0.00143,88658.59,0.000803
2025-03-10T03:49:43.799873,BTCUSDT,4,2,82266.45,0.0005,82431.16,0.0005
2025-03-10T03:49:43.959103,BTCUSDT,4,2,78963.7,0.00143,88658.59,0.000803
2025-03-10T03:49:44.720270,BTCUSDT,4,2,82267.31,0.0005,82432.01,0.0005
2025-03-10T03:49:44.878230,BTCUSDT,4,2,78963.7,0.00143,88658.59,0.000803
2025-03-10T03:49:45.758094,BTCUSDT,4,2,82267.83,0.0005,82432.54,0.0005
2025-03-10T03:49:45.900804,BTCUSDT,4,2,78963.7,0.00143,89000.0,0.009489
2025-03-10T03:49:46.718741,BTCUSDT,4,2,82268.14,0.0005,82432.85,0.0005
2025-03-10T03:49:47.019165,BTCUSDT,4,2,78963.7,0.00143,89000.0,0.009489
2025-03-10T03:49:47.720291,BTCUSDT,4,2,82268.33,0.0005,82433.04,0.0005
2025-03-10T03:49:47.858705,BTCUSDT,4,2,78963.7,0.00143,88800.0,0.009489
2025-03-10T03:49:47.959094,BTCUSDT,3,2,82186.06,0.0005,82433.04,0.0005
2025-03-10T03:49:48.878471,BTCUSDT,4,2,78963.7,0.00143,88800.0,0.009489
2025-03-10T03:49:48.958664,BTCUSDT,4,2,82268.45,0.0005,82433.16,0.0005
2025-03-10T03:49:49.124412,BTCUSDT,4,2,78963.7,0.00143,88800.0,0.009489
2025-03-10T03:49:49.719832,BTCUSDT,4,2,82268.52,0.0005,82433.23,0.0005
2025-03-10T03:49:50.758262,BTCUSDT,4,2,78963.7,0.00143,89000.0,0.009489
2025-03-10T03:49:50.838868,BTCUSDT,4,2,82268.56,0.0005,82433.27,0.0005
2025-03-10T03:49:50.979349,BTCUSDT,4,2,78963.7,0.00143,89013.5,0.00105
2025-03-10T03:49:51.059457,BTCUSDT,4,2,82268.56,0.0005,82433.27,0.0005
2025-03-10T03:49:51.719042,BTCUSDT,4,2,78963.7,0.00143,89000.0,0.009489
2025-03-10T03:49:51.798925,BTCUSDT,4,2,82268.59,0.0005,82433.3,0.0005
2025-03-10T03:49:52.758224,BTCUSDT,4,2,78963.7,0.00143,88800.0,0.009489
2025-03-10T03:49:52.842185,BTCUSDT,4,2,82268.61,0.0005,82433.32,0.0005
2025-03-10T03:49:53.018386,BTCUSDT,4,2,78963.7,0.00143,88800.0,0.009489
2025-03-10T03:49:53.841544,BTCUSDT,4,2,82268.61,0.0005,82433.32,0.0005
2025-03-10T03:49:53.978961,BTCUSDT,4,2,78963.7,0.00143,88800.0,0.009489
2025-03-10T03:49:54.058414,BTCUSDT,4,2,82268.61,0.0005,82433.32,0.0005
2025-03-10T03:49:54.739349,BTCUSDT,4,2,78963.7,0.00143,89000.0,0.009489
2025-03-10T03:49:54.818505,BTCUSDT,4,2,82268.62,0.0005,82433.33,0.0005
2025-03-10T03:49:54.978688,BTCUSDT,4,2,78963.7,0.00143,89000.0,0.009489
2025-03-10T03:49:55.718610,BTCUSDT,4,2,82265.39,0.0005,82430.09,0.0005
2025-03-10T03:49:56.759148,BTCUSDT,4,2,78963.7,0.00143,88800.0,0.009489
2025-03-10T03:49:56.842121,BTCUSDT,4,2,82263.4,0.0005,82428.1,0.0005
2025-03-10T03:49:56.999596,BTCUSDT,4,2,78963.7,0.00143,88800.0,0.009489
2025-03-10T03:49:57.879601,BTCUSDT,4,2,82262.19,0.0005,82426.89,0.0005
2025-03-10T03:49:58.039267,BTCUSDT,4,2,78963.7,0.00143,88800.0,0.009489
2025-03-10T03:49:58.899169,BTCUSDT,4,2,82261.46,0.0005,82426.15,0.0005
2025-03-10T03:49:59.058344,BTCUSDT,4,2,78963.7,0.00143,89000.0,0.009489
2025-03-10T03:49:59.739373,BTCUSDT,4,2,82261.01,0.0005,82425.71,0.0005
2025-03-10T03:49:59.878759,BTCUSDT,4,2,78963.7,0.00143,89000.0,0.009489
2025-03-10T03:49:59.978509,BTCUSDT,4,2,82261.01,0.0005,82425.71,0.0005
2025-03-10T03:50:00.702711,BTCUSDT,4,2,78963.7,0.00143,88800.0,0.009489
2025-03-10T03:50:00.818943,BTCUSDT,4,2,82257.09,0.0005,82421.77,0.0005
2025-03-10T03:50:00.979115,BTCUSDT,4,2,78963.7,0.00143,88800.0,0.009489
2025-03-10T03:50:01.718987,BTCUSDT,4,2,82252.57,0.0005,82417.25,0.0005
2025-03-10T03:50:02.739572,BTCUSDT,4,2,78963.7,0.00143,88800.0,0.009489
2025-03-10T03:50:02.818577,BTCUSDT,4,2,82246.61,0.0005,82411.28,0.0005
2025-03-10T03:50:02.978673,BTCUSDT,4,2,78963.7,0.00143,88831.99,0.00127
2025-03-10T03:50:03.758260,BTCUSDT,4,2,82243.0,0.0005,82407.66,0.0005
2025-03-10T03:50:03.919115,BTCUSDT,4,2,78963.7,0.00143,89000.0,0.009489
2025-03-10T03:50:04.739051,BTCUSDT,4,2,82241.69,0.0005,82406.35,0.0005
2025-03-10T03:50:04.878675,BTCUSDT,4,2,78963.7,0.00143,88800.0,0.009489
2025-03-10T03:50:05.798570,BTCUSDT,4,2,82246.05,0.0005,82410.72,0.0005
2025-03-10T03:50:05.887005,BTCUSDT,4,2,78963.7,0.00143,88658.59,0.000803
2025-03-10T03:50:05.958633,BTCUSDT,4,2,82246.05,0.0005,82410.72,0.0005
2025-03-10T03:50:06.118577,BTCUSDT,4,2,78963.7,0.00143,88658.59,0.000803
2025-03-10T03:50:06.818527,BTCUSDT,4,2,82248.7,0.0005,82413.37,0.0005
2025-03-10T03:50:06.979102,BTCUSDT,4,2,78963.7,0.00143,88658.59,0.000803
2025-03-10T03:50:07.718956,BTCUSDT,4,2,82249.4,0.0005,82414.07,0.0005
2025-03-10T03:50:08.698926,BTCUSDT,4,2,78963.7,0.00143,89000.0,0.009489
2025-03-10T03:50:08.778261,BTCUSDT,4,2,82247.45,0.0005,82412.12,0.0005
2025-03-10T03:50:08.938814,BTCUSDT,4,2,78963.7,0.00143,89000.0,0.009489
2025-03-10T03:50:09.019110,BTCUSDT,4,2,82247.45,0.0005,82412.12,0.0005
2025-03-10T03:50:09.739324,BTCUSDT,4,2,78963.7,0.00143,89243.86,0.00112
2025-03-10T03:50:09.818922,BTCUSDT,4,2,82246.26,0.0005,82410.93,0.0005
2025-03-10T03:50:09.979210,BTCUSDT,4,2,78963.7,0.00143,89200.0,0.009489
2025-03-10T03:50:10.718606,BTCUSDT,4,2,82245.55,0.0005,82410.21,0.0005
2025-03-10T03:50:11.718189,BTCUSDT,4,2,78963.7,0.00143,88658.59,0.000803
2025-03-10T03:50:11.798767,BTCUSDT,4,2,82243.49,0.0005,82408.15,0.0005
2025-03-10T03:50:11.938958,BTCUSDT,4,2,78963.7,0.00143,88658.59,0.000803
2025-03-10T03:50:12.778275,BTCUSDT,4,2,82241.13,0.0005,82405.78,0.0005
2025-03-10T03:50:12.924200,BTCUSDT,4,2,78963.7,0.00143,88658.59,0.000803
2025-03-10T03:50:13.718493,BTCUSDT,4,2,82237.02,0.0005,82401.67,0.0005
2025-03-10T03:50:13.884956,BTCUSDT,4,2,78963.7,0.00143,88658.59,0.000803
2025-03-10T03:50:14.798644,BTCUSDT,4,2,82234.54,0.0005,82399.18,0.0005
2025-03-10T03:50:14.959127,BTCUSDT,4,2,78963.7,0.00143,88800.0,0.009489
2025-03-10T03:50:15.839504,BTCUSDT,4,2,82232.74,0.0005,82397.37,0.0005
2025-03-10T03:50:15.979508,BTCUSDT,4,2,78963.7,0.00143,88800.0,0.009489
2025-03-10T03:50:16.078256,BTCUSDT,4,2,82232.74,0.0005,82397.37,0.0005
2025-03-10T03:50:16.699648,BTCUSDT,4,2,78963.7,0.00143,88800.0,0.009489
2025-03-10T03:50:16.798606,BTCUSDT,4,2,82231.48,0.0005,82396.12,0.0005
2025-03-10T03:50:17.718898,BTCUSDT,4,2,78963.7,0.00143,88800.0,0.009489
2025-03-10T03:50:17.798617,BTCUSDT,4,2,82230.38,0.0005,82395.01,0.0005
2025-03-10T03:50:17.939035,BTCUSDT,4,2,78963.7,0.00143,88882.73,0.00121
2025-03-10T03:50:18.038223,BTCUSDT,4,2,82230.38,0.0005,82395.01,0.0005
2025-03-10T03:50:18.839433,BTCUSDT,4,2,78963.7,0.00143,89000.0,0.009489
2025-03-10T03:50:18.918931,BTCUSDT,4,2,82229.7,0.0005,82394.34,0.0005
2025-03-10T03:50:19.079051,BTCUSDT,4,2,78963.7,0.00143,89000.0,0.009489
2025-03-10T03:50:19.718137,BTCUSDT,4,2,82229.02,0.0005,82393.65,0.0005
2025-03-10T03:50:20.718458,BTCUSDT,4,2,78963.7,0.00143,88800.0,0.009489
2025-03-10T03:50:20.799134,BTCUSDT,4,2,82222.73,0.0005,82387.35,0.0005
2025-03-10T03:50:20.958748,BTCUSDT,4,2,78963.7,0.00143,88800.0,0.009489
2025-03-10T03:50:21.719304,BTCUSDT,4,2,82217.22,0.0005,82381.83,0.0005
2025-03-10T03:50:21.881126,BTCUSDT,4,2,78963.7,0.00143,88800.0,0.009489
2025-03-10T03:50:22.718387,BTCUSDT,4,2,82213.84,0.0005,82378.44,0.0005
2025-03-10T03:50:22.878717,BTCUSDT,4,2,78963.7,0.00143,89000.0,0.009489
2025-03-10T03:50:23.718347,BTCUSDT,4,2,82211.14,0.0005,82375.74,0.0005
2025-03-10T03:50:23.858233,BTCUSDT,4,2,78963.7,0.00143,89200.0,0.009489
2025-03-10T03:50:23.958638,BTCUSDT,4,2,82211.14,0.0005,82375.74,0.0005
2025-03-10T03:50:24.718095,BTCUSDT,4,2,78963.7,0.00143,88800.0,0.009489
2025-03-10T03:50:24.798532,BTCUSDT,4,2,82208.21,0.0005,82372.8,0.0005
2025-03-10T03:50:25.738411,BTCUSDT,4,2,78963.7,0.00143,88800.0,0.009489
2025-03-10T03:50:25.818762,BTCUSDT,4,2,82206.44,0.0005,82371.02,0.0005
2025-03-10T03:50:25.978296,BTCUSDT,4,2,78963.7,0.00143,88800.0,0.009489
2025-03-10T03:50:26.798498,BTCUSDT,4,2,82205.36,0.0005,82369.94,0.0005
2025-03-10T03:50:26.959419,BTCUSDT,4,2,78963.7,0.00143,88800.0,0.009489
2025-03-10T03:50:27.720353,BTCUSDT,4,2,82204.71,0.0005,82369.29,0.0005
2025-03-10T03:50:27.878283,BTCUSDT,4,2,78963.7,0.00143,89000.0,0.009489
2025-03-10T03:50:28.738909,BTCUSDT,4,2,82201.92,0.0005,82366.5,0.0005
2025-03-10T03:50:28.898462,BTCUSDT,4,2,78963.7,0.00143,89000.0,0.009489
2025-03-10T03:50:29.718382,BTCUSDT,4,2,82195.53,0.0005,82360.09,0.0005
2025-03-10T03:50:29.882358,BTCUSDT,2,2,78750.0,0.015132,88800.0,0.009489
2025-03-10T03:50:30.718616,BTCUSDT,4,2,82191.65,0.0005,82356.2,0.0005
2025-03-10T03:50:30.878861,BTCUSDT,4,2,78963.7,0.00143,88800.0,0.009489
2025-03-10T03:50:31.719925,BTCUSDT,4,2,82189.29,0.0005,82353.84,0.0005
2025-03-10T03:50:31.858607,BTCUSDT,4,2,78963.7,0.00143,89000.0,0.009489
2025-03-10T03:50:31.938497,BTCUSDT,4,2,82189.29,0.0005,82353.84,0.0005
2025-03-10T03:50:32.779395,BTCUSDT,4,2,78963.7,0.00143,89000.0,0.009489
2025-03-10T03:50:32.858316,BTCUSDT,4,2,82187.74,0.0005,82352.28,0.0005
2025-03-10T03:50:33.019080,BTCUSDT,4,2,78963.7,0.00143,89000.0,0.009489
2025-03-10T03:50:33.719038,BTCUSDT,4,2,82186.79,0.0005,82351.34,0.0005
2025-03-10T03:50:34.738986,BTCUSDT,4,2,78963.7,0.00143,88658.59,0.000803
2025-03-10T03:50:34.818417,BTCUSDT,4,2,82186.22,0.0005,82350.76,0.0005
2025-03-10T03:50:34.978454,BTCUSDT,4,2,78963.7,0.00143,88658.59,0.000803
2025-03-10T03:50:35.719999,BTCUSDT,4,2,82185.87,0.0005,82350.41,0.0005
2025-03-10T03:50:35.858160,BTCUSDT,4,2,78963.7,0.00143,88658.59,0.000803
2025-03-10T03:50:35.938910,BTCUSDT,4,2,82185.87,0.0005,82350.41,0.0005
2025-03-10T03:50:36.719259,BTCUSDT,4,2,78963.7,0.00143,88800.0,0.009489
2025-03-10T03:50:36.798075,BTCUSDT,4,2,82185.66,0.0005,82350.2,0.0005
2025-03-10T03:50:37.739024,BTCUSDT,4,2,78963.7,0.00143,89000.0,0.009489
2025-03-10T03:50:37.819122,BTCUSDT,4,2,82185.53,0.0005,82350.08,0.0005
2025-03-10T03:50:37.979423,BTCUSDT,4,2,78963.7,0.00143,89200.0,0.009489
2025-03-10T03:50:38.719646,BTCUSDT,4,2,82183.69,0.0005,82348.23,0.0005
2025-03-10T03:50:38.878154,BTCUSDT,4,2,78963.7,0.00143,89000.0,0.009489
2025-03-10T03:50:39.738539,BTCUSDT,4,2,82182.58,0.0005,82347.12,0.0005
2025-03-10T03:50:39.900380,BTCUSDT,4,2,78963.7,0.00143,88658.59,0.000803
2025-03-10T03:50:40.859931,BTCUSDT,4,2,82181.9,0.0005,82346.44,0.0005
2025-03-10T03:50:41.018415,BTCUSDT,4,2,78963.7,0.00143,88658.59,0.000803
2025-03-10T03:50:41.718551,BTCUSDT,4,2,82181.49,0.0005,82346.03,0.0005
2025-03-10T03:50:41.885009,BTCUSDT,4,2,78963.7,0.00143,88800.0,0.009489
2025-03-10T03:50:42.738233,BTCUSDT,4,2,82181.24,0.0005,82345.78,0.0005
2025-03-10T03:50:42.878045,BTCUSDT,4,2,78963.7,0.00143,89000.0,0.009489
2025-03-10T03:50:42.959049,BTCUSDT,4,2,82181.24,0.0005,82345.78,0.0005
2025-03-10T03:50:43.817971,BTCUSDT,4,2,78963.7,0.00143,89000.0,0.009489
2025-03-10T03:50:44.045079,BTCUSDT,4,2,82181.09,0.0005,82345.63,0.0005
2025-03-10T03:50:44.178329,BTCUSDT,4,2,78963.7,0.00143,88800.0,0.009489
2025-03-10T03:50:44.717970,BTCUSDT,4,2,82181.0,0.0005,82345.53,0.0005
2025-03-10T03:50:45.998033,BTCUSDT,4,2,78963.7,0.00143,88800.0,0.009489
2025-03-10T03:50:46.078353,BTCUSDT,4,2,82180.94,0.0005,82345.48,0.0005
2025-03-10T03:50:46.218094,BTCUSDT,4,2,78963.7,0.00143,88800.0,0.009489
2025-03-10T03:50:46.298505,BTCUSDT,4,2,82180.94,0.0005,82345.48,0.0005
2025-03-10T03:50:46.838212,BTCUSDT,4,2,78963.7,0.00143,88906.86,0.00107
2025-03-10T03:50:46.940354,BTCUSDT,4,2,82180.91,0.0005,82345.44,0.0005
2025-03-10T03:50:47.078134,BTCUSDT,4,2,78963.7,0.00143,88906.86,0.00107
2025-03-10T03:50:47.738854,BTCUSDT,4,2,82180.89,0.0005,82345.42,0.0005
2025-03-10T03:50:48.738843,BTCUSDT,4,2,78963.7,0.00143,89200.0,0.009489
2025-03-10T03:50:48.818070,BTCUSDT,4,2,82180.88,0.0005,82345.41,0.0005
2025-03-10T03:50:48.978616,BTCUSDT,4,2,78963.7,0.00143,86838.45,0.0012
2025-03-10T03:50:49.738219,BTCUSDT,4,2,82180.87,0.0005,82345.4,0.0005
2025-03-10T03:50:49.878758,BTCUSDT,4,2,78963.7,0.00143,88658.59,0.000803
2025-03-10T03:50:49.980134,BTCUSDT,4,2,82180.87,0.0005,82345.4,0.0005
2025-03-10T03:50:50.898053,BTCUSDT,4,2,78963.7,0.00143,88658.59,0.000803
2025-03-10T03:50:51.760151,BTCUSDT,4,2,82180.86,0.0005,82345.4,0.0005
2025-03-10T03:50:51.898300,BTCUSDT,4,2,78963.7,0.00143,88658.59,0.000803
2025-03-10T03:50:51.998781,BTCUSDT,4,2,82180.86,0.0005,82345.4,0.0005
2025-03-10T03:50:52.841938,BTCUSDT,4,2,78963.7,0.00143,88800.0,0.009489
2025-03-10T03:50:53.717725,BTCUSDT,4,2,82180.86,0.0005,82345.39,0.0005
2025-03-10T03:50:53.879699,BTCUSDT,4,2,78963.7,0.00143,88800.0,0.009489
2025-03-10T03:50:54.718023,BTCUSDT,4,2,82180.86,0.0005,82345.39,0.0005
2025-03-10T03:50:54.877861,BTCUSDT,4,2,78963.7,0.00143,88800.0,0.009489
2025-03-10T03:50:55.778786,BTCUSDT,4,2,82180.86,0.0005,82345.39,0.0005
2025-03-10T03:50:55.940125,BTCUSDT,4,2,78963.7,0.00143,88800.0,0.009489
2025-03-10T03:50:56.717817,BTCUSDT,4,2,82182.62,0.0005,82347.15,0.0005
2025-03-10T03:50:56.877685,BTCUSDT,4,2,78963.7,0.00143,89200.0,0.009489
2025-03-10T03:50:57.718124,BTCUSDT,4,2,82185.11,0.0005,82349.66,0.0005
2025-03-10T03:50:57.878733,BTCUSDT,4,2,78963.7,0.00143,88800.0,0.009489
2025-03-10T03:50:58.798650,BTCUSDT,4,2,82190.74,0.0005,82355.3,0.0005
2025-03-10T03:50:58.937844,BTCUSDT,4,2,78963.7,0.00143,88800.0,0.009489
2025-03-10T03:50:59.039326,BTCUSDT,4,2,82190.74,0.0005,82355.3,0.0005
2025-03-10T03:50:59.719029,BTCUSDT,4,2,78963.7,0.00143,88800.0,0.009489
2025-03-10T03:50:59.797790,BTCUSDT,4,2,82194.16,0.0005,82358.72,0.0005
2025-03-10T03:51:00.719082,BTCUSDT,4,2,78963.7,0.00143,89200.0,0.009489
2025-03-10T03:51:00.798481,BTCUSDT,4,2,82196.23,0.0005,82360.8,0.0005
2025-03-10T03:51:00.897863,BTCUSDT,4,2,78963.7,0.00143,89200.0,0.009489
2025-03-10T03:51:01.718675,BTCUSDT,4,2,82197.49,0.0005,82362.05,0.0005
2025-03-10T03:51:01.909919,BTCUSDT,4,2,78963.7,0.00143,88800.0,0.009489
2025-03-10T03:51:02.838990,BTCUSDT,4,2,82198.25,0.0005,82362.82,0.0005
2025-03-10T03:51:02.997856,BTCUSDT,4,2,78963.7,0.00143,88800.0,0.009489
2025-03-10T03:51:03.719417,BTCUSDT,4,2,82201.75,0.0005,82366.33,0.0005
2025-03-10T03:51:03.858113,BTCUSDT,4,2,78963.7,0.00143,88800.0,0.009489
2025-03-10T03:51:03.937966,BTCUSDT,4,2,82201.75,0.0005,82366.33,0.0005
2025-03-10T03:51:04.098364,BTCUSDT,4,2,78963.7,0.00143,88800.0,0.009489
2025-03-10T03:51:04.717899,BTCUSDT,4,2,82203.88,0.0005,82368.46,0.0005
2025-03-10T03:51:05.818559,BTCUSDT,4,2,78963.7,0.00143,88800.0,0.009489
2025-03-10T03:51:05.898384,BTCUSDT,4,2,82205.17,0.0005,82369.75,0.0005
2025-03-10T03:51:06.060363,BTCUSDT,4,2,78963.7,0.00143,88800.0,0.009489
2025-03-10T03:51:06.718073,BTCUSDT,4,2,82203.2,0.0005,82367.77,0.0005
2025-03-10T03:51:06.877677,BTCUSDT,4,2,78963.7,0.00143,88800.0,0.009489
2025-03-10T03:51:07.778130,BTCUSDT,4,2,82201.26,0.0005,82365.84,0.0005
2025-03-10T03:51:07.938563,BTCUSDT,4,2,78963.7,0.00143,88800.0,0.009489
2025-03-10T03:51:08.718678,BTCUSDT,4,2,82198.18,0.0005,82362.75,0.0005
2025-03-10T03:51:08.878014,BTCUSDT,4,2,78963.7,0.00143,89000.0,0.009489
2025-03-10T03:51:09.719148,BTCUSDT,4,2,82195.07,0.0005,82359.64,0.0005
2025-03-10T03:51:09.884314,BTCUSDT,4,2,78963.7,0.00143,89000.0,0.009489
2025-03-10T03:51:09.958690,BTCUSDT,4,2,82195.07,0.0005,82359.64,0.0005
2025-03-10T03:51:10.738507,BTCUSDT,4,2,78963.7,0.00143,88769.1,0.00119
2025-03-10T03:51:10.818234,BTCUSDT,4,2,82189.57,0.0005,82354.12,0.0005
2025-03-10T03:51:10.979223,BTCUSDT,4,2,78963.7,0.00143,88769.1,0.00119
2025-03-10T03:51:11.717747,BTCUSDT,4,2,82186.23,0.0005,82350.77,0.0005
2025-03-10T03:51:12.718398,BTCUSDT,4,2,78963.7,0.00143,88800.0,0.009489
2025-03-10T03:51:12.797996,BTCUSDT,4,2,82184.2,0.0005,82348.74,0.0005
2025-03-10T03:51:12.957611,BTCUSDT,4,2,78963.7,0.00143,89000.0,0.009489
2025-03-10T03:51:13.778951,BTCUSDT,4,2,82182.97,0.0005,82347.51,0.0005
2025-03-10T03:51:13.938634,BTCUSDT,4,2,78963.7,0.00143,88769.1,0.00119
2025-03-10T03:51:14.858203,BTCUSDT,4,2,82182.23,0.0005,82346.76,0.0005
2025-03-10T03:51:15.017855,BTCUSDT,4,2,78963.7,0.00143,88769.1,0.00119
2025-03-10T03:51:15.717900,BTCUSDT,4,2,82175.79,0.0005,82340.31,0.0005
2025-03-10T03:51:15.857700,BTCUSDT,4,2,78963.7,0.00143,88769.1,0.00119
2025-03-10T03:51:15.958074,BTCUSDT,4,2,82175.79,0.0005,82340.31,0.0005
2025-03-10T03:51:16.718711,BTCUSDT,4,2,78963.7,0.00143,88769.1,0.00119
2025-03-10T03:51:16.798777,BTCUSDT,4,2,82171.88,0.0005,82336.4,0.0005
2025-03-10T03:51:17.738467,BTCUSDT,4,2,78963.7,0.00143,89000.0,0.009489
2025-03-10T03:51:17.818088,BTCUSDT,4,2,82171.67,0.0005,82336.18,0.0005
2025-03-10T03:51:17.978797,BTCUSDT,4,2,78963.7,0.00143,89000.0,0.009489
2025-03-10T03:51:18.758390,BTCUSDT,4,2,82171.54,0.0005,82336.05,0.0005
2025-03-10T03:51:18.918592,BTCUSDT,4,2,78963.7,0.00143,88658.59,0.000803
2025-03-10T03:51:19.737533,BTCUSDT,4,2,82171.46,0.0005,82335.97,0.0005
2025-03-10T03:51:19.898759,BTCUSDT,4,2,78963.7,0.00143,88658.59,0.000803
2025-03-10T03:51:20.718853,BTCUSDT,4,2,82160.12,0.0005,82324.61,0.0005
2025-03-10T03:51:20.878136,BTCUSDT,4,2,78963.7,0.00143,88658.59,0.000803
2025-03-10T03:51:21.738396,BTCUSDT,4,2,82150.46,0.0005,82314.93,0.0005
2025-03-10T03:51:21.906403,BTCUSDT,4,2,78963.7,0.00143,88800.0,0.009489
2025-03-10T03:51:22.737694,BTCUSDT,4,2,82144.59,0.0005,82309.05,0.0005
2025-03-10T03:51:22.878245,BTCUSDT,4,2,78963.7,0.00143,88800.0,0.009489
2025-03-10T03:51:22.958399,BTCUSDT,4,2,82144.59,0.0005,82309.05,0.0005
2025-03-10T03:51:23.720371,BTCUSDT,4,2,78963.7,0.00143,88658.59,0.000803
2025-03-10T03:51:23.798331,BTCUSDT,4,2,82141.04,0.0005,82305.49,0.0005
2025-03-10T03:51:24.778256,BTCUSDT,4,2,78963.7,0.00143,88658.59,0.000803
2025-03-10T03:51:24.857854,BTCUSDT,4,2,82138.88,0.0005,82303.33,0.0005
2025-03-10T03:51:25.018815,BTCUSDT,4,2,78963.7,0.00143,88658.59,0.000803
2025-03-10T03:51:25.758758,BTCUSDT,4,2,82137.5,0.0005,82301.95,0.0005
2025-03-10T03:51:25.918266,BTCUSDT,4,2,78963.7,0.00143,88769.1,0.00119
2025-03-10T03:51:26.717908,BTCUSDT,4,2,82136.66,0.0005,82301.11,0.0005
2025-03-10T03:51:26.877659,BTCUSDT,4,2,78963.7,0.00143,89000.0,0.009489
2025-03-10T03:51:27.718653,BTCUSDT,4,2,82136.16,0.0005,82300.6,0.0005
2025-03-10T03:51:27.858095,BTCUSDT,4,2,78963.7,0.00143,88769.1,0.00119
2025-03-10T03:51:27.958559,BTCUSDT,4,2,82136.16,0.0005,82300.6,0.0005
2025-03-10T03:51:28.778308,BTCUSDT,4,2,78963.7,0.00143,88658.59,0.000803
2025-03-10T03:51:28.858530,BTCUSDT,4,2,82135.85,0.0005,82300.29,0.0005
2025-03-10T03:51:29.018245,BTCUSDT,4,2,78963.7,0.00143,88658.59,0.000803
2025-03-10T03:51:29.718488,BTCUSDT,4,2,82135.66,0.0005,82300.11,0.0005
2025-03-10T03:51:30.719770,BTCUSDT,4,2,78963.7,0.00143,88658.59,0.000803
2025-03-10T03:51:30.798297,BTCUSDT,4,2,82135.55,0.0005,82299.99,0.0005
2025-03-10T03:51:30.938412,BTCUSDT,4,2,78963.7,0.00143,88769.1,0.00119
2025-03-10T03:51:31.017981,BTCUSDT,4,2,82135.55,0.0005,82299.99,0.0005
2025-03-10T03:51:31.759048,BTCUSDT,4,2,78963.7,0.00143,88769.1,0.00119
2025-03-10T03:51:31.838330,BTCUSDT,4,2,82135.48,0.0005,82299.92,0.0005
2025-03-10T03:51:31.978336,BTCUSDT,4,1,78963.7,0.00143,88800.0,0.009489
2025-03-10T03:51:32.818123,BTCUSDT,4,2,82135.44,0.0005,82299.88,0.0005
2025-03-10T03:51:32.978322,BTCUSDT,2,2,78750.0,0.015132,88658.59,0.000803
2025-03-10T03:51:33.718184,BTCUSDT,4,2,82135.41,0.0005,82299.86,0.0005
2025-03-10T03:51:34.738742,BTCUSDT,4,2,78963.7,0.00143,88658.59,0.000803
2025-03-10T03:51:34.818938,BTCUSDT,4,2,82135.4,0.0005,82299.84,0.0005
2025-03-10T03:51:34.978930,BTCUSDT,4,2,78963.7,0.00143,88658.59,0.000803
2025-03-10T03:51:35.718566,BTCUSDT,4,2,82135.39,0.0005,82299.83,0.0005
2025-03-10T03:51:35.858702,BTCUSDT,4,2,78963.7,0.00143,88800.0,0.009489
2025-03-10T03:51:36.718054,BTCUSDT,4,2,82135.38,0.0005,82299.83,0.0005
2025-03-10T03:51:36.877525,BTCUSDT,4,2,78963.7,0.00143,88800.0,0.009489
2025-03-10T03:51:36.979052,BTCUSDT,4,2,82135.38,0.0005,82299.83,0.0005
2025-03-10T03:51:37.880541,BTCUSDT,4,1,78963.7,0.00143,88800.0,0.009489
2025-03-10T03:51:38.097670,BTCUSDT,4,2,82135.38,0.0005,82299.82,0.0005
2025-03-10T03:51:38.778458,BTCUSDT,4,2,78963.7,0.00143,88800.0,0.009489
2025-03-10T03:51:39.717598,BTCUSDT,4,2,82135.38,0.0005,82299.82,0.0005
2025-03-10T03:51:39.957468,BTCUSDT,1,2,78963.7,0.00143,88800.0,0.009489
2025-03-10T03:51:40.053691,BTCUSDT,1,2,81889.2,0.0005,82299.82,0.0005
2025-03-10T03:51:40.118567,BTCUSDT,4,2,78963.7,0.00143,88800.0,0.009489
2025-03-10T03:51:40.718087,BTCUSDT,4,2,82137.01,0.0005,82301.46,0.0005
2025-03-10T03:51:41.718100,BTCUSDT,4,2,78963.7,0.00143,88800.0,0.009489
2025-03-10T03:51:41.799129,BTCUSDT,4,2,82138.7,0.0005,82303.15,0.0005
2025-03-10T03:51:41.958285,BTCUSDT,4,2,78963.7,0.00143,88800.0,0.009489
2025-03-10T03:51:42.719622,BTCUSDT,4,2,82139.72,0.0005,82304.18,0.0005
2025-03-10T03:51:42.878478,BTCUSDT,4,2,78963.7,0.00143,88800.0,0.009489
2025-03-10T03:51:42.957804,BTCUSDT,4,2,82139.72,0.0005,82304.18,0.0005
2025-03-10T03:51:43.817555,BTCUSDT,4,2,78963.7,0.00143,89000.0,0.009489
2025-03-10T03:51:43.897415,BTCUSDT,4,2,82140.34,0.0005,82304.8,0.0005
2025-03-10T03:51:44.038463,BTCUSDT,4,2,78963.7,0.00143,89000.0,0.009489
2025-03-10T03:51:44.718555,BTCUSDT,4,2,82140.72,0.0005,82305.17,0.0005
2025-03-10T03:51:45.717760,BTCUSDT,4,2,78963.7,0.00143,88800.0,0.009489
2025-03-10T03:51:45.797674,BTCUSDT,4,2,82140.95,0.0005,82305.4,0.0005
2025-03-10T03:51:45.957670,BTCUSDT,4,2,78963.7,0.00143,88658.59,0.000803
2025-03-10T03:51:46.717773,BTCUSDT,4,2,82138.76,0.0005,82303.21,0.0005
2025-03-10T03:51:46.877907,BTCUSDT,4,2,78963.7,0.00143,88658.59,0.000803
2025-03-10T03:51:47.717547,BTCUSDT,4,2,82137.43,0.0005,82301.88,0.0005
2025-03-10T03:51:47.858260,BTCUSDT,4,2,78963.7,0.00143,88658.59,0.000803
2025-03-10T03:51:47.957727,BTCUSDT,4,2,82137.43,0.0005,82301.88,0.0005
2025-03-10T03:51:48.737856,BTCUSDT,4,2,78963.7,0.00143,88800.0,0.009489
2025-03-10T03:51:48.818034,BTCUSDT,4,2,82136.63,0.0005,82301.07,0.0005
2025-03-10T03:51:48.978423,BTCUSDT,4,2,78963.7,0.00143,88800.0,0.009489
2025-03-10T03:51:49.738407,BTCUSDT,4,2,82136.14,0.0005,82300.58,0.0005
2025-03-10T03:51:50.717502,BTCUSDT,4,2,78963.7,0.00143,88695.34,0.00103
2025-03-10T03:51:50.799550,BTCUSDT,4,2,82132.62,0.0005,82297.06,0.0005
2025-03-10T03:51:50.957860,BTCUSDT,4,2,78963.7,0.00143,88695.34,0.00103
2025-03-10T03:51:51.737853,BTCUSDT,4,2,82130.49,0.0005,82294.92,0.0005
2025-03-10T03:51:51.898420,BTCUSDT,4,2,78963.7,0.00143,88695.34,0.00103
2025-03-10T03:51:52.717889,BTCUSDT,4,2,82129.19,0.0005,82293.62,0.0005
2025-03-10T03:51:52.877440,BTCUSDT,4,2,78963.7,0.00143,88695.34,0.00103
2025-03-10T03:51:53.717852,BTCUSDT,4,2,82128.49,0.0005,82292.92,0.0005
2025-03-10T03:51:53.889503,BTCUSDT,4,2,78963.7,0.00143,89000.0,0.009489
2025-03-10T03:51:54.718199,BTCUSDT,4,2,82128.06,0.0005,82292.49,0.0005
2025-03-10T03:51:54.877490,BTCUSDT,4,2,78963.7,0.00143,88489.96,0.00117
2025-03-10T03:51:55.738105,BTCUSDT,4,2,82127.8,0.0005,82292.23,0.0005
2025-03-10T03:51:55.898312,BTCUSDT,4,2,78963.7,0.00143,88695.34,0.00103
2025-03-10T03:51:56.718330,BTCUSDT,4,2,82127.64,0.0005,82292.07,0.0005
2025-03-10T03:51:56.877877,BTCUSDT,4,2,78963.7,0.00143,88695.34,0.00103
2025-03-10T03:51:57.898443,BTCUSDT,4,2,78963.7,0.00143,88800.0,0.009489
2025-03-10T03:51:58.718820,BTCUSDT,4,2,82127.49,0.0005,82291.92,0.0005
2025-03-10T03:51:58.860711,BTCUSDT,4,2,78963.7,0.00143,89000.0,0.009489
2025-03-10T03:51:59.718166,BTCUSDT,4,2,82127.45,0.0005,82291.88,0.0005
2025-03-10T03:51:59.877948,BTCUSDT,4,2,78963.7,0.00143,88800.0,0.009489
2025-03-10T03:52:00.719636,BTCUSDT,4,2,82127.43,0.0005,82291.86,0.0005
2025-03-10T03:52:00.878167,BTCUSDT,4,2,78963.7,0.00143,88800.0,0.009489
2025-03-10T03:52:01.758005,BTCUSDT,4,2,82127.42,0.0005,82291.85,0.0005
2025-03-10T03:52:01.919592,BTCUSDT,4,2,78963.7,0.00143,89000.0,0.009489
2025-03-10T03:52:02.718128,BTCUSDT,4,2,82127.41,0.0005,82291.84,0.0005
2025-03-10T03:52:02.858780,BTCUSDT,4,2,78963.7,0.00143,89000.0,0.009489
2025-03-10T03:52:03.777917,BTCUSDT,4,2,82127.41,0.0005,82291.84,0.0005
2025-03-10T03:52:03.938719,BTCUSDT,4,2,78963.7,0.00143,88800.0,0.009489
2025-03-10T03:52:04.738395,BTCUSDT,4,2,82127.4,0.0005,82291.83,0.0005
2025-03-10T03:52:04.897933,BTCUSDT,4,2,78963.7,0.00143,88800.0,0.009489
2025-03-10T03:52:05.718410,BTCUSDT,4,2,82127.4,0.0005,82291.83,0.0005
2025-03-10T03:52:05.887828,BTCUSDT,4,2,78963.7,0.00143,88800.0,0.009489
2025-03-10T03:52:06.898931,BTCUSDT,4,2,82127.4,0.0005,82291.83,0.0005
2025-03-10T03:52:07.057626,BTCUSDT,4,2,78963.7,0.00143,89000.0,0.009489
2025-03-10T03:52:07.718129,BTCUSDT,4,2,82127.4,0.0005,82291.83,0.0005
2025-03-10T03:52:07.857516,BTCUSDT,4,2,78963.7,0.00143,89200.0,0.009489
2025-03-10T03:52:07.963817,BTCUSDT,4,2,82127.4,0.0005,82291.83,0.0005
2025-03-10T03:52:08.818265,BTCUSDT,4,2,78963.7,0.00143,88800.0,0.009489
2025-03-10T03:52:09.122621,BTCUSDT,1,1,82272.4,0.047495,89200.0,0.009489
2025-03-10T03:52:09.737890,BTCUSDT,4,2,82127.4,0.0005,82291.83,0.0005
2025-03-10T03:52:09.899835,BTCUSDT,4,2,78999.82,0.007349,89000.0,0.009489
2025-03-10T03:52:10.738761,BTCUSDT,4,2,82127.4,0.0005,82291.83,0.0005
2025-03-10T03:52:10.897856,BTCUSDT,4,2,78999.82,0.007349,89000.0,0.009489
2025-03-10T03:52:11.738480,BTCUSDT,4,2,82127.4,0.0005,82291.83,0.0005
2025-03-10T03:52:11.897968,BTCUSDT,4,2,78999.82,0.007349,89293.29,0.0009
2025-03-10T03:52:12.737353,BTCUSDT,4,2,82127.4,0.0005,82291.83,0.0005
2025-03-10T03:52:12.898084,BTCUSDT,4,2,78999.82,0.007349,89393.44,5.6e-05
2025-03-10T03:52:13.997236,BTCUSDT,4,2,82127.4,0.0005,82291.83,0.0005
2025-03-10T03:52:14.157416,BTCUSDT,4,2,78999.82,0.007349,89357.55,0.00133
2025-03-10T03:52:14.717166,BTCUSDT,4,2,82123.56,0.0005,82287.98,0.0005
2025-03-10T03:52:14.877654,BTCUSDT,4,2,78999.82,0.007349,89000.0,0.009489
2025-03-10T03:52:15.718465,BTCUSDT,4,2,82116.78,0.0005,82281.19,0.0005
2025-03-10T03:52:15.877399,BTCUSDT,4,2,78999.82,0.007349,89000.0,0.009489
2025-03-10T03:52:16.718210,BTCUSDT,4,2,82108.64,0.0005,82273.03,0.0005
2025-03-10T03:52:16.857262,BTCUSDT,4,2,78999.82,0.007349,89000.0,0.009489
2025-03-10T03:52:16.958023,BTCUSDT,4,2,82108.64,0.0005,82273.03,0.0005
2025-03-10T03:52:17.717554,BTCUSDT,4,2,78999.82,0.007349,89200.0,0.009489
2025-03-10T03:52:17.797855,BTCUSDT,4,2,82103.71,0.0005,82272.41,0.0005
2025-03-10T03:52:18.717181,BTCUSDT,4,1,78999.82,0.007349,89200.0,0.009489
2025-03-10T03:52:18.797512,BTCUSDT,4,2,82102.58,0.0005,82349.23,0.0005
2025-03-10T03:52:18.862903,BTCUSDT,1,1,78999.82,0.007349,89000.0,0.009489
2025-03-10T03:52:19.097842,BTCUSDT,4,2,82102.58,0.0005,82272.41,0.0005
2025-03-10T03:52:19.246001,BTCUSDT,4,2,78999.82,0.007349,88948.6,0.00114
2025-03-10T03:52:19.717490,BTCUSDT,4,2,82101.89,0.0005,82272.41,0.0005
2025-03-10T03:52:20.718065,BTCUSDT,4,1,78999.82,0.007349,88948.6,0.00114
2025-03-10T03:52:20.798097,BTCUSDT,4,1,82101.48,0.0005,82348.13,0.0005
2025-03-10T03:52:20.877361,BTCUSDT,2,2,78999.82,0.007349,88948.6,0.00114
2025-03-10T03:52:21.098348,BTCUSDT,4,2,82101.48,0.0005,82272.41,0.0005
2025-03-10T03:52:21.237908,BTCUSDT,4,2,78999.82,0.007349,88948.6,0.00114
2025-03-10T03:52:21.717974,BTCUSDT,4,2,82101.23,0.0005,82272.41,0.0005
2025-03-10T03:52:22.716811,BTCUSDT,4,1,78999.82,0.007349,89200.0,0.009489
2025-03-10T03:52:22.801870,BTCUSDT,4,1,82103.57,0.0005,82350.22,0.0005
2025-03-10T03:52:22.877175,BTCUSDT,3,1,78999.82,0.007349,89200.0,0.009489
2025-03-10T03:52:23.097988,BTCUSDT,4,2,82103.57,0.0005,82272.41,0.0005
2025-03-10T03:52:23.258267,BTCUSDT,4,2,78999.82,0.007349,89200.0,0.009489
2025-03-10T03:52:23.737509,BTCUSDT,4,2,82103.67,0.0005,82272.41,0.0005
2025-03-10T03:52:24.717614,BTCUSDT,4,1,78999.82,0.007349,89000.0,0.009489
2025-03-10T03:52:24.798010,BTCUSDT,4,1,82103.38,0.0005,82350.03,0.0005
2025-03-10T03:52:24.877293,BTCUSDT,4,2,78999.82,0.007349,89000.0,0.009489
2025-03-10T03:52:24.958622,BTCUSDT,4,2,82103.38,0.0005,82272.41,0.0005
2025-03-10T03:52:25.117428,BTCUSDT,4,2,78999.82,0.007349,89000.0,0.009489
2025-03-10T03:52:25.717219,BTCUSDT,4,2,82103.21,0.0005,82272.41,0.0005
2025-03-10T03:52:26.777741,BTCUSDT,4,1,78999.82,0.007349,89161.15,0.00108
2025-03-10T03:52:26.857460,BTCUSDT,4,1,82103.1,0.0005,82349.75,0.0005
2025-03-10T03:52:26.936783,BTCUSDT,4,1,78999.82,0.007349,89200.0,0.009489
2025-03-10T03:52:27.017024,BTCUSDT,4,2,82103.1,0.0005,82272.41,0.0005
2025-03-10T03:52:27.157994,BTCUSDT,4,2,78999.82,0.007349,89200.0,0.009489
2025-03-10T03:52:27.737602,BTCUSDT,4,2,82103.04,0.0005,82272.41,0.0005
2025-03-10T03:52:28.717506,BTCUSDT,4,1,78999.82,0.007349,89000.0,0.009489
2025-03-10T03:52:28.797560,BTCUSDT,4,1,82103.0,0.0005,82349.65,0.0005
2025-03-10T03:52:28.877870,BTCUSDT,4,2,78999.82,0.007349,89000.0,0.009489
2025-03-10T03:52:29.738002,BTCUSDT,4,2,82102.67,0.0005,82272.41,0.0005
2025-03-10T03:52:29.905235,BTCUSDT,4,2,78999.82,0.007349,89000.0,0.009489
2025-03-10T03:52:30.718006,BTCUSDT,4,2,82102.48,0.0005,82272.41,0.0005
2025-03-10T03:52:30.858034,BTCUSDT,4,2,78999.82,0.007349,89000.0,0.009489
2025-03-10T03:52:31.718729,BTCUSDT,4,2,82100.94,0.0005,82272.41,0.0005
2025-03-10T03:52:31.877229,BTCUSDT,4,2,78999.82,0.007349,89161.15,0.00108
2025-03-10T03:52:32.717749,BTCUSDT,4,2,82100.02,0.0005,82272.41,0.0005
2025-03-10T03:52:32.857894,BTCUSDT,4,2,78999.82,0.007349,88868.42,0.00104
2025-03-10T03:52:32.957805,BTCUSDT,4,2,82100.02,0.0005,82272.41,0.0005
2025-03-10T03:52:33.717873,BTCUSDT,4,2,82099.45,0.0005,82272.41,0.0005
2025-03-10T03:52:34.718899,BTCUSDT,4,1,78999.82,0.007349,88868.42,0.00104
2025-03-10T03:52:34.797824,BTCUSDT,4,1,82099.11,0.0005,82345.75,0.0005
2025-03-10T03:52:34.937902,BTCUSDT,2,1,78963.7,0.00143,89000.0,0.009489
2025-03-10T03:52:34.998657,BTCUSDT,1,1,78750.0,0.015132,89114.37,0.00132
2025-03-10T03:52:35.778081,BTCUSDT,4,2,82098.9,0.0005,82272.41,0.0005
2025-03-10T03:52:35.897665,BTCUSDT,1,4,82672.4,0.031813,89161.15,0.00108
2025-03-10T03:52:45.837304,BTCUSDT,4,1,82146.05,0.0005,89393.44,5.6e-05
2025-03-10T03:52:59.797550,BTCUSDT,4,1,82136.99,0.0005,89400.0,0.009489
2025-03-10T03:53:42.716965,BTCUSDT,4,1,79181.63,0.007349,89600.0,0.009489
2025-03-10T03:53:52.817734,BTCUSDT,4,1,82118.4,0.0005,87664.96,0.0013
2025-03-10T03:54:03.397418,BTCUSDT,4,5,81958.31,0.0005,82122.4,0.0005
2025-03-10T03:54:03.717218,BTCUSDT,4,4,78750.0,0.015132,88789.63,0.00135
2025-03-10T03:54:03.797210,BTCUSDT,4,4,81958.39,0.0005,82122.48,0.0005
2025-03-10T03:54:04.717086,BTCUSDT,4,4,78750.0,0.015132,88658.59,0.000803
2025-03-10T03:54:04.797078,BTCUSDT,4,4,81959.16,0.0005,82123.25,0.0005
2025-03-10T03:54:05.719774,BTCUSDT,3,4,78691.27,0.00145,88600.0,0.009489
2025-03-10T03:54:05.796728,BTCUSDT,4,4,81959.62,0.0005,82123.71,0.0005
2025-03-10T03:54:06.717446,BTCUSDT,4,4,78750.0,0.015132,88600.0,0.009489
2025-03-10T03:54:06.796792,BTCUSDT,4,4,81959.9,0.0005,82123.99,0.0005
2025-03-10T03:54:07.876572,BTCUSDT,4,4,78750.0,0.015132,88600.0,0.009489
2025-03-10T03:54:07.977492,BTCUSDT,4,4,81960.07,0.0005,82124.16,0.0005
2025-03-10T03:54:08.918169,BTCUSDT,4,4,78750.0,0.015132,88789.63,0.00135
2025-03-10T03:54:09.016357,BTCUSDT,4,4,81960.17,0.0005,82124.27,0.0005
2025-03-10T03:54:09.717679,BTCUSDT,4,4,78750.0,0.015132,88789.63,0.00135
2025-03-10T03:54:09.817255,BTCUSDT,4,4,81960.24,0.0005,82124.33,0.0005
2025-03-10T03:54:10.817658,BTCUSDT,4,4,78750.0,0.015132,88390.31,6.8e-05
2025-03-10T03:54:10.897005,BTCUSDT,4,4,81960.27,0.0005,82124.37,0.0005
2025-03-10T03:54:11.816743,BTCUSDT,4,4,78750.0,0.015132,88390.31,6.8e-05
2025-03-10T03:54:11.897081,BTCUSDT,4,4,81960.3,0.0005,82124.39,0.0005
2025-03-10T03:54:12.757877,BTCUSDT,4,4,78750.0,0.015132,88390.31,6.8e-05
2025-03-10T03:54:12.837912,BTCUSDT,4,4,81960.31,0.0005,82124.4,0.0005
2025-03-10T03:54:13.716604,BTCUSDT,4,4,78750.0,0.015132,88400.0,0.009489
2025-03-10T03:54:13.796865,BTCUSDT,4,4,81960.32,0.0005,82124.41,0.0005
2025-03-10T03:54:17.721482,BTCUSDT,4,4,78750.0,0.015132,88390.31,6.8e-05
2025-03-10T03:54:17.796758,BTCUSDT,4,4,81969.4,0.0005,82133.51,0.0005
2025-03-10T03:54:18.717165,BTCUSDT,4,4,78750.0,0.015132,88600.0,0.009489
2025-03-10T03:54:18.796449,BTCUSDT,4,4,81970.49,0.0005,82134.6,0.0005
2025-03-10T03:54:19.737457,BTCUSDT,4,4,78750.0,0.015132,88390.31,6.8e-05
2025-03-10T03:54:19.816878,BTCUSDT,4,4,81971.16,0.0005,82135.27,0.0005
2025-03-10T03:54:20.716897,BTCUSDT,4,4,78750.0,0.015132,88390.31,6.8e-05
2025-03-10T03:54:20.797234,BTCUSDT,4,4,81971.56,0.0005,82135.68,0.0005
2025-03-10T03:54:21.736716,BTCUSDT,4,4,78750.0,0.015132,88390.31,6.8e-05
2025-03-10T03:54:21.819430,BTCUSDT,4,4,81971.13,0.0005,82135.24,0.0005
2025-03-10T03:54:22.717471,BTCUSDT,4,4,78750.0,0.015132,88400.0,0.009489
2025-03-10T03:54:22.796744,BTCUSDT,4,4,81967.28,0.0005,82131.39,0.0005
2025-03-10T03:54:23.797176,BTCUSDT,4,4,78750.0,0.015132,88400.0,0.009489
2025-03-10T03:54:23.876273,BTCUSDT,4,4,81964.95,0.0005,82129.05,0.0005
2025-03-10T03:54:24.696489,BTCUSDT,4,4,78750.0,0.015132,88400.0,0.009489
2025-03-10T03:54:24.797268,BTCUSDT,4,4,81964.86,0.0005,82128.96,0.0005
2025-03-10T03:54:25.697627,BTCUSDT,4,4,78750.0,0.015132,88400.0,0.009489
2025-03-10T03:54:25.797239,BTCUSDT,4,4,81968.47,0.0005,82132.58,0.0005
2025-03-10T03:54:26.717553,BTCUSDT,4,4,78750.0,0.015132,88422.3,0.00103
2025-03-10T03:54:26.796984,BTCUSDT,4,4,81974.96,0.0005,82139.08,0.0005
2025-03-10T03:54:27.717307,BTCUSDT,4,4,78750.0,0.015132,88600.0,0.009489
2025-03-10T03:54:27.797368,BTCUSDT,4,4,81980.42,0.0005,82144.55,0.0005
2025-03-10T03:54:28.716756,BTCUSDT,4,4,78750.0,0.015132,88400.0,0.009489
2025-03-10T03:54:28.796497,BTCUSDT,4,4,81983.73,0.0005,82147.87,0.0005
2025-03-10T03:54:29.716994,BTCUSDT,4,4,78750.0,0.015132,88400.0,0.009489
2025-03-10T03:54:29.796179,BTCUSDT,4,4,81985.74,0.0005,82149.89,0.0005
2025-03-10T03:54:30.722929,BTCUSDT,4,4,78750.0,0.015132,88400.0,0.009489
2025-03-10T03:54:30.796432,BTCUSDT,4,4,81986.96,0.0005,82151.11,0.0005
2025-03-10T03:54:31.717357,BTCUSDT,4,4,78750.0,0.015132,88422.3,0.00103
2025-03-10T03:54:31.796892,BTCUSDT,4,4,81986.02,0.0005,82150.17,0.0005
2025-03-10T03:54:32.736365,BTCUSDT,4,4,78750.0,0.015132,88600.0,0.009489
2025-03-10T03:54:32.816758,BTCUSDT,4,4,81985.45,0.0005,82149.59,0.0005
2025-03-10T03:54:33.716897,BTCUSDT,4,4,78750.0,0.015132,88390.31,6.8e-05
2025-03-10T03:54:33.799645,BTCUSDT,4,4,81980.76,0.0005,82144.9,0.0005
2025-03-10T03:54:34.717352,BTCUSDT,4,4,78750.0,0.015132,88390.31,6.8e-05
2025-03-10T03:54:34.796328,BTCUSDT,4,4,81977.92,0.0005,82142.05,0.0005
2025-03-10T03:54:35.837729,BTCUSDT,4,4,78750.0,0.015132,88390.31,6.8e-05
2025-03-10T03:54:35.916963,BTCUSDT,4,4,81976.2,0.0005,82140.32,0.0005
2025-03-10T03:54:36.716805,BTCUSDT,4,4,78750.0,0.015132,88400.0,0.009489
2025-03-10T03:54:36.796630,BTCUSDT,4,4,81975.15,0.0005,82139.27,0.0005
2025-03-10T03:54:37.737100,BTCUSDT,4,4,78750.0,0.015132,86624.98,0.00125
2025-03-10T03:54:37.816634,BTCUSDT,4,4,81974.52,0.0005,82138.64,0.0005
2025-03-10T03:54:38.777259,BTCUSDT,4,4,78750.0,0.015132,88390.31,6.8e-05
2025-03-10T03:54:38.856480,BTCUSDT,4,4,81974.13,0.0005,82138.25,0.0005
2025-03-10T03:54:39.717066,BTCUSDT,4,4,78750.0,0.015132,88390.31,6.8e-05
2025-03-10T03:54:39.796521,BTCUSDT,4,4,81973.9,0.0005,82138.02,0.0005
2025-03-10T03:54:40.716450,BTCUSDT,4,4,78750.0,0.015132,88400.0,0.009489
2025-03-10T03:54:40.797003,BTCUSDT,4,4,81973.76,0.0005,82137.88,0.0005
2025-03-10T03:54:41.756678,BTCUSDT,4,4,78750.0,0.015132,88600.0,0.009489
2025-03-10T03:54:41.837651,BTCUSDT,4,4,81973.67,0.0005,82137.79,0.0005
2025-03-10T03:54:42.717455,BTCUSDT,4,4,78750.0,0.015132,88400.0,0.009489
2025-03-10T03:54:42.796485,BTCUSDT,4,4,81978.33,0.0005,82142.46,0.0005
2025-03-10T03:54:43.716840,BTCUSDT,4,4,78750.0,0.015132,88400.0,0.009489
2025-03-10T03:54:43.798222,BTCUSDT,4,4,81984.2,0.0005,82148.34,0.0005
2025-03-10T03:54:44.716513,BTCUSDT,4,4,78750.0,0.015132,88400.0,0.009489
2025-03-10T03:54:44.816157,BTCUSDT,4,4,81991.11,0.0005,82155.26,0.0005
2025-03-10T03:54:45.716804,BTCUSDT,4,4,78750.0,0.015132,88529.8,0.00111
2025-03-10T03:54:45.798238,BTCUSDT,4,4,81996.29,0.0005,82160.46,0.0005
2025-03-10T03:54:46.716969,BTCUSDT,4,4,78750.0,0.015132,88400.0,0.009489
2025-03-10T03:54:46.796500,BTCUSDT,4,4,81999.44,0.0005,82163.61,0.0005
2025-03-10T03:54:47.856101,BTCUSDT,4,4,78750.0,0.015132,88400.0,0.009489
2025-03-10T03:54:47.937433,BTCUSDT,4,4,82001.34,0.0005,82165.52,0.0005
2025-03-10T03:54:48.796437,BTCUSDT,4,4,78750.0,0.015132,88400.0,0.009489
2025-03-10T03:54:48.876457,BTCUSDT,4,4,82002.5,0.0005,82166.68,0.0005
2025-03-10T03:54:49.817043,BTCUSDT,4,4,78750.0,0.015132,88400.0,0.009489
2025-03-10T03:54:49.896655,BTCUSDT,4,4,82003.2,0.0005,82167.38,0.0005
2025-03-10T03:54:50.737593,BTCUSDT,4,4,78750.0,0.015132,88658.59,0.000803
2025-03-10T03:54:50.817415,BTCUSDT,4,4,82003.63,0.0005,82167.81,0.0005
2025-03-10T03:54:51.797606,BTCUSDT,4,4,78750.0,0.015132,88400.0,0.009489
2025-03-10T03:54:51.877790,BTCUSDT,4,4,82003.89,0.0005,82168.07,0.0005
2025-03-10T03:54:52.717000,BTCUSDT,4,4,78750.0,0.015132,88390.31,6.8e-05
2025-03-10T03:54:52.797065,BTCUSDT,4,4,82004.04,0.0005,82168.22,0.0005
2025-03-10T03:54:53.797232,BTCUSDT,4,4,78750.0,0.015132,88390.31,6.8e-05
2025-03-10T03:54:53.881140,BTCUSDT,4,4,82004.14,0.0005,82168.32,0.0005
2025-03-10T03:54:54.736635,BTCUSDT,4,4,78750.0,0.015132,88400.0,0.009489
2025-03-10T03:54:54.816905,BTCUSDT,4,4,82004.2,0.0005,82168.38,0.0005
2025-03-10T03:54:55.997262,BTCUSDT,4,4,78750.0,0.015132,87657.29,0.001
2025-03-10T03:54:56.097070,BTCUSDT,4,4,82004.23,0.0005,82168.41,0.0005
2025-03-10T03:54:56.736516,BTCUSDT,4,4,78750.0,0.015132,88390.31,6.8e-05
2025-03-10T03:54:56.816170,BTCUSDT,4,4,82004.25,0.0005,82168.43,0.0005
2025-03-10T03:54:57.716712,BTCUSDT,4,4,78750.0,0.015132,88390.31,6.8e-05
2025-03-10T03:54:57.796709,BTCUSDT,4,4,82012.53,0.0005,82176.73,0.0005
2025-03-10T03:54:58.716489,BTCUSDT,4,4,78750.0,0.015132,88390.31,6.8e-05
2025-03-10T03:54:58.796396,BTCUSDT,4,4,82017.55,0.0005,82181.76,0.0005
2025-03-10T03:54:59.715913,BTCUSDT,4,4,78750.0,0.015132,88400.0,0.009489
2025-03-10T03:54:59.795803,BTCUSDT,4,4,82020.6,0.0005,82184.81,0.0005
2025-03-10T03:55:00.721139,BTCUSDT,4,4,78750.0,0.015132,88400.0,0.009489
2025-03-10T03:55:00.796819,BTCUSDT,4,4,82022.45,0.0005,82186.67,0.0005
2025-03-10T03:55:01.776507,BTCUSDT,4,4,78750.0,0.015132,88359.32,0.00109
2025-03-10T03:55:01.893188,BTCUSDT,4,4,82023.57,0.0005,82187.79,0.0005
2025-03-10T03:55:02.817034,BTCUSDT,4,4,78750.0,0.015132,88359.32,0.00109
2025-03-10T03:55:02.897296,BTCUSDT,4,4,82024.25,0.0005,82188.47,0.0005
2025-03-10T03:55:03.736973,BTCUSDT,4,4,78750.0,0.015132,88359.32,0.00109
2025-03-10T03:55:03.836314,BTCUSDT,4,4,82024.66,0.0005,82188.88,0.0005
2025-03-10T03:55:04.839887,BTCUSDT,4,4,78750.0,0.015132,88390.31,6.8e-05
2025-03-10T03:55:04.915994,BTCUSDT,4,4,82024.91,0.0005,82189.13,0.0005
2025-03-10T03:55:05.715919,BTCUSDT,4,4,78750.0,0.015132,88600.0,0.009489
2025-03-10T03:55:05.796407,BTCUSDT,4,4,82025.06,0.0005,82189.28,0.0005
2025-03-10T03:55:06.717600,BTCUSDT,4,4,78750.0,0.015132,88400.0,0.009489
2025-03-10T03:55:06.796393,BTCUSDT,4,4,82018.68,0.0005,82182.89,0.0005
2025-03-10T03:55:07.857011,BTCUSDT,4,4,78750.0,0.015132,88400.0,0.009489
2025-03-10T03:55:07.936574,BTCUSDT,4,4,82013.65,0.0005,82177.85,0.0005
2025-03-10T03:55:08.777699,BTCUSDT,4,4,78750.0,0.015132,88400.0,0.009489
2025-03-10T03:55:08.856006,BTCUSDT,4,4,82010.6,0.0005,82174.79,0.0005
2025-03-10T03:55:09.736840,BTCUSDT,4,4,78750.0,0.015132,88400.0,0.009489
2025-03-10T03:55:09.836469,BTCUSDT,4,4,82008.53,0.0005,82172.72,0.0005
2025-03-10T03:55:10.717257,BTCUSDT,4,4,78750.0,0.015132,88459.36,0.00104
2025-03-10T03:55:10.796360,BTCUSDT,4,4,82000.45,0.0005,82164.62,0.0005
2025-03-10T03:55:11.716462,BTCUSDT,4,4,78750.0,0.015132,88400.0,0.009489
2025-03-10T03:55:11.796945,BTCUSDT,4,4,81993.81,0.0005,82157.96,0.0005
2025-03-10T03:55:12.756328,BTCUSDT,4,4,78750.0,0.015132,88400.0,0.009489
2025-03-10T03:55:12.840448,BTCUSDT,4,4,81988.47,0.0005,82152.62,0.0005
2025-03-10T03:55:13.756530,BTCUSDT,4,4,78750.0,0.015132,88400.0,0.009489
2025-03-10T03:55:13.836413,BTCUSDT,4,4,81983.91,0.0005,82148.05,0.0005
2025-03-10T03:55:14.696518,BTCUSDT,4,4,78750.0,0.015132,88459.36,0.00104
2025-03-10T03:55:14.796208,BTCUSDT,3,4,81896.75,0.0005,82142.86,0.0005
2025-03-10T03:55:15.756345,BTCUSDT,4,4,78750.0,0.015132,88459.36,0.00104
2025-03-10T03:55:15.836523,BTCUSDT,4,4,81973.87,0.0005,82137.99,0.0005
2025-03-10T03:55:16.756562,BTCUSDT,4,4,78750.0,0.015132,88400.0,0.009489
2025-03-10T03:55:16.838334,BTCUSDT,4,4,81970.92,0.0005,82135.03,0.0005
2025-03-10T03:55:17.716275,BTCUSDT,4,4,78750.0,0.015132,88400.0,0.009489
2025-03-10T03:55:17.796574,BTCUSDT,4,4,81966.02,0.0005,82130.13,0.0005
2025-03-10T03:55:18.736383,BTCUSDT,4,4,78750.0,0.015132,88400.0,0.009489
2025-03-10T03:55:18.816717,BTCUSDT,4,4,81963.05,0.0005,82127.15,0.0005
2025-03-10T03:55:19.836593,BTCUSDT,4,5,78750.0,0.015132,88459.36,0.00104
2025-03-10T03:55:19.916183,BTCUSDT,4,4,81961.25,0.0005,82125.35,0.0005
2025-03-10T03:55:20.716475,BTCUSDT,4,4,78750.0,0.015132,88658.59,0.000803
2025-03-10T03:55:20.796650,BTCUSDT,4,4,81960.16,0.0005,82124.25,0.0005
2025-03-10T03:55:21.855793,BTCUSDT,4,4,78750.0,0.015132,88459.36,0.00104
2025-03-10T03:55:22.076340,BTCUSDT,4,4,81959.5,0.0005,82123.59,0.0005
2025-03-10T03:55:22.756215,BTCUSDT,4,4,78750.0,0.015132,88459.36,0.00104
2025-03-10T03:55:22.836420,BTCUSDT,4,4,81959.1,0.0005,82123.19,0.0005
2025-03-10T03:55:23.716981,BTCUSDT,4,4,78750.0,0.015132,88459.36,0.00104
2025-03-10T03:55:23.795976,BTCUSDT,4,4,81958.85,0.0005,82122.94,0.0005
2025-03-10T03:55:24.760570,BTCUSDT,4,4,78750.0,0.015132,88600.0,0.009489
2025-03-10T03:55:24.816870,BTCUSDT,4,4,81958.7,0.0005,82122.79,0.0005
2025-03-10T03:55:25.716652,BTCUSDT,4,4,78750.0,0.015132,88600.0,0.009489
2025-03-10T03:55:25.796932,BTCUSDT,4,4,81958.61,0.0005,82122.7,0.0005
2025-03-10T03:55:26.896680,BTCUSDT,4,4,78750.0,0.015132,88400.0,0.009489
2025-03-10T03:55:26.976492,BTCUSDT,4,4,81958.56,0.0005,82122.65,0.0005
2025-03-10T03:55:27.817005,BTCUSDT,4,4,78750.0,0.015132,88400.0,0.009489
2025-03-10T03:55:27.896077,BTCUSDT,4,4,81958.53,0.0005,82122.62,0.0005
2025-03-10T03:55:28.716473,BTCUSDT,4,4,78750.0,0.015132,88400.0,0.009489
2025-03-10T03:55:28.795895,BTCUSDT,4,4,81958.51,0.0005,82122.6,0.0005
2025-03-10T03:55:29.716200,BTCUSDT,4,4,78750.0,0.015132,88400.0,0.009489
2025-03-10T03:55:29.796588,BTCUSDT,4,4,81963.97,0.0005,82128.07,0.0005
2025-03-10T03:55:30.717903,BTCUSDT,4,4,78750.0,0.015132,88459.36,0.00104
2025-03-10T03:55:30.795695,BTCUSDT,4,4,81967.29,0.0005,82131.4,0.0005
2025-03-10T03:55:31.736405,BTCUSDT,4,4,78750.0,0.015132,88400.0,0.009489
2025-03-10T03:55:31.816365,BTCUSDT,4,4,81969.3,0.0005,82133.41,0.0005
2025-03-10T03:55:32.736572,BTCUSDT,4,4,78750.0,0.015132,88400.0,0.009489
2025-03-10T03:55:32.816593,BTCUSDT,4,4,81970.49,0.0005,82134.6,0.0005
2025-03-10T03:55:33.717690,BTCUSDT,4,4,78750.0,0.015132,88400.0,0.009489
2025-03-10T03:55:33.797164,BTCUSDT,4,4,81971.21,0.0005,82135.32,0.0005
2025-03-10T03:55:34.756132,BTCUSDT,4,4,78750.0,0.015132,88400.0,0.009489
2025-03-10T03:55:34.836489,BTCUSDT,4,4,81971.65,0.0005,82135.76,0.0005
2025-03-10T03:55:35.735980,BTCUSDT,4,4,78750.0,0.015132,88600.0,0.009489
2025-03-10T03:55:35.816589,BTCUSDT,4,4,81971.91,0.0005,82136.03,0.0005
2025-03-10T03:55:36.795920,BTCUSDT,4,4,78750.0,0.015132,88390.31,6.8e-05
2025-03-10T03:55:36.876176,BTCUSDT,4,4,81972.07,0.0005,82136.19,0.0005
2025-03-10T03:55:37.892330,BTCUSDT,4,4,78750.0,0.015132,88390.31,6.8e-05
2025-03-10T03:55:37.956853,BTCUSDT,4,4,81972.17,0.0005,82136.29,0.0005
2025-03-10T03:55:38.716548,BTCUSDT,2,4,78690.95,6.9e-05,88390.31,6.8e-05
2025-03-10T03:55:38.796990,BTCUSDT,4,4,81972.23,0.0005,82136.35,0.0005
2025-03-10T03:55:39.755971,BTCUSDT,4,4,78750.0,0.015132,88600.0,0.009489
2025-03-10T03:55:39.836419,BTCUSDT,4,4,81972.27,0.0005,82136.38,0.0005
2025-03-10T03:55:40.716195,BTCUSDT,4,4,78750.0,0.015132,88400.0,0.009489
2025-03-10T03:55:40.797101,BTCUSDT,4,4,81977.85,0.0005,82141.98,0.0005
2025-03-10T03:55:41.716349,BTCUSDT,4,4,78750.0,0.015132,88400.0,0.009489
2025-03-10T03:55:41.796450,BTCUSDT,4,4,81983.79,0.0005,82147.93,0.0005
2025-03-10T03:55:42.715992,BTCUSDT,4,4,78750.0,0.015132,88400.0,0.009489
2025-03-10T03:55:42.795897,BTCUSDT,4,4,81992.2,0.0005,82156.36,0.0005
2025-03-10T03:55:43.735492,BTCUSDT,4,4,78750.0,0.015132,88472.83,0.00109
2025-03-10T03:55:43.816136,BTCUSDT,4,4,81997.31,0.0005,82161.47,0.0005
2025-03-10T03:55:44.716899,BTCUSDT,4,5,78750.0,0.015132,88472.83,0.00109
2025-03-10T03:55:44.796229,BTCUSDT,4,4,82004.96,0.0005,82169.14,0.0005
2025-03-10T03:55:45.717160,BTCUSDT,4,4,78750.0,0.015132,88600.0,0.009489
2025-03-10T03:55:45.796331,BTCUSDT,4,4,82012.13,0.0005,82176.33,0.0005
2025-03-10T03:55:46.817311,BTCUSDT,4,4,78750.0,0.015132,88400.0,0.009489
2025-03-10T03:55:46.896920,BTCUSDT,4,4,82016.48,0.0005,82180.69,0.0005
2025-03-10T03:55:47.716179,BTCUSDT,4,4,78750.0,0.015132,88400.0,0.009489
2025-03-10T03:55:47.797521,BTCUSDT,4,4,82022.08,0.0005,82186.3,0.0005
2025-03-10T03:55:48.775750,BTCUSDT,4,4,78750.0,0.015132,88472.83,0.00109
2025-03-10T03:55:48.996432,BTCUSDT,4,4,82025.47,0.0005,82189.7,0.0005
2025-03-10T03:55:49.716706,BTCUSDT,4,4,78750.0,0.015132,88658.59,0.000803
2025-03-10T03:55:49.795417,BTCUSDT,4,4,82027.53,0.0005,82191.76,0.0005
2025-03-10T03:55:50.737673,BTCUSDT,3,4,78691.27,0.00145,88600.0,0.009489
2025-03-10T03:55:50.816023,BTCUSDT,4,4,82028.78,0.0005,82193.01,0.0005
2025-03-10T03:55:51.715483,BTCUSDT,4,4,78750.0,0.015132,88419.93,0.00117
2025-03-10T03:55:51.795608,BTCUSDT,4,4,82029.54,0.0005,82193.77,0.0005
2025-03-10T03:55:52.717123,BTCUSDT,4,4,78750.0,0.015132,88419.93,0.00117
2025-03-10T03:55:52.796255,BTCUSDT,4,4,82030.0,0.0005,82194.23,0.0005
2025-03-10T03:55:53.716369,BTCUSDT,4,4,78750.0,0.015132,88600.0,0.009489
2025-03-10T03:55:53.796902,BTCUSDT,4,4,82030.28,0.0005,82194.51,0.0005
2025-03-10T03:55:54.736136,BTCUSDT,4,4,78750.0,0.015132,88658.59,0.000803
2025-03-10T03:55:54.816186,BTCUSDT,4,4,82030.45,0.0005,82194.68,0.0005
2025-03-10T03:55:55.715870,BTCUSDT,4,4,78750.0,0.015132,88419.93,0.00117
2025-03-10T03:55:55.795981,BTCUSDT,4,4,82030.55,0.0005,82194.78,0.0005
2025-03-10T03:55:56.716724,BTCUSDT,4,4,78750.0,0.015132,88419.93,0.00117
2025-03-10T03:55:56.797280,BTCUSDT,4,4,82030.61,0.0005,82194.84,0.0005
2025-03-10T03:55:57.716449,BTCUSDT,4,4,78750.0,0.015132,88472.83,0.00109
2025-03-10T03:55:57.796458,BTCUSDT,4,4,82030.65,0.0005,82194.88,0.0005
2025-03-10T03:55:58.816546,BTCUSDT,4,4,78750.0,0.015132,88600.0,0.009489
2025-03-10T03:55:58.916551,BTCUSDT,4,4,82030.67,0.0005,82194.91,0.0005
2025-03-10T03:55:59.736658,BTCUSDT,4,4,78750.0,0.015132,88600.0,0.009489
2025-03-10T03:55:59.816638,BTCUSDT,4,5,82030.41,0.0005,82194.64,0.0005
2025-03-10T03:56:00.729284,BTCUSDT,4,4,78750.0,0.015132,88419.93,0.00117
2025-03-10T03:56:00.796187,BTCUSDT,4,4,82029.97,0.0005,82194.2,0.0005
2025-03-10T03:56:01.716407,BTCUSDT,4,4,78750.0,0.015132,88419.93,0.00117
2025-03-10T03:56:01.795931,BTCUSDT,4,4,82028.65,0.0005,82192.88,0.0005
2025-03-10T03:56:02.896001,BTCUSDT,4,4,78750.0,0.015132,88419.93,0.00117
2025-03-10T03:56:02.975975,BTCUSDT,4,4,82027.86,0.0005,82192.08,0.0005
2025-03-10T03:56:03.855749,BTCUSDT,4,5,78750.0,0.015132,88472.83,0.00109
2025-03-10T03:56:03.935534,BTCUSDT,4,4,82027.37,0.0005,82191.6,0.0005
2025-03-10T03:56:04.715776,BTCUSDT,4,4,78750.0,0.015132,88600.0,0.009489
2025-03-10T03:56:04.795640,BTCUSDT,4,4,82027.08,0.0005,82191.3,0.0005
2025-03-10T03:56:05.797766,BTCUSDT,4,4,78750.0,0.015132,88400.0,0.009489
2025-03-10T03:56:05.881314,BTCUSDT,4,4,82027.7,0.0005,82191.92,0.0005
2025-03-10T03:56:06.716538,BTCUSDT,4,4,78750.0,0.015132,88400.0,0.009489
2025-03-10T03:56:06.796801,BTCUSDT,4,4,82028.11,0.0005,82192.34,0.0005
2025-03-10T03:56:07.715986,BTCUSDT,4,4,78750.0,0.015132,88400.0,0.009489
2025-03-10T03:56:07.795901,BTCUSDT,4,4,82030.63,0.0005,82194.87,0.0005
2025-03-10T03:56:08.715844,BTCUSDT,4,4,78750.0,0.015132,88472.83,0.00109
2025-03-10T03:56:09.062108,BTCUSDT,4,4,82032.17,0.0005,82196.4,0.0005
2025-03-10T03:56:10.017464,BTCUSDT,4,4,78750.0,0.015132,88400.0,0.009489
2025-03-10T03:56:10.191489,BTCUSDT,4,4,82033.1,0.0005,82197.34,0.0005
2025-03-10T03:56:10.736194,BTCUSDT,4,4,78750.0,0.015132,88400.0,0.009489
2025-03-10T03:56:10.816054,BTCUSDT,4,4,82033.66,0.0005,82197.9,0.0005
2025-03-10T03:56:11.716268,BTCUSDT,4,4,78750.0,0.015132,88400.0,0.009489
2025-03-10T03:56:11.795186,BTCUSDT,4,4,82034.0,0.0005,82198.24,0.0005
2025-03-10T03:56:12.776477,BTCUSDT,4,4,78750.0,0.015132,88600.0,0.009489
2025-03-10T03:56:12.855249,BTCUSDT,4,4,82034.21,0.0005,82198.45,0.0005
2025-03-10T03:56:13.886924,BTCUSDT,4,4,78750.0,0.015132,88658.59,0.000803
2025-03-10T03:56:13.935534,BTCUSDT,4,4,82030.22,0.0005,82194.45,0.0005
2025-03-10T03:56:14.716568,BTCUSDT,4,4,78750.0,0.015132,88400.0,0.009489
2025-03-10T03:56:14.795940,BTCUSDT,4,4,82020.81,0.0005,82185.02,0.0005
2025-03-10T03:56:15.696325,BTCUSDT,4,4,78750.0,0.015132,88400.0,0.009489
2025-03-10T03:56:15.795498,BTCUSDT,4,4,82014.73,0.0005,82178.93,0.0005
2025-03-10T03:56:16.716210,BTCUSDT,4,4,78750.0,0.015132,88400.0,0.009489
2025-03-10T03:56:16.795382,BTCUSDT,4,4,82011.04,0.0005,82175.23,0.0005
2025-03-10T03:56:17.715899,BTCUSDT,4,4,78750.0,0.015132,88600.0,0.009489
2025-03-10T03:56:17.796075,BTCUSDT,4,4,82008.8,0.0005,82172.99,0.0005
2025-03-10T03:56:18.726415,BTCUSDT,4,4,78750.0,0.015132,88600.0,0.009489
2025-03-10T03:56:18.795287,BTCUSDT,4,4,82007.44,0.0005,82171.63,0.0005
2025-03-10T03:56:19.717041,BTCUSDT,4,4,78750.0,0.015132,88456.06,0.00112
2025-03-10T03:56:19.801495,BTCUSDT,4,4,81996.91,0.0005,82161.07,0.0005
2025-03-10T03:56:20.715970,BTCUSDT,4,4,78750.0,0.015132,88456.06,0.00112
2025-03-10T03:56:20.796321,BTCUSDT,4,4,81990.3,0.0005,82154.45,0.0005
2025-03-10T03:56:21.716109,BTCUSDT,4,4,78750.0,0.015132,88600.0,0.009489
2025-03-10T03:56:21.795395,BTCUSDT,4,4,81985.31,0.0005,82149.45,0.0005
2025-03-10T03:56:22.716209,BTCUSDT,4,4,78750.0,0.015132,88600.0,0.009489
2025-03-10T03:56:22.796299,BTCUSDT,4,4,81981.49,0.0005,82145.62,0.0005
2025-03-10T03:56:23.715422,BTCUSDT,4,4,78750.0,0.015132,88456.06,0.00112
2025-03-10T03:56:23.795301,BTCUSDT,4,4,81979.17,0.0005,82143.3,0.0005
2025-03-10T03:56:24.715889,BTCUSDT,4,4,78750.0,0.015132,88456.06,0.00112
2025-03-10T03:56:24.796119,BTCUSDT,4,4,81977.76,0.0005,82141.89,0.0005
2025-03-10T03:56:25.756322,BTCUSDT,4,4,78750.0,0.015132,88619.49,0.0013
2025-03-10T03:56:25.836296,BTCUSDT,4,4,81974.79,0.0005,82138.91,0.0005
2025-03-10T03:56:26.735050,BTCUSDT,4,4,78750.0,0.015132,88600.0,0.009489
2025-03-10T03:56:26.816371,BTCUSDT,4,4,81972.99,0.0005,82137.1,0.0005
2025-03-10T03:56:27.715759,BTCUSDT,4,4,78750.0,0.015132,88400.0,0.009489
2025-03-10T03:56:27.795685,BTCUSDT,4,4,81971.89,0.0005,82136.01,0.0005
2025-03-10T03:56:28.875873,BTCUSDT,4,4,78750.0,0.015132,88400.0,0.009489
2025-03-10T03:56:28.975924,BTCUSDT,4,4,81971.23,0.0005,82135.34,0.0005
2025-03-10T03:56:29.735221,BTCUSDT,4,4,78750.0,0.015132,88456.06,0.00112
2025-03-10T03:56:29.815932,BTCUSDT,4,4,81969.31,0.0005,82133.42,0.0005
2025-03-10T03:56:30.715712,BTCUSDT,4,4,78750.0,0.015132,88600.0,0.009489
2025-03-10T03:56:30.795803,BTCUSDT,4,4,81968.15,0.0005,82132.26,0.0005
2025-03-10T03:56:31.715912,BTCUSDT,4,4,78750.0,0.015132,88400.0,0.009489
2025-03-10T03:56:31.795967,BTCUSDT,4,4,81967.29,0.0005,82131.4,0.0005
2025-03-10T03:56:32.735880,BTCUSDT,4,4,78750.0,0.015132,88400.0,0.009489
2025-03-10T03:56:32.815079,BTCUSDT,4,4,81965.28,0.0005,82129.38,0.0005
2025-03-10T03:56:33.815651,BTCUSDT,4,4,78750.0,0.015132,88400.0,0.009489
2025-03-10T03:56:33.909981,BTCUSDT,4,4,81964.05,0.0005,82128.15,0.0005
2025-03-10T03:56:34.816450,BTCUSDT,4,4,78750.0,0.015132,88400.0,0.009489
2025-03-10T03:56:34.894981,BTCUSDT,4,4,81963.31,0.0005,82127.41,0.0005
2025-03-10T03:56:35.736387,BTCUSDT,4,4,78750.0,0.015132,88390.31,6.8e-05
2025-03-10T03:56:35.815677,BTCUSDT,4,4,81962.86,0.0005,82126.96,0.0005
2025-03-10T03:56:36.716265,BTCUSDT,4,4,78750.0,0.015132,88390.31,6.8e-05
2025-03-10T03:56:36.795037,BTCUSDT,4,4,81962.59,0.0005,82126.69,0.0005
2025-03-10T03:56:37.695631,BTCUSDT,4,4,78750.0,0.015132,88390.31,6.8e-05
2025-03-10T03:56:37.795977,BTCUSDT,4,4,81960.97,0.0005,82125.07,0.0005
2025-03-10T03:56:38.755940,BTCUSDT,4,4,78750.0,0.015132,88390.31,6.8e-05
2025-03-10T03:56:38.836141,BTCUSDT,4,4,81960.0,0.0005,82124.09,0.0005
2025-03-10T03:56:39.775430,BTCUSDT,4,4,78750.0,0.015132,88400.0,0.009489
2025-03-10T03:56:39.855324,BTCUSDT,4,4,81959.4,0.0005,82123.49,0.0005
2025-03-10T03:56:40.775297,BTCUSDT,4,4,78750.0,0.015132,88400.0,0.009489
2025-03-10T03:56:40.995794,BTCUSDT,4,4,81959.04,0.0005,82123.13,0.0005
2025-03-10T03:56:41.715241,BTCUSDT,4,4,78750.0,0.015132,88400.0,0.009489
2025-03-10T03:56:41.795100,BTCUSDT,4,4,81958.82,0.0005,82122.91,0.0005
2025-03-10T03:56:42.917613,BTCUSDT,4,4,78750.0,0.015132,88658.59,0.000803
2025-03-10T03:56:43.015851,BTCUSDT,3,4,81876.73,0.0005,82122.78,0.0005
2025-03-10T03:56:43.716130,BTCUSDT,4,4,78750.0,0.015132,88400.0,0.009489
2025-03-10T03:56:43.795847,BTCUSDT,4,4,81958.6,0.0005,82122.69,0.0005
2025-03-10T03:56:44.955200,BTCUSDT,4,4,78750.0,0.015132,88400.0,0.009489
2025-03-10T03:56:45.037510,BTCUSDT,4,4,81958.55,0.0005,82122.64,0.0005
2025-03-10T03:56:45.916126,BTCUSDT,4,4,78750.0,0.015132,88600.0,0.009489
2025-03-10T03:56:45.996011,BTCUSDT,4,4,81958.52,0.0005,82122.61,0.0005
2025-03-10T03:56:46.716122,BTCUSDT,4,4,78750.0,0.015132,88658.59,0.000803
2025-03-10T03:56:46.796669,BTCUSDT,4,4,81958.5,0.0005,82122.59,0.0005
2025-03-10T03:56:47.875534,BTCUSDT,4,4,78750.0,0.015132,88400.0,0.009489
2025-03-10T03:56:47.955017,BTCUSDT,4,4,81958.49,0.0005,82122.58,0.0005
2025-03-10T03:56:49.776305,BTCUSDT,4,4,78750.0,0.015132,88400.0,0.009489
2025-03-10T03:56:49.888593,BTCUSDT,4,4,81958.48,0.0005,82122.57,0.0005
2025-03-10T03:56:51.715657,BTCUSDT,3,4,78691.27,0.00145,88600.0,0.009489
2025-03-10T03:56:51.795885,BTCUSDT,4,4,81953.6,0.0005,82117.68,0.0005
2025-03-10T03:56:52.716241,BTCUSDT,4,4,78750.0,0.015132,88400.0,0.009489
2025-03-10T03:56:52.795819,BTCUSDT,4,4,81949.66,0.0005,82113.73,0.0005
2025-03-10T03:56:53.736417,BTCUSDT,4,4,78750.0,0.015132,88400.0,0.009489
2025-03-10T03:56:53.815407,BTCUSDT,4,4,81946.79,0.0005,82110.86,0.0005
2025-03-10T03:56:54.715749,BTCUSDT,2,4,78690.95,6.9e-05,88400.0,0.009489
2025-03-10T03:56:54.795174,BTCUSDT,4,4,81943.76,0.0005,82107.82,0.0005
2025-03-10T03:56:55.796015,BTCUSDT,4,4,78750.0,0.015132,88658.59,0.000803
2025-03-10T03:56:55.874973,BTCUSDT,4,4,81941.28,0.0005,82105.34,0.0005
2025-03-10T03:56:56.855594,BTCUSDT,4,4,78750.0,0.015132,88400.0,0.009489
2025-03-10T03:56:56.935573,BTCUSDT,4,4,81939.78,0.0005,82103.83,0.0005
2025-03-10T03:56:57.916579,BTCUSDT,4,4,78750.0,0.015132,88400.0,0.009489
2025-03-10T03:56:57.995184,BTCUSDT,4,4,81938.87,0.0005,82102.92,0.0005
2025-03-10T03:56:58.736082,BTCUSDT,4,4,78750.0,0.015132,88400.0,0.009489
2025-03-10T03:56:58.815504,BTCUSDT,4,4,81938.32,0.0005,82102.36,0.0005
2025-03-10T03:56:59.715825,BTCUSDT,4,4,78750.0,0.015132,88600.0,0.009489
2025-03-10T03:56:59.794909,BTCUSDT,4,4,81937.98,0.0005,82102.03,0.0005
2025-03-10T03:57:00.735660,BTCUSDT,4,4,78750.0,0.015132,88600.0,0.009489
2025-03-10T03:57:00.816734,BTCUSDT,4,4,81937.78,0.0005,82101.82,0.0005
2025-03-10T03:57:01.715603,BTCUSDT,4,4,78750.0,0.015132,88400.0,0.009489
2025-03-10T03:57:01.795575,BTCUSDT,4,4,81937.65,0.0005,82101.7,0.0005
2025-03-10T03:57:02.715837,BTCUSDT,4,4,78750.0,0.015132,88400.0,0.009489
2025-03-10T03:57:02.795692,BTCUSDT,4,4,81937.58,0.0005,82101.63,0.0005
2025-03-10T03:57:03.736268,BTCUSDT,3,4,78691.27,0.00145,88400.0,0.009489
2025-03-10T03:57:03.815402,BTCUSDT,4,4,81937.53,0.0005,82101.58,0.0005
2025-03-10T03:57:04.895793,BTCUSDT,4,4,78750.0,0.015132,88658.59,0.000803
2025-03-10T03:57:04.975562,BTCUSDT,4,4,81937.51,0.0005,82101.55,0.0005
2025-03-10T03:57:05.776153,BTCUSDT,4,4,78750.0,0.015132,88600.0,0.009489
2025-03-10T03:57:05.879298,BTCUSDT,4,4,81937.49,0.0005,82101.54,0.0005
2025-03-10T03:57:06.775350,BTCUSDT,4,4,78750.0,0.015132,88458.07,0.0013
2025-03-10T03:57:06.854960,BTCUSDT,4,4,81937.48,0.0005,82101.53,0.0005
2025-03-10T03:57:07.755241,BTCUSDT,4,4,78750.0,0.015132,88458.07,0.0013
2025-03-10T03:57:07.835738,BTCUSDT,4,4,81937.47,0.0005,82101.52,0.0005
2025-03-10T03:57:08.715512,BTCUSDT,4,4,78750.0,0.015132,88458.07,0.0013
2025-03-10T03:57:08.811866,BTCUSDT,4,4,81938.78,0.0005,82102.83,0.0005
2025-03-10T03:57:09.715770,BTCUSDT,4,4,78750.0,0.015132,88658.59,0.000803
2025-03-10T03:57:09.795402,BTCUSDT,4,4,81939.57,0.0005,82103.62,0.0005
2025-03-10T03:57:10.716411,BTCUSDT,4,4,78750.0,0.015132,88458.07,0.0013
2025-03-10T03:57:10.815966,BTCUSDT,4,4,81940.05,0.0005,82104.1,0.0005
2025-03-10T03:57:11.815433,BTCUSDT,4,4,78750.0,0.015132,88458.07,0.0013
2025-03-10T03:57:11.896644,BTCUSDT,4,4,81940.34,0.0005,82104.39,0.0005
2025-03-10T03:57:12.775971,BTCUSDT,4,4,78750.0,0.015132,88458.07,0.0013
2025-03-10T03:57:12.875974,BTCUSDT,4,4,81939.35,0.0005,82103.4,0.0005
2025-03-10T03:57:13.715652,BTCUSDT,4,4,78750.0,0.015132,88600.0,0.009489
2025-03-10T03:57:13.795461,BTCUSDT,4,4,81938.75,0.0005,82102.8,0.0005
2025-03-10T03:57:14.715021,BTCUSDT,4,4,78750.0,0.015132,88600.0,0.009489
2025-03-10T03:57:14.816332,BTCUSDT,4,4,81938.38,0.0005,82102.43,0.0005
2025-03-10T03:57:15.715528,BTCUSDT,4,4,78750.0,0.015132,88458.07,0.0013
2025-03-10T03:57:15.794569,BTCUSDT,4,4,81938.16,0.0005,82102.21,0.0005
2025-03-10T03:57:16.735189,BTCUSDT,4,4,78750.0,0.015132,88458.07,0.0013
2025-03-10T03:57:16.815532,BTCUSDT,4,4,81938.03,0.0005,82102.08,0.0005
2025-03-10T03:57:17.877335,BTCUSDT,4,4,78750.0,0.015132,88458.07,0.0013
2025-03-10T03:57:18.272275,BTCUSDT,4,4,81937.95,0.0005,82102.0,0.0005
2025-03-10T03:57:18.715962,BTCUSDT,4,4,78750.0,0.015132,88600.0,0.009489
2025-03-10T03:57:18.796054,BTCUSDT,4,4,81936.97,0.0005,82101.02,0.0005
2025-03-10T03:57:19.778339,BTCUSDT,4,4,78750.0,0.015132,88600.0,0.009489
2025-03-10T03:57:20.086332,BTCUSDT,4,4,81936.38,0.0005,82100.42,0.0005
2025-03-10T03:57:20.896224,BTCUSDT,4,4,78750.0,0.015132,88400.0,0.009489
2025-03-10T03:57:20.976042,BTCUSDT,4,4,81936.02,0.0005,82100.06,0.0005
2025-03-10T03:57:21.716348,BTCUSDT,4,4,78750.0,0.015132,88400.0,0.009489
2025-03-10T03:57:21.795008,BTCUSDT,4,4,81935.25,0.0005,82099.29,0.0005
2025-03-10T03:57:22.715809,BTCUSDT,4,4,78750.0,0.015132,88400.0,0.009489
2025-03-10T03:57:22.795015,BTCUSDT,4,4,81931.6,0.0005,82095.64,0.0005
2025-03-10T03:57:23.795285,BTCUSDT,4,4,78750.0,0.015132,88613.46,0.00106
2025-03-10T03:57:23.874648,BTCUSDT,4,4,81930.77,0.0005,82094.8,0.0005
2025-03-10T03:57:24.715262,BTCUSDT,4,4,78750.0,0.015132,88400.0,0.009489
2025-03-10T03:57:24.795561,BTCUSDT,4,4,81919.49,0.0005,82083.51,0.0005
2025-03-10T03:57:25.715438,BTCUSDT,4,4,78750.0,0.015132,88400.0,0.009489
2025-03-10T03:57:25.795343,BTCUSDT,4,4,81912.66,0.0005,82076.65,0.0005
2025-03-10T03:57:26.715959,BTCUSDT,4,4,78750.0,0.015132,88400.0,0.009489
2025-03-10T03:57:26.794784,BTCUSDT,4,4,81898.44,0.0005,82062.41,0.0005
2025-03-10T03:57:27.715420,BTCUSDT,4,4,78750.0,0.015132,88400.0,0.009489
2025-03-10T03:57:27.915312,BTCUSDT,4,4,81890.53,0.0005,82054.48,0.0005
2025-03-10T03:57:28.735498,BTCUSDT,4,4,78750.0,0.015132,88613.46,0.00106
2025-03-10T03:57:28.815189,BTCUSDT,4,4,81885.73,0.0005,82049.68,0.0005
2025-03-10T03:57:29.835648,BTCUSDT,4,4,78750.0,0.015132,88400.0,0.009489
2025-03-10T03:57:29.914950,BTCUSDT,4,4,81882.82,0.0005,82046.76,0.0005
2025-03-10T03:57:30.715681,BTCUSDT,4,4,78750.0,0.015132,88400.0,0.009489
2025-03-10T03:57:30.795787,BTCUSDT,4,4,81881.06,0.0005,82044.99,0.0005
2025-03-10T03:57:31.714934,BTCUSDT,4,4,78750.0,0.015132,88400.0,0.009489
2025-03-10T03:57:31.795461,BTCUSDT,4,4,81879.99,0.0005,82043.92,0.0005
2025-03-10T03:57:32.716146,BTCUSDT,4,4,78750.0,0.015132,88400.0,0.009489
2025-03-10T03:57:32.795713,BTCUSDT,4,4,81879.34,0.0005,82043.27,0.0005
2025-03-10T03:57:33.695926,BTCUSDT,4,4,78750.0,0.015132,88600.0,0.009489
2025-03-10T03:57:33.795524,BTCUSDT,4,4,81880.47,0.0005,82044.41,0.0005
2025-03-10T03:57:34.735434,BTCUSDT,4,4,78750.0,0.015132,88600.0,0.009489
2025-03-10T03:57:34.815598,BTCUSDT,4,4,81882.56,0.0005,82046.5,0.0005
2025-03-10T03:57:35.714917,BTCUSDT,4,4,78750.0,0.015132,88404.4,0.00102
2025-03-10T03:57:35.795334,BTCUSDT,4,4,81883.83,0.0005,82047.77,0.0005
2025-03-10T03:57:36.855646,BTCUSDT,4,4,78750.0,0.015132,88404.4,0.00102
2025-03-10T03:57:36.934884,BTCUSDT,4,4,81884.59,0.0005,82048.53,0.0005
2025-03-10T03:57:37.715437,BTCUSDT,4,4,78750.0,0.015132,88404.4,0.00102
2025-03-10T03:57:37.795684,BTCUSDT,4,4,81886.22,0.0005,82050.17,0.0005
2025-03-10T03:57:38.716033,BTCUSDT,4,4,78750.0,0.015132,88400.0,0.009489
2025-03-10T03:57:38.795836,BTCUSDT,4,4,81891.81,0.0005,82055.77,0.0005
2025-03-10T03:57:39.715682,BTCUSDT,4,4,78750.0,0.015132,88400.0,0.009489
2025-03-10T03:57:39.795678,BTCUSDT,4,4,81895.2,0.0005,82059.16,0.0005
2025-03-10T03:57:40.735215,BTCUSDT,4,4,78750.0,0.015132,88400.0,0.009489
2025-03-10T03:57:40.815671,BTCUSDT,4,4,81897.26,0.0005,82061.23,0.0005
2025-03-10T03:57:41.835906,BTCUSDT,4,4,78750.0,0.015132,88400.0,0.009489
2025-03-10T03:57:41.914957,BTCUSDT,4,4,81904.18,0.0005,82068.16,0.0005
2025-03-10T03:57:42.755729,BTCUSDT,4,4,78750.0,0.015132,88577.25,0.00125
2025-03-10T03:57:42.835011,BTCUSDT,4,4,81908.38,0.0005,82072.37,0.0005
2025-03-10T03:57:43.754954,BTCUSDT,4,4,78750.0,0.015132,88400.0,0.009489
2025-03-10T03:57:43.835044,BTCUSDT,4,4,81910.93,0.0005,82074.92,0.0005
2025-03-10T03:57:44.714853,BTCUSDT,4,4,78750.0,0.015132,88400.0,0.009489
2025-03-10T03:57:44.795319,BTCUSDT,4,4,81913.46,0.0005,82077.46,0.0005
2025-03-10T03:57:45.719708,BTCUSDT,4,4,78750.0,0.015132,88400.0,0.009489
2025-03-10T03:57:45.795105,BTCUSDT,4,4,81919.97,0.0005,82083.98,0.0005
2025-03-10T03:57:46.755006,BTCUSDT,4,4,78750.0,0.015132,88600.0,0.009489
2025-03-10T03:57:46.835461,BTCUSDT,4,4,81923.91,0.0005,82087.93,0.0005
2025-03-10T03:57:47.755381,BTCUSDT,4,4,78750.0,0.015132,88577.25,0.00125
2025-03-10T03:57:47.835209,BTCUSDT,4,4,81926.31,0.0005,82090.33,0.0005
2025-03-10T03:57:48.714579,BTCUSDT,4,1,78750.0,0.015132,88412.51,0.00105
2025-03-10T03:57:48.815787,BTCUSDT,4,4,81927.76,0.0005,82091.79,0.0005
2025-03-10T03:57:49.714759,BTCUSDT,4,4,78750.0,0.015132,88412.51,0.00105
2025-03-10T03:57:49.795115,BTCUSDT,4,4,81928.64,0.0005,82092.67,0.0005
2025-03-10T03:57:50.777155,BTCUSDT,4,4,78750.0,0.015132,88577.25,0.00125
2025-03-10T03:57:50.854857,BTCUSDT,4,4,81929.17,0.0005,82093.2,0.0005
2025-03-10T03:57:51.714952,BTCUSDT,4,4,78750.0,0.015132,88400.0,0.009489
2025-03-10T03:57:51.795508,BTCUSDT,4,4,81929.5,0.0005,82093.53,0.0005
2025-03-10T03:57:52.715323,BTCUSDT,4,4,78750.0,0.015132,88400.0,0.009489
2025-03-10T03:57:52.795460,BTCUSDT,4,4,81929.69,0.0005,82093.73,0.0005
2025-03-10T03:57:53.774447,BTCUSDT,4,4,78750.0,0.015132,88400.0,0.009489
2025-03-10T03:57:53.881711,BTCUSDT,4,4,81929.81,0.0005,82093.84,0.0005
2025-03-10T03:57:54.735579,BTCUSDT,4,4,78750.0,0.015132,88400.0,0.009489
2025-03-10T03:57:54.815895,BTCUSDT,4,4,81929.89,0.0005,82093.92,0.0005
2025-03-10T03:57:55.714812,BTCUSDT,4,4,78750.0,0.015132,88400.0,0.009489
2025-03-10T03:57:55.795131,BTCUSDT,4,4,81929.93,0.0005,82093.96,0.0005
2025-03-10T03:57:56.714800,BTCUSDT,4,4,78750.0,0.015132,88400.0,0.009489
2025-03-10T03:57:56.815788,BTCUSDT,3,4,81848.03,0.0005,82093.99,0.0005
2025-03-10T03:57:57.880535,BTCUSDT,4,4,78750.0,0.015132,88400.0,0.009489
2025-03-10T03:57:57.975838,BTCUSDT,4,4,81929.97,0.0005,82094.0,0.0005
2025-03-10T03:57:58.715849,BTCUSDT,4,4,78750.0,0.015132,88400.0,0.009489
2025-03-10T03:57:58.795940,BTCUSDT,4,4,81929.98,0.0005,82094.01,0.0005
2025-03-10T03:57:59.714976,BTCUSDT,4,4,78750.0,0.015132,88600.0,0.009489
2025-03-10T03:57:59.794347,BTCUSDT,4,4,81933.01,0.0005,82097.05,0.0005
2025-03-10T03:58:00.836083,BTCUSDT,4,4,78750.0,0.015132,88390.31,6.8e-05
2025-03-10T03:58:00.915065,BTCUSDT,4,4,81934.85,0.0005,82098.89,0.0005
2025-03-10T03:58:01.715499,BTCUSDT,4,4,78750.0,0.015132,88390.31,6.8e-05
2025-03-10T03:58:01.794493,BTCUSDT,4,4,81935.96,0.0005,82100.01,0.0005
2025-03-10T03:58:02.715488,BTCUSDT,4,4,78750.0,0.015132,88390.31,6.8e-05
2025-03-10T03:58:02.794556,BTCUSDT,4,4,81936.64,0.0005,82100.69,0.0005
2025-03-10T03:58:03.714876,BTCUSDT,4,4,78750.0,0.015132,88390.31,6.8e-05
2025-03-10T03:58:03.795348,BTCUSDT,4,4,81937.05,0.0005,82101.1,0.0005
2025-03-10T03:58:04.735603,BTCUSDT,4,4,78750.0,0.015132,88390.31,6.8e-05
2025-03-10T03:58:04.817951,BTCUSDT,4,4,81937.32,0.0005,82101.37,0.0005
2025-03-10T03:58:05.795101,BTCUSDT,4,4,78750.0,0.015132,88390.31,6.8e-05
2025-03-10T03:58:05.876481,BTCUSDT,4,4,81937.48,0.0005,82101.53,0.0005
2025-03-10T03:58:06.695608,BTCUSDT,4,4,78750.0,0.015132,88400.0,0.009489
2025-03-10T03:58:06.794619,BTCUSDT,4,4,81937.58,0.0005,82101.63,0.0005
2025-03-10T03:58:07.775790,BTCUSDT,4,4,78750.0,0.015132,88390.31,6.8e-05
2025-03-10T03:58:07.874791,BTCUSDT,4,4,81937.64,0.0005,82101.69,0.0005
2025-03-10T03:58:08.734972,BTCUSDT,4,4,78750.0,0.015132,88390.31,6.8e-05
2025-03-10T03:58:08.815930,BTCUSDT,4,4,81937.68,0.0005,82101.72,0.0005
2025-03-10T03:58:09.754978,BTCUSDT,4,4,78750.0,0.015132,88390.31,6.8e-05
2025-03-10T03:58:09.835385,BTCUSDT,4,4,81937.7,0.0005,82101.75,0.0005
2025-03-10T03:58:10.715849,BTCUSDT,3,4,78691.27,0.00145,88400.0,0.009489
2025-03-10T03:58:10.795090,BTCUSDT,4,4,81939.09,0.0005,82103.14,0.0005
2025-03-10T03:58:11.754455,BTCUSDT,4,4,78750.0,0.015132,88698.85,0.00096
2025-03-10T03:58:11.835248,BTCUSDT,4,4,81943.61,0.0005,82107.67,0.0005
2025-03-10T03:58:12.694494,BTCUSDT,4,2,78750.0,0.015132,88600.0,0.009489
2025-03-10T03:58:12.794782,BTCUSDT,4,4,81944.59,0.0005,82108.65,0.0005
2025-03-10T03:58:13.715372,BTCUSDT,4,4,78750.0,0.015132,88400.0,0.009489
2025-03-10T03:58:13.794966,BTCUSDT,4,4,81945.07,0.0005,82109.13,0.0005
2025-03-10T03:58:14.735594,BTCUSDT,4,4,78750.0,0.015132,88400.0,0.009489
2025-03-10T03:58:14.814533,BTCUSDT,4,4,81943.73,0.0005,82107.79,0.0005
2025-03-10T03:58:15.735428,BTCUSDT,4,4,78750.0,0.015132,88658.59,0.000803
2025-03-10T03:58:15.814913,BTCUSDT,4,4,81942.03,0.0005,82106.08,0.0005
2025-03-10T03:58:16.755532,BTCUSDT,4,4,78750.0,0.015132,88658.59,0.000803
2025-03-10T03:58:16.836472,BTCUSDT,4,4,81940.32,0.0005,82104.37,0.0005
2025-03-10T03:58:17.715511,BTCUSDT,4,4,78750.0,0.015132,88400.0,0.009489
2025-03-10T03:58:17.794142,BTCUSDT,4,4,81939.28,0.0005,82103.33,0.0005
2025-03-10T03:58:18.714436,BTCUSDT,4,4,78750.0,0.015132,88400.0,0.009489
2025-03-10T03:58:18.795175,BTCUSDT,4,4,81938.65,0.0005,82102.7,0.0005
2025-03-10T03:58:19.735235,BTCUSDT,4,4,78750.0,0.015132,88600.0,0.009489
2025-03-10T03:58:19.816160,BTCUSDT,4,4,81938.27,0.0005,82102.32,0.0005
2025-03-10T03:58:20.735366,BTCUSDT,4,4,78750.0,0.015132,88600.0,0.009489
2025-03-10T03:58:20.836771,BTCUSDT,4,4,81938.04,0.0005,82102.09,0.0005
2025-03-10T03:58:21.715111,BTCUSDT,4,4,78750.0,0.015132,88400.0,0.009489
2025-03-10T03:58:21.794787,BTCUSDT,4,4,81929.71,0.0005,82093.74,0.0005
2025-03-10T03:58:22.714974,BTCUSDT,4,4,78750.0,0.015132,88390.31,6.8e-05
2025-03-10T03:58:22.794880,BTCUSDT,4,4,81924.08,0.0005,82088.1,0.0005
2025-03-10T03:58:23.714928,BTCUSDT,4,4,78750.0,0.015132,88390.31,6.8e-05
2025-03-10T03:58:23.795296,BTCUSDT,4,4,81919.56,0.0005,82083.57,0.0005
2025-03-10T03:58:24.794538,BTCUSDT,4,4,78750.0,0.015132,88400.0,0.009489
2025-03-10T03:58:24.874412,BTCUSDT,4,4,81916.79,0.0005,82080.79,0.0005
2025-03-10T03:58:25.695321,BTCUSDT,4,4,78750.0,0.015132,88658.59,0.000803
2025-03-10T03:58:25.794349,BTCUSDT,4,4,81915.06,0.0005,82079.07,0.0005
2025-03-10T03:58:26.715196,BTCUSDT,4,4,78750.0,0.015132,88658.59,0.000803
2025-03-10T03:58:26.794231,BTCUSDT,4,4,81910.53,0.0005,82074.52,0.0005
2025-03-10T03:58:27.700628,BTCUSDT,4,4,78750.0,0.015132,88390.31,6.8e-05
2025-03-10T03:58:27.794457,BTCUSDT,4,3,81916.13,0.0005,82080.13,0.0005
2025-03-10T03:58:27.934453,BTCUSDT,4,3,78750.0,0.015132,88400.0,0.009489
2025-03-10T03:58:28.035667,BTCUSDT,4,3,81916.13,0.0005,82080.13,0.0005
2025-03-10T03:58:28.175103,BTCUSDT,4,3,78750.0,0.015132,88400.0,0.009489
2025-03-10T03:58:28.278346,BTCUSDT,4,3,81916.13,0.0005,82080.13,0.0005
2025-03-10T03:58:28.434741,BTCUSDT,4,3,78750.0,0.015132,88400.0,0.009489
2025-03-10T03:58:28.754670,BTCUSDT,4,3,81910.73,0.0005,82074.72,0.0005
2025-03-10T03:58:28.915077,BTCUSDT,4,3,78750.0,0.015132,88400.0,0.009489
2025-03-10T03:58:29.715411,BTCUSDT,4,3,81905.91,0.0005,82069.89,0.0005
2025-03-10T03:58:29.875572,BTCUSDT,4,3,78750.0,0.015132,88658.59,0.000803
2025-03-10T03:58:30.735172,BTCUSDT,4,3,81902.78,0.0005,82066.75,0.0005
2025-03-10T03:58:30.894888,BTCUSDT,4,3,78750.0,0.015132,88800.0,0.009489
2025-03-10T03:58:30.975105,BTCUSDT,4,3,81902.78,0.0005,82066.75,0.0005
2025-03-10T03:58:31.134620,BTCUSDT,4,3,78750.0,0.015132,88658.59,0.000803
2025-03-10T03:58:31.734743,BTCUSDT,4,3,81900.88,0.0005,82064.85,0.0005
2025-03-10T03:58:31.894923,BTCUSDT,4,3,78750.0,0.015132,88400.0,0.009489
2025-03-10T03:58:32.715051,BTCUSDT,4,3,81899.72,0.0005,82063.7,0.0005
2025-03-10T03:58:32.854928,BTCUSDT,4,3,78750.0,0.015132,88400.0,0.009489
2025-03-10T03:58:33.756057,BTCUSDT,4,3,81899.03,0.0005,82063.0,0.0005
2025-03-10T03:58:33.922545,BTCUSDT,4,3,78750.0,0.015132,88400.0,0.009489
2025-03-10T03:58:34.734775,BTCUSDT,4,3,81898.6,0.0005,82062.57,0.0005
2025-03-10T03:58:34.874175,BTCUSDT,4,3,78750.0,0.015132,88658.59,0.000803
2025-03-10T03:58:34.974216,BTCUSDT,4,3,81898.6,0.0005,82062.57,0.0005
2025-03-10T03:58:35.135483,BTCUSDT,4,3,78750.0,0.015132,88600.0,0.009489
2025-03-10T03:58:35.715243,BTCUSDT,4,3,81898.34,0.0005,82062.31,0.0005
2025-03-10T03:58:35.874553,BTCUSDT,4,3,78750.0,0.015132,88400.0,0.009489
2025-03-10T03:58:36.715571,BTCUSDT,4,3,81898.19,0.0005,82062.16,0.0005
2025-03-10T03:58:36.874785,BTCUSDT,4,3,78750.0,0.015132,88400.0,0.009489
2025-03-10T03:58:37.795040,BTCUSDT,4,3,81898.09,0.0005,82062.06,0.0005
2025-03-10T03:58:37.954039,BTCUSDT,4,3,78750.0,0.015132,88658.59,0.000803
2025-03-10T03:58:38.714164,BTCUSDT,4,3,81898.04,0.0005,82062.0,0.0005
2025-03-10T03:58:38.855194,BTCUSDT,4,3,78750.0,0.015132,87664.98,0.00099
2025-03-10T03:58:39.714749,BTCUSDT,4,3,81898.0,0.0005,82061.97,0.0005
2025-03-10T03:58:39.855669,BTCUSDT,4,3,78750.0,0.015132,88600.0,0.009489
2025-03-10T03:58:39.934799,BTCUSDT,4,3,81898.0,0.0005,82061.97,0.0005
2025-03-10T03:58:40.094433,BTCUSDT,4,3,78750.0,0.015132,88600.0,0.009489
2025-03-10T03:58:40.714966,BTCUSDT,4,3,81897.98,0.0005,82061.95,0.0005
2025-03-10T03:58:40.874185,BTCUSDT,4,3,78750.0,0.015132,88600.0,0.009489
2025-03-10T03:58:41.694575,BTCUSDT,4,3,81897.97,0.0005,82061.94,0.0005
2025-03-10T03:58:41.877374,BTCUSDT,4,3,78750.0,0.015132,88658.59,0.000803
2025-03-10T03:58:42.716224,BTCUSDT,4,3,81898.17,0.0005,82062.14,0.0005
2025-03-10T03:58:42.855349,BTCUSDT,4,3,78750.0,0.015132,88658.59,0.000803
2025-03-10T03:58:43.715267,BTCUSDT,4,3,81898.3,0.0005,82062.26,0.0005
2025-03-10T03:58:43.854215,BTCUSDT,4,3,78750.0,0.015132,87673.97,0.00136
2025-03-10T03:58:44.935207,BTCUSDT,4,3,81898.37,0.0005,82062.34,0.0005
2025-03-10T03:58:45.095073,BTCUSDT,4,3,78750.0,0.015132,88400.0,0.009489
2025-03-10T03:58:45.755164,BTCUSDT,4,3,81898.42,0.0005,82062.39,0.0005
2025-03-10T03:58:45.914278,BTCUSDT,4,3,78750.0,0.015132,88400.0,0.009489
2025-03-10T03:58:46.776215,BTCUSDT,4,3,81898.44,0.0005,82062.41,0.0005
2025-03-10T03:58:46.934688,BTCUSDT,4,3,78750.0,0.015132,88600.0,0.009489
2025-03-10T03:58:47.014872,BTCUSDT,4,3,81898.44,0.0005,82062.41,0.0005
2025-03-10T03:58:47.174675,BTCUSDT,4,3,78750.0,0.015132,88600.0,0.009489
2025-03-10T03:58:47.815144,BTCUSDT,4,3,81898.46,0.0005,82062.43,0.0005
2025-03-10T03:58:47.975070,BTCUSDT,3,3,78691.27,0.00145,88658.59,0.000803
2025-03-10T03:58:48.054198,BTCUSDT,4,3,81898.46,0.0005,82062.43,0.0005
2025-03-10T03:58:48.194668,BTCUSDT,4,3,78750.0,0.015132,88600.0,0.009489
2025-03-10T03:58:48.774123,BTCUSDT,4,3,81898.47,0.0005,82062.44,0.0005
2025-03-10T03:58:48.914281,BTCUSDT,4,3,78750.0,0.015132,88400.0,0.009489
2025-03-10T03:58:49.014977,BTCUSDT,4,3,81898.47,0.0005,82062.44,0.0005
2025-03-10T03:58:49.154475,BTCUSDT,4,3,78750.0,0.015132,88400.0,0.009489
2025-03-10T03:58:49.235870,BTCUSDT,4,3,81898.47,0.0005,82062.44,0.0005
2025-03-10T03:58:49.395626,BTCUSDT,4,3,78750.0,0.015132,88400.0,0.009489
2025-03-10T03:58:49.715721,BTCUSDT,4,3,81896.99,0.0005,82060.96,0.0005
2025-03-10T03:58:49.877366,BTCUSDT,4,3,78750.0,0.015132,88400.0,0.009489
2025-03-10T03:58:50.714047,BTCUSDT,4,3,81894.44,0.0005,82058.4,0.0005
2025-03-10T03:58:50.854107,BTCUSDT,4,3,78750.0,0.015132,88400.0,0.009489
2025-03-10T03:58:50.935143,BTCUSDT,4,3,81894.44,0.0005,82058.4,0.0005
2025-03-10T03:58:51.094071,BTCUSDT,4,3,78750.0,0.015132,88400.0,0.009489
2025-03-10T03:58:51.174674,BTCUSDT,4,3,81894.44,0.0005,82058.4,0.0005
2025-03-10T03:58:51.335385,BTCUSDT,4,3,78750.0,0.015132,88400.0,0.009489
2025-03-10T03:58:51.755545,BTCUSDT,4,3,81892.9,0.0005,82056.85,0.0005
2025-03-10T03:58:51.914135,BTCUSDT,4,3,78750.0,0.015132,88600.0,0.009489
2025-03-10T03:58:52.714501,BTCUSDT,4,3,81891.96,0.0005,82055.91,0.0005
2025-03-10T03:58:52.874536,BTCUSDT,4,3,78750.0,0.015132,88600.0,0.009489
2025-03-10T03:58:53.755364,BTCUSDT,4,3,81891.39,0.0005,82055.34,0.0005
2025-03-10T03:58:53.914260,BTCUSDT,4,3,78750.0,0.015132,88400.0,0.009489
2025-03-10T03:58:53.994764,BTCUSDT,4,3,81891.39,0.0005,82055.34,0.0005
2025-03-10T03:58:54.154739,BTCUSDT,4,3,78750.0,0.015132,88400.0,0.009489
2025-03-10T03:58:54.735086,BTCUSDT,4,3,81891.04,0.0005,82055.0,0.0005
2025-03-10T03:58:54.874895,BTCUSDT,4,1,78750.0,0.015132,88400.0,0.009489
2025-03-10T03:58:54.975122,BTCUSDT,4,3,81891.04,0.0005,82055.0,0.0005
2025-03-10T03:58:55.115152,BTCUSDT,4,3,78750.0,0.015132,88400.0,0.009489
2025-03-10T03:58:55.854746,BTCUSDT,4,3,81890.83,0.0005,82054.79,0.0005
2025-03-10T03:58:56.015502,BTCUSDT,4,3,78750.0,0.015132,88400.0,0.009489
2025-03-10T03:58:56.734414,BTCUSDT,4,3,81890.71,0.0005,82054.66,0.0005
2025-03-10T03:58:56.874725,BTCUSDT,4,3,78750.0,0.015132,88600.0,0.009489
2025-03-10T03:58:57.834508,BTCUSDT,4,3,81890.63,0.0005,82054.58,0.0005
2025-03-10T03:58:57.994849,BTCUSDT,4,3,78750.0,0.015132,88800.0,0.009489
2025-03-10T03:58:58.074606,BTCUSDT,4,3,81890.63,0.0005,82054.58,0.0005
2025-03-10T03:58:58.234318,BTCUSDT,4,3,78750.0,0.015132,88800.0,0.009489
2025-03-10T03:58:58.729108,BTCUSDT,4,3,81890.58,0.0005,82054.54,0.0005
2025-03-10T03:58:58.854541,BTCUSDT,4,3,78750.0,0.015132,88600.0,0.009489
2025-03-10T03:58:58.935528,BTCUSDT,4,3,81890.58,0.0005,82054.54,0.0005
2025-03-10T03:58:59.094888,BTCUSDT,4,3,78750.0,0.015132,88600.0,0.009489
2025-03-10T03:58:59.715752,BTCUSDT,4,3,81890.55,0.0005,82054.51,0.0005
2025-03-10T03:58:59.854861,BTCUSDT,4,3,78750.0,0.015132,88600.0,0.009489
2025-03-10T03:59:00.718296,BTCUSDT,4,3,81890.54,0.0005,82054.49,0.0005
2025-03-10T03:59:00.854721,BTCUSDT,4,3,78750.0,0.015132,88600.0,0.009489
2025-03-10T03:59:01.714712,BTCUSDT,4,3,81890.91,0.0005,82054.87,0.0005
2025-03-10T03:59:01.913376,BTCUSDT,4,3,78750.0,0.015132,88800.0,0.009489
2025-03-10T03:59:02.716781,BTCUSDT,4,3,81891.14,0.0005,82055.09,0.0005
2025-03-10T03:59:02.874732,BTCUSDT,4,3,78750.0,0.015132,88800.0,0.009489
2025-03-10T03:59:03.735367,BTCUSDT,4,3,81891.28,0.0005,82055.23,0.0005
2025-03-10T03:59:03.894835,BTCUSDT,4,3,78750.0,0.015132,88600.0,0.009489
2025-03-10T03:59:04.735202,BTCUSDT,4,3,81891.36,0.0005,82055.31,0.0005
2025-03-10T03:59:04.894461,BTCUSDT,4,3,78750.0,0.015132,88600.0,0.009489
2025-03-10T03:59:05.754631,BTCUSDT,4,3,81891.41,0.0005,82055.37,0.0005
2025-03-10T03:59:05.894455,BTCUSDT,4,3,78750.0,0.015132,88658.59,0.000803
2025-03-10T03:59:05.995045,BTCUSDT,4,3,81891.41,0.0005,82055.37,0.0005
2025-03-10T03:59:06.134981,BTCUSDT,4,3,78750.0,0.015132,88658.59,0.000803
2025-03-10T03:59:06.735686,BTCUSDT,4,3,81891.44,0.0005,82055.4,0.0005
2025-03-10T03:59:06.894227,BTCUSDT,4,3,78750.0,0.015132,88800.0,0.009489
2025-03-10T03:59:07.774544,BTCUSDT,4,3,81891.46,0.0005,82055.42,0.0005
2025-03-10T03:59:07.915369,BTCUSDT,4,3,78750.0,0.015132,88658.59,0.000803
2025-03-10T03:59:08.734520,BTCUSDT,4,3,81891.47,0.0005,82055.43,0.0005
2025-03-10T03:59:08.874436,BTCUSDT,4,3,78750.0,0.015132,88600.0,0.009489
2025-03-10T03:59:09.714704,BTCUSDT,4,3,81891.48,0.0005,82055.43,0.0005
2025-03-10T03:59:09.858718,BTCUSDT,4,3,78750.0,0.015132,88600.0,0.009489
2025-03-10T03:59:09.934917,BTCUSDT,4,3,81891.48,0.0005,82055.43,0.0005
2025-03-10T03:59:10.095293,BTCUSDT,4,3,78750.0,0.015132,88600.0,0.009489
2025-03-10T03:59:10.714109,BTCUSDT,4,3,81891.48,0.0005,82055.44,0.0005
2025-03-10T03:59:10.874690,BTCUSDT,4,3,78750.0,0.015132,88658.59,0.000803
2025-03-10T03:59:11.715127,BTCUSDT,4,3,81894.27,0.0005,82058.23,0.0005
2025-03-10T03:59:11.853949,BTCUSDT,4,3,78750.0,0.015132,88600.0,0.009489
2025-03-10T03:59:11.935770,BTCUSDT,4,3,81894.27,0.0005,82058.23,0.0005
2025-03-10T03:59:12.094638,BTCUSDT,4,3,78750.0,0.015132,88600.0,0.009489
2025-03-10T03:59:12.994334,BTCUSDT,4,3,78750.0,0.015132,88600.0,0.009489
2025-03-10T03:59:13.754396,BTCUSDT,4,3,81896.99,0.0005,82060.95,0.0005
2025-03-10T03:59:13.914315,BTCUSDT,4,3,78750.0,0.015132,88600.0,0.009489
2025-03-10T03:59:14.774214,BTCUSDT,4,3,81897.61,0.0005,82061.58,0.0005
2025-03-10T03:59:14.914322,BTCUSDT,4,3,78750.0,0.015132,88600.0,0.009489
2025-03-10T03:59:15.714337,BTCUSDT,4,3,81901.48,0.0005,82065.45,0.0005
2025-03-10T03:59:15.874960,BTCUSDT,4,3,78750.0,0.015132,88600.0,0.009489
2025-03-10T04:19:47.204894,BTCUSDT,50,50,89800.0,0.00922,90200.0,0.005439
2025-03-10T04:19:47.216269,BTCUSDT,1,1,82817.83,0.007349,99090.86,0.010784
2025-03-10T04:19:47.225039,BTCUSDT,1,1,84926.38,0.0013,94514.83,0.00118
2025-03-10T04:19:47.245547,ETHUSDT,50,26,2023.17,1722.1225,2538.86,0.57142
2025-03-10T04:19:47.448600,BTCUSDT,1,1,83572.02,0.00098,94570.5,0.00085
2025-03-10T04:19:51.144826,BTCUSDT,1,1,82999.64,0.007349,99318.13,0.010784
2025-03-10T04:19:51.925031,BTCUSDT,1,1,84683.38,0.00141,95290.35,0.00116
2025-03-10T04:19:56.404815,BTCUSDT,1,1,84429.01,0.00118,94840.61,0.00126
2025-03-10T04:19:59.425971,BTCUSDT,1,1,82999.64,0.007349,98998.43,0.00094
2025-03-10T04:20:00.205082,BTCUSDT,1,1,83208.74,0.00131,94689.5,0.00105
2025-03-10T04:20:03.233139,BTCUSDT,1,1,82999.64,0.007349,98998.43,0.00094
2025-03-10T04:20:03.725933,BTCUSDT,1,1,82817.83,0.007349,99090.86,0.010784
2025-03-10T04:20:04.504740,BTCUSDT,1,1,83748.71,0.00115,95137.83,0.0009
2025-03-10T04:20:08.418318,BTCUSDT,1,1,82817.83,0.007349,99090.86,0.010784
2025-03-10T04:20:08.685509,BTCUSDT,1,1,84921.53,0.00135,95746.39,0.00117
2025-03-10T04:20:09.058262,BTCUSDT,1,1,84128.16,0.00116,96119.53,0.00104
2025-03-10T04:20:11.205548,BTCUSDT,1,1,82999.64,0.007349,98636.32,0.010784
2025-03-10T04:20:11.704842,BTCUSDT,1,1,82817.83,0.007349,98863.59,0.010784
2025-03-10T04:20:12.485223,BTCUSDT,1,1,84772.39,0.00111,95304.97,0.00094
2025-03-10T04:20:12.826771,BTCUSDT,1,1,83215.63,0.00119,97586.36,0.00086
2025-03-10T04:20:13.184757,BTCUSDT,1,1,83629.4,0.00104,98358.51,0.00109
2025-03-10T04:20:15.844978,BTCUSDT,1,1,83181.45,0.007349,98863.59,0.010784
2025-03-10T04:20:16.345492,BTCUSDT,1,1,82999.64,0.007349,99090.86,0.010784
2025-03-10T04:20:17.145523,BTCUSDT,1,1,84402.87,0.00121,94706.71,0.00096
2025-03-10T04:20:17.485765,BTCUSDT,1,1,83105.33,0.00122,95162.52,0.00112
2025-03-10T04:20:20.505596,BTCUSDT,1,1,83105.33,0.00122,98636.32,0.010784
2025-03-10T04:20:21.505337,BTCUSDT,1,1,82999.64,0.007349,99090.86,0.010784
2025-03-10T04:20:22.285697,BTCUSDT,1,1,85021.59,0.00121,95257.55,0.00118
2025-03-10T04:20:22.626080,BTCUSDT,1,1,84743.88,0.00106,96580.22,0.00085
2025-03-10T04:20:25.664691,BTCUSDT,1,1,83105.33,0.00122,98863.59,0.010784
2025-03-10T04:20:26.924870,BTCUSDT,1,1,84818.79,0.00133,95609.47,0.00108
2025-03-10T04:20:27.284918,BTCUSDT,1,1,84463.78,0.00095,96465.22,0.00122
2025-03-10T04:20:29.805712,BTCUSDT,1,1,83105.33,0.00122,98839.42,0.0009
2025-03-10T04:20:30.305554,BTCUSDT,1,1,82999.64,0.007349,98863.59,0.010784
2025-03-10T04:20:31.584477,BTCUSDT,1,1,84042.94,0.00106,95226.04,0.0009
2025-03-10T04:20:31.925537,BTCUSDT,1,1,83805.59,0.00123,97078.42,0.00087
2025-03-10T04:20:32.286573,BTCUSDT,1,1,83643.97,0.00142,98740.01,0.0012
2025-03-10T04:20:34.445604,BTCUSDT,1,1,83105.33,0.00122,98839.42,0.0009
2025-03-10T04:20:34.945148,BTCUSDT,1,1,82999.64,0.007349,98863.59,0.010784
2025-03-10T04:20:36.225543,BTCUSDT,1,1,85485.93,0.00117,95382.12,0.00113
2025-03-10T04:20:36.584449,BTCUSDT,1,1,83845.1,0.00136,95227.08,0.00089
2025-03-10T04:20:36.925011,BTCUSDT,1,1,83153.93,0.00125,97028.43,0.00123
2025-03-10T04:20:39.604594,BTCUSDT,1,1,82817.83,0.007349,98740.01,0.0012
2025-03-10T04:20:41.384643,BTCUSDT,1,1,84672.4,0.00141,95500.27,0.00101
2025-03-10T04:20:41.724871,BTCUSDT,1,1,83327.98,0.00122,96397.67,0.00119
2025-03-10T04:20:44.250057,BTCUSDT,1,1,82999.64,0.007349,98740.01,0.0012
2025-03-10T04:20:44.745827,BTCUSDT,1,1,82817.83,0.007349,98839.42,0.0009
2025-03-10T04:20:45.245121,BTCUSDT,1,1,82706.08,0.00097,98863.59,0.010784
2025-03-10T04:20:46.025496,BTCUSDT,1,1,85284.66,0.00099,95315.83,0.00102
2025-03-10T04:20:46.364809,BTCUSDT,1,1,84003.12,0.0013,96120.39,0.00124
2025-03-10T04:20:49.884604,BTCUSDT,1,1,82982.36,0.00139,99090.86,0.010784
2025-03-10T04:20:50.671719,BTCUSDT,1,1,84731.43,0.00138,96732.67,0.00088
2025-03-10T04:20:51.005051,BTCUSDT,1,1,83605.66,0.00122,97226.61,0.00103
2025-03-10T04:20:53.685051,BTCUSDT,1,1,82999.64,0.007349,98863.59,0.010784
2025-03-10T04:20:54.465506,BTCUSDT,1,1,83482.46,0.00105,95036.3,0.00115
2025-03-10T04:20:58.006499,BTCUSDT,1,1,82999.64,0.007349,99090.86,0.010784
2025-03-10T04:20:58.785341,BTCUSDT,1,1,83556.56,0.00122,94907.3,0.0009
2025-03-10T04:21:01.664344,BTCUSDT,1,1,82999.64,0.007349,98740.01,0.0012
2025-03-10T04:21:02.153054,BTCUSDT,1,1,82817.83,0.007349,98863.59,0.010784
2025-03-10T04:21:02.924198,BTCUSDT,1,1,85268.92,0.00126,94517.27,0.00105
2025-03-10T04:21:03.284464,BTCUSDT,1,1,82946.12,0.0013,95252.91,0.00125
2025-03-10T04:21:03.625452,BTCUSDT,1,1,83053.6,0.00112,95880.59,0.0009
2025-03-10T04:21:05.944333,BTCUSDT,1,1,82946.12,0.0013,98863.59,0.010784
2025-03-10T04:21:07.231308,BTCUSDT,1,1,85415.43,0.00103,94715.99,0.00112
2025-03-10T04:21:07.584635,BTCUSDT,1,1,83571.64,0.00138,94762.12,0.00122
2025-03-10T04:21:07.924783,BTCUSDT,1,1,83406.61,0.0011,95932.62,0.001
2025-03-10T04:21:10.604182,BTCUSDT,1,1,82817.83,0.007349,98679.47,0.00114
2025-03-10T04:21:11.604130,BTCUSDT,1,1,82704.62,0.00127,99090.86,0.010784
2025-03-10T04:21:11.864324,BTCUSDT,1,1,84648.47,0.00112,94628.41,0.00114
2025-03-10T04:21:12.225625,BTCUSDT,1,1,84170.1,0.00122,96448.87,0.00095
2025-03-10T04:21:12.564666,BTCUSDT,1,1,83467.05,0.00139,98319.96,0.00111
2025-03-10T04:21:15.244109,BTCUSDT,1,1,82999.64,0.007349,98863.59,0.010784
2025-03-10T04:21:16.270843,BTCUSDT,1,1,82817.83,0.007349,99318.13,0.010784
2025-03-10T04:21:16.524772,BTCUSDT,1,1,84223.47,0.00116,94544.88,0.00089
2025-03-10T04:21:16.865247,BTCUSDT,1,1,83142.07,0.00141,95845.13,0.00113
2025-03-10T04:21:21.525090,BTCUSDT,1,1,84054.82,0.00101,94746.95,0.00107
2025-03-10T04:21:25.544809,BTCUSDT,1,1,82817.83,0.007349,99090.86,0.010784
2025-03-10T04:21:25.824235,BTCUSDT,1,1,85331.89,0.00137,95302.92,0.0009
2025-03-10T04:21:26.164984,BTCUSDT,1,1,84539.09,0.00122,96184.82,0.00088
2025-03-10T04:21:26.525325,BTCUSDT,1,1,84146.49,0.00104,98300.96,0.00091
2025-03-10T04:21:29.684399,BTCUSDT,1,1,82999.0,0.00129,98863.59,0.010784
2025-03-10T04:21:30.464015,BTCUSDT,1,1,84775.5,0.00103,94799.26,0.00091
2025-03-10T04:21:30.805544,BTCUSDT,1,1,84153.18,0.00135,96204.99,0.00122
2025-03-10T04:21:33.324516,BTCUSDT,1,1,82999.64,0.007349,98693.1,0.0012
2025-03-10T04:21:33.826441,BTCUSDT,1,1,82999.0,0.00129,98863.59,0.010784
2025-03-10T04:21:34.604321,BTCUSDT,1,1,85048.31,0.00119,95450.72,0.0009
2025-03-10T04:21:34.965003,BTCUSDT,1,1,84885.12,0.00107,96968.2,0.00122
2025-03-10T04:21:37.145262,BTCUSDT,1,1,82999.64,0.007349,98693.1,0.0012
2025-03-10T04:21:37.644123,BTCUSDT,1,1,82999.0,0.00129,98863.59,0.010784
2025-03-10T04:21:38.145466,BTCUSDT,1,1,82817.83,0.007349,99090.86,0.010784
2025-03-10T04:21:38.425740,BTCUSDT,1,1,85087.69,0.00104,95292.14,0.001
2025-03-10T04:21:38.764370,BTCUSDT,1,1,84147.75,0.00135,97548.63,0.00108
2025-03-10T04:21:41.284884,BTCUSDT,1,1,82999.64,0.007349,98693.1,0.0012
2025-03-10T04:21:41.784702,BTCUSDT,1,1,82999.0,0.00129,98863.59,0.010784
2025-03-10T04:21:43.063843,BTCUSDT,1,1,84633.21,0.001,94737.87,0.00099
2025-03-10T04:21:43.425344,BTCUSDT,1,1,85329.55,0.00105,95559.37,0.00106
2025-03-10T04:21:43.764145,BTCUSDT,1,1,84408.35,0.0011,97001.7,0.00119
2025-03-10T04:21:47.447161,BTCUSDT,1,1,82817.83,0.007349,99090.86,0.010784
2025-03-10T04:21:47.724124,BTCUSDT,1,1,85160.67,0.00126,94593.03,0.00112
2025-03-10T04:21:48.064744,BTCUSDT,1,1,84873.54,0.00094,95698.4,0.0012
2025-03-10T04:21:48.425523,BTCUSDT,1,1,83197.18,0.00103,97762.3,0.00097
2025-03-10T04:21:52.084349,BTCUSDT,1,1,83181.45,0.007349,99090.86,0.010784
2025-03-10T04:21:52.864127,BTCUSDT,1,1,84996.62,0.00103,94591.44,0.00085
2025-03-10T04:21:53.204824,BTCUSDT,1,1,83926.08,0.00111,94597.45,0.00116
2025-03-10T04:21:57.244117,BTCUSDT,1,1,83181.45,0.007349,99318.13,0.010784
2025-03-10T04:21:58.504920,BTCUSDT,1,1,83948.49,0.00104,94712.22,0.00116
2025-03-10T04:22:01.725406,BTCUSDT,1,1,82999.64,0.007349,98693.1,0.0012
2025-03-10T04:22:03.504848,BTCUSDT,1,1,84355.82,0.0012,95934.77,0.00112
2025-03-10T04:22:06.057051,BTCUSDT,1,1,82999.64,0.007349,98693.1,0.0012
2025-03-10T04:22:07.043902,BTCUSDT,1,1,82946.44,0.00133,99090.86,0.010784
2025-03-10T04:22:07.806626,BTCUSDT,1,1,85181.39,0.00127,97091.35,0.00093
2025-03-10T04:22:08.165431,BTCUSDT,1,1,84346.92,0.00103,97303.97,0.00087
2025-03-10T04:22:10.683815,BTCUSDT,1,1,82999.64,0.007349,98767.82,0.00098
2025-03-10T04:22:11.683954,BTCUSDT,1,1,82873.54,0.00104,99090.86,0.010784
2025-03-10T04:22:12.464315,BTCUSDT,1,1,85141.97,0.00106,95515.18,0.00086
2025-03-10T04:22:12.805092,BTCUSDT,1,1,84439.87,0.00141,97383.36,0.00101
2025-03-10T04:22:15.324222,BTCUSDT,1,1,82999.64,0.007349,98767.82,0.00098
2025-03-10T04:22:15.824262,BTCUSDT,1,1,82873.54,0.00104,98768.92,0.00085
2025-03-10T04:22:16.324548,BTCUSDT,1,1,82817.83,0.007349,98863.59,0.010784
2025-03-10T04:22:17.104060,BTCUSDT,1,1,84819.66,0.00102,94778.41,0.00119
2025-03-10T04:22:17.445282,BTCUSDT,1,1,85410.76,0.00103,96199.51,0.0012
2025-03-10T04:22:20.964895,BTCUSDT,1,1,82830.97,0.00108,98767.82,0.00098
2025-03-10T04:22:21.464544,BTCUSDT,1,1,82817.83,0.007349,98863.59,0.010784
2025-03-10T04:22:22.224940,BTCUSDT,1,1,84942.36,0.00108,95091.82,0.00123
2025-03-10T04:22:22.584489,BTCUSDT,1,1,85033.39,0.0014,95578.83,0.00105
2025-03-10T04:22:22.944616,BTCUSDT,1,1,83107.1,0.00106,96407.41,0.00085
2025-03-10T04:22:25.604371,BTCUSDT,1,1,82999.64,0.007349,98767.82,0.00098
2025-03-10T04:22:26.104479,BTCUSDT,1,1,82830.97,0.00108,98863.59,0.010784
2025-03-10T04:22:26.603828,BTCUSDT,1,1,82817.83,0.007349,99090.86,0.010784
2025-03-10T04:22:26.884437,BTCUSDT,1,1,84958.52,0.00127,94611.93,0.00094
2025-03-10T04:22:27.228182,BTCUSDT,1,1,85481.46,0.00108,95030.47,0.00119
2025-03-10T04:22:27.583722,BTCUSDT,1,1,83042.01,0.00134,95986.74,0.0011
2025-03-10T04:22:29.743776,BTCUSDT,1,1,82999.64,0.007349,98636.32,0.010784
2025-03-10T04:22:30.763702,BTCUSDT,1,1,82817.83,0.007349,98863.59,0.010784
2025-03-10T04:22:31.264157,BTCUSDT,1,1,82636.02,0.007349,99090.86,0.010784
2025-03-10T04:22:31.524541,BTCUSDT,1,1,84670.44,0.00112,95123.87,0.00112
2025-03-10T04:22:31.883960,BTCUSDT,1,1,84353.98,0.001,96696.3,0.00094
2025-03-10T04:22:32.224514,BTCUSDT,1,1,84416.45,0.00141,97243.53,0.00105
2025-03-10T04:22:34.404592,BTCUSDT,1,1,82830.97,0.00108,98636.32,0.010784
2025-03-10T04:22:34.884806,BTCUSDT,1,1,82817.83,0.007349,98863.59,0.010784
2025-03-10T04:22:36.164447,BTCUSDT,1,1,84526.21,0.00125,95349.04,0.00092
2025-03-10T04:22:36.523664,BTCUSDT,1,1,84545.82,0.00138,95709.63,0.00103
2025-03-10T04:22:40.024731,BTCUSDT,1,1,82817.83,0.007349,98863.59,0.010784
2025-03-10T04:22:40.804075,BTCUSDT,1,1,85013.77,0.00117,95270.39,0.00103
2025-03-10T04:22:41.164465,BTCUSDT,1,1,85005.37,0.0014,96784.63,0.00084
2025-03-10T04:22:43.684532,BTCUSDT,1,1,82999.64,0.007349,98595.74,0.003042
2025-03-10T04:22:45.443941,BTCUSDT,1,1,85320.81,0.00098,95198.8,0.00092
2025-03-10T04:22:49.324535,BTCUSDT,1,1,82817.83,0.007349,98636.32,0.010784
2025-03-10T04:22:50.584462,BTCUSDT,1,1,85484.84,0.00095,94884.78,0.00098
2025-03-10T04:22:53.963531,BTCUSDT,1,1,83181.45,0.007349,98595.74,0.003042
2025-03-10T04:22:54.463760,BTCUSDT,1,1,82999.64,0.007349,98636.32,0.010784
2025-03-10T04:22:55.723337,BTCUSDT,1,1,85150.76,0.0011,95702.15,0.00092
2025-03-10T04:22:56.083607,BTCUSDT,1,1,83858.5,0.00102,96569.53,0.001
2025-03-10T04:22:56.424597,BTCUSDT,1,1,84290.17,0.00115,96373.53,0.00089
2025-03-10T04:22:58.944981,BTCUSDT,1,1,83540.63,6.9e-05,98595.74,0.003042
2025-03-10T04:23:00.444174,BTCUSDT,1,1,83486.43,0.00133,99090.86,0.010784
2025-03-10T04:23:00.723665,BTCUSDT,1,1,85345.33,0.00117,94945.09,0.00105
2025-03-10T04:23:01.077695,BTCUSDT,1,1,85395.67,0.00101,94743.04,0.00096
2025-03-10T04:23:01.424165,BTCUSDT,1,1,84050.45,0.00135,97215.93,0.00096
2025-03-10T04:23:04.103636,BTCUSDT,1,1,83540.63,6.9e-05,98636.32,0.010784
2025-03-10T04:23:05.104001,BTCUSDT,1,1,83486.43,0.00133,99090.86,0.010784
2025-03-10T04:23:05.363909,BTCUSDT,1,1,85513.77,0.00099,95787.99,0.00117
2025-03-10T04:23:05.724025,BTCUSDT,1,1,85560.52,0.00119,95878.51,0.00117
2025-03-10T04:23:08.744474,BTCUSDT,1,1,83540.63,6.9e-05,98636.32,0.010784
2025-03-10T04:23:10.003659,BTCUSDT,1,1,85546.62,0.00114,96873.04,0.00096
2025-03-10T04:23:13.383513,BTCUSDT,1,1,83486.43,0.00133,98636.32,0.010784
2025-03-10T04:23:13.884196,BTCUSDT,1,1,83384.27,6.9e-05,98863.59,0.010784
2025-03-10T04:23:14.666052,BTCUSDT,1,1,85603.18,0.00121,96186.88,0.00122
2025-03-10T04:23:15.004101,BTCUSDT,1,1,84427.7,0.00126,95911.93,0.00118
2025-03-10T04:23:15.363687,BTCUSDT,1,1,84690.45,0.00097,96786.61,0.00084
2025-03-10T04:23:17.524246,BTCUSDT,1,1,83540.63,6.9e-05,98595.74,0.003042
2025-03-10T04:23:19.304129,BTCUSDT,1,1,85148.8,0.0013,96637.48,0.00102
2025-03-10T04:23:19.664296,BTCUSDT,1,1,84522.17,0.00134,97162.41,0.00088
2025-03-10T04:23:23.943805,BTCUSDT,1,1,85479.33,0.00133,95077.58,0.00091
2025-03-10T04:23:26.964515,BTCUSDT,1,1,83486.43,0.00133,98863.59,0.010784
2025-03-10T04:23:27.465430,BTCUSDT,1,1,83384.27,6.9e-05,99090.86,0.010784
2025-03-10T04:23:27.743867,BTCUSDT,1,1,85311.02,0.00112,94743.35,0.00095
2025-03-10T04:23:28.083780,BTCUSDT,1,1,84119.87,0.00136,96249.86,0.00097
2025-03-10T04:23:30.263480,BTCUSDT,1,1,83486.43,0.00133,98636.32,0.010784
2025-03-10T04:23:30.763538,BTCUSDT,1,1,83384.27,6.9e-05,98863.59,0.010784
2025-03-10T04:23:31.543492,BTCUSDT,1,1,85571.57,0.00133,95183.01,0.00109
2025-03-10T04:23:37.863897,BTCUSDT,1,1,83517.52,0.0011,98863.59,0.010784
2025-03-10T04:23:38.364089,BTCUSDT,1,1,83384.27,6.9e-05,99090.86,0.010784
2025-03-10T04:23:38.863165,BTCUSDT,1,1,83363.26,0.007349,99135.64,0.00093
2025-03-10T04:23:39.144496,BTCUSDT,1,1,84874.68,0.00105,96464.76,0.00123
2025-03-10T04:23:39.483720,BTCUSDT,1,1,83868.21,0.00123,95726.56,0.00124
2025-03-10T04:23:39.843323,BTCUSDT,1,1,83792.68,0.0011,97539.17,0.00111
2025-03-10T04:23:42.003832,BTCUSDT,1,1,83545.07,0.007349,98863.59,0.010784
2025-03-10T04:23:42.503831,BTCUSDT,1,1,83540.63,6.9e-05,99090.86,0.010784
2025-03-10T04:23:43.003273,BTCUSDT,1,1,83384.27,6.9e-05,99135.64,0.00093
2025-03-10T04:23:43.783571,BTCUSDT,1,1,85590.09,0.00099,96486.46,0.00109
2025-03-10T04:23:44.123743,BTCUSDT,1,1,85401.18,0.00096,97192.71,0.00111
2025-03-10T04:23:44.483977,BTCUSDT,1,1,84636.3,0.00132,97742.94,0.00105
2025-03-10T04:23:46.671303,BTCUSDT,1,1,83545.07,0.007349,98863.59,0.010784
2025-03-10T04:23:47.144090,BTCUSDT,1,1,83540.63,6.9e-05,99090.86,0.010784
2025-03-10T04:23:48.423790,BTCUSDT,1,1,85010.45,0.00136,96855.86,0.00111
2025-03-10T04:23:48.784002,BTCUSDT,1,1,85523.61,0.00103,98204.25,0.0011
2025-03-10T04:23:51.446800,BTCUSDT,1,1,83545.07,0.007349,98863.59,0.010784
2025-03-10T04:23:55.083428,BTCUSDT,1,1,83540.63,6.9e-05,98863.59,0.010784
2025-03-10T04:23:56.083860,BTCUSDT,1,1,83473.78,0.00101,99090.86,0.010784
2025-03-10T04:23:56.862979,BTCUSDT,1,1,85289.0,0.00109,94868.81,0.00089
2025-03-10T04:23:57.223819,BTCUSDT,1,1,84685.27,0.00119,97079.64,0.00085
2025-03-10T04:24:00.223256,BTCUSDT,1,1,83540.63,6.9e-05,98863.59,0.010784
2025-03-10T04:24:00.743011,BTCUSDT,1,1,83384.27,6.9e-05,99090.86,0.010784
2025-03-10T04:24:01.503135,BTCUSDT,1,1,84336.0,0.00115,95554.07,0.00115
2025-03-10T04:24:11.143450,BTCUSDT,1,1,83752.88,0.00135,95777.77,0.0011
2025-03-10T04:24:14.163148,BTCUSDT,1,1,83540.63,6.9e-05,98851.49,0.0011
2025-03-10T04:24:15.466781,BTCUSDT,1,1,84980.46,0.00122,95634.34,0.00119
2025-03-10T04:24:15.783526,BTCUSDT,1,1,85155.97,0.00135,96447.67,0.00088
2025-03-10T04:24:18.304647,BTCUSDT,1,1,83545.07,0.007349,98743.84,0.00121
2025-03-10T04:24:19.323348,BTCUSDT,1,1,83384.27,6.9e-05,98863.59,0.010784
2025-03-10T04:24:20.083211,BTCUSDT,1,1,85216.32,0.00133,95273.71,0.00114
2025-03-10T04:24:20.444033,BTCUSDT,1,1,84351.22,0.00099,96632.45,0.00084
2025-03-10T04:24:20.783518,BTCUSDT,1,1,84752.42,0.00125,96923.41,0.00087
2025-03-10T04:24:22.963458,BTCUSDT,1,1,83545.07,0.007349,98636.32,0.010784
2025-03-10T04:24:23.465475,BTCUSDT,1,1,83540.63,6.9e-05,98749.69,0.00121
2025-03-10T04:24:23.963025,BTCUSDT,1,1,83384.27,6.9e-05,98863.59,0.010784
2025-03-10T04:24:24.722686,BTCUSDT,1,1,85207.25,0.00102,95025.45,0.00109
2025-03-10T04:24:25.082900,BTCUSDT,1,1,83635.37,0.00103,96297.5,0.0011
2025-03-10T04:24:27.623809,BTCUSDT,1,1,83540.63,6.9e-05,98636.32,0.010784
2025-03-10T04:24:28.623131,BTCUSDT,1,1,83384.27,6.9e-05,98863.59,0.010784
2025-03-10T04:24:29.406119,BTCUSDT,1,1,85428.13,0.0013,96719.7,0.00114
2025-03-10T04:24:33.263557,BTCUSDT,1,1,83530.46,0.00141,99090.86,0.010784
2025-03-10T04:24:34.046075,BTCUSDT,1,1,85396.66,0.00129,95122.41,0.00109
2025-03-10T04:24:51.362940,BTCUSDT,1,1,83410.68,0.00135,98636.32,0.010784
2025-03-10T04:24:52.642940,BTCUSDT,1,1,85488.6,0.00138,95457.21,0.00085
2025-03-10T04:24:56.523625,BTCUSDT,1,1,83410.68,0.00135,98863.59,0.010784
2025-03-10T04:24:57.303093,BTCUSDT,1,1,84781.81,0.00138,94726.54,0.00087
2025-03-10T04:25:01.163329,BTCUSDT,1,1,83384.27,6.9e-05,98863.59,0.010784
2025-03-10T04:25:01.943039,BTCUSDT,1,1,84874.47,0.00118,94687.04,0.00106
2025-03-10T04:25:02.283485,BTCUSDT,1,1,84457.12,0.00133,95557.58,0.00084
2025-03-10T04:25:05.823608,BTCUSDT,1,1,83410.68,0.00135,98867.53,0.00116
2025-03-10T04:25:06.323082,BTCUSDT,1,1,83384.27,6.9e-05,99090.86,0.010784
2025-03-10T04:25:06.603705,BTCUSDT,1,1,85386.89,0.00125,94864.97,0.00092
2025-03-10T04:25:06.945978,BTCUSDT,1,1,84504.44,0.00119,95766.34,0.00121
2025-03-10T04:25:10.463018,BTCUSDT,1,1,83410.68,0.00135,99019.44,0.00084
2025-03-10T04:25:11.242819,BTCUSDT,1,1,84314.12,0.001,95231.57,0.00085
2025-03-10T04:25:15.882568,BTCUSDT,1,1,83877.8,0.00139,95317.43,0.00105
2025-03-10T04:25:16.286135,BTCUSDT,1,1,83772.54,0.00098,97126.03,0.00097
2025-03-10T04:25:19.762459,BTCUSDT,1,1,83540.63,6.9e-05,99019.44,0.00084
2025-03-10T04:25:20.276905,BTCUSDT,1,1,83410.68,0.00135,99090.86,0.010784
2025-03-10T04:25:20.542829,BTCUSDT,1,1,85446.12,0.00122,95983.04,0.00118
2025-03-10T04:25:20.882892,BTCUSDT,1,1,83813.97,0.00117,98103.55,0.00095
2025-03-10T04:25:23.062379,BTCUSDT,1,1,83540.63,6.9e-05,98863.59,0.010784
2025-03-10T04:25:24.343398,BTCUSDT,1,1,84853.05,0.00107,96656.66,0.00119
2025-03-10T04:25:30.678980,BTCUSDT,1,1,83545.07,0.007349,99011.86,0.00118
2025-03-10T04:25:31.643215,BTCUSDT,1,1,83540.63,6.9e-05,99090.86,0.010784
2025-03-10T04:25:35.742151,BTCUSDT,1,1,84274.81,0.00128,95442.86,0.00085
2025-03-10T04:25:36.082668,BTCUSDT,1,1,83837.78,0.00139,95030.61,0.00119
2025-03-10T04:25:38.242830,BTCUSDT,1,1,83540.63,6.9e-05,98863.59,0.010784
2025-03-10T04:25:39.563197,BTCUSDT,1,1,84223.55,0.00134,96451.03,0.00102
2025-03-10T04:25:42.082046,BTCUSDT,1,1,83540.63,6.9e-05,98863.59,0.010784
2025-03-10T04:25:42.583138,BTCUSDT,1,1,83384.27,6.9e-05,99045.74,0.00104
2025-03-10T04:25:43.082945,BTCUSDT,1,1,83376.16,0.00116,99090.86,0.010784
2025-03-10T04:25:43.362804,BTCUSDT,1,1,85415.29,0.00099,95444.06,0.00115
2025-03-10T04:25:43.702472,BTCUSDT,1,1,85577.36,0.00096,97190.62,0.00108
2025-03-10T04:25:46.722493,BTCUSDT,1,1,83545.07,0.007349,98893.08,0.00107
2025-03-10T04:25:47.227577,BTCUSDT,1,1,83540.63,6.9e-05,99090.86,0.010784
2025-03-10T04:25:48.002953,BTCUSDT,1,1,84894.06,0.00108,95440.89,0.00125
2025-03-10T04:25:48.342261,BTCUSDT,1,1,84974.0,0.00139,97901.08,0.00091
2025-03-10T04:25:51.523538,BTCUSDT,1,1,83540.63,6.9e-05,99090.86,0.010784
2025-03-10T04:25:51.803214,BTCUSDT,1,1,84773.17,0.00106,95404.88,0.00092
2025-03-10T04:25:55.661995,BTCUSDT,1,1,83384.27,6.9e-05,99090.86,0.010784
2025-03-10T04:25:56.445017,BTCUSDT,1,1,85476.15,0.00095,95500.09,0.00085
2025-03-10T04:25:56.803087,BTCUSDT,1,1,84017.86,0.00132,95530.25,0.00092
2025-03-10T04:25:59.822873,BTCUSDT,1,1,83540.63,6.9e-05,98636.32,0.010784
2025-03-10T04:26:00.322439,BTCUSDT,1,1,83384.27,6.9e-05,98863.59,0.010784
2025-03-10T04:26:00.823658,BTCUSDT,1,1,83376.16,0.00116,99090.86,0.010784
2025-03-10T04:26:01.104706,BTCUSDT,1,1,85102.35,0.00127,94685.15,0.00104
2025-03-10T04:26:01.443058,BTCUSDT,1,1,84990.79,0.00132,94818.18,0.00109
2025-03-10T04:26:04.122360,BTCUSDT,1,1,83384.27,6.9e-05,98863.59,0.010784
2025-03-10T04:26:05.122151,BTCUSDT,1,1,83376.16,0.00116,99318.13,0.010784
2025-03-10T04:26:05.402680,BTCUSDT,1,1,85024.85,0.00095,95286.18,0.00095
2025-03-10T04:26:05.743058,BTCUSDT,1,1,84190.77,0.00142,96555.71,0.00118
2025-03-10T04:26:06.102905,BTCUSDT,1,1,83936.23,0.00125,97847.39,0.00115
2025-03-10T04:26:10.062808,BTCUSDT,1,1,85269.97,0.0014,95042.43,0.00094
2025-03-10T04:26:13.423148,BTCUSDT,1,1,83545.07,0.007349,99102.56,0.00113
2025-03-10T04:26:13.924101,BTCUSDT,1,1,83540.63,6.9e-05,99190.76,0.00085
2025-03-10T04:26:14.683276,BTCUSDT,1,1,84146.71,0.00102,95138.45,0.00092
2025-03-10T04:26:18.223249,BTCUSDT,1,1,83540.63,6.9e-05,99190.76,0.00085
2025-03-10T04:26:18.503067,BTCUSDT,1,1,83564.62,0.00115,94740.62,0.00095
2025-03-10T04:26:21.361996,BTCUSDT,1,1,83540.63,6.9e-05,98983.29,0.00085
2025-03-10T04:26:23.142164,BTCUSDT,1,1,83995.77,0.00131,95654.97,0.00093
2025-03-10T04:26:23.502001,BTCUSDT,1,1,84196.84,0.00101,97276.24,0.00086
2025-03-10T04:26:27.023061,BTCUSDT,1,1,83540.63,6.9e-05,99090.86,0.010784
2025-03-10T04:26:27.802789,BTCUSDT,1,1,84396.24,0.00126,94807.07,0.00118
2025-03-10T04:26:30.682417,BTCUSDT,1,1,83540.63,6.9e-05,98863.59,0.010784
2025-03-10T04:26:31.682528,BTCUSDT,1,1,83384.27,6.9e-05,99090.86,0.010784
2025-03-10T04:26:32.182160,BTCUSDT,1,1,83376.16,0.00116,99190.76,0.00085
2025-03-10T04:26:32.462163,BTCUSDT,1,1,85230.84,0.00131,96043.6,0.00089
2025-03-10T04:26:32.802976,BTCUSDT,1,1,85508.23,0.00113,96992.04,0.00102
2025-03-10T04:26:36.323267,BTCUSDT,1,1,83384.27,6.9e-05,99090.86,0.010784
2025-03-10T04:26:37.101913,BTCUSDT,1,1,84222.52,0.00123,96308.89,0.00106
2025-03-10T04:26:37.802327,BTCUSDT,1,1,83643.96,0.0014,98082.75,0.00087
2025-03-10T04:26:40.482331,BTCUSDT,1,1,83540.63,6.9e-05,98993.07,0.00112
2025-03-10T04:26:41.743244,BTCUSDT,1,1,84880.67,0.00123,94931.46,0.00084
2025-03-10T04:26:42.101835,BTCUSDT,1,1,85224.09,0.00111,95113.97,0.00125
2025-03-10T04:26:45.602979,BTCUSDT,1,1,83507.17,0.00112,98863.59,0.010784
2025-03-10T04:26:46.381738,BTCUSDT,1,1,84868.86,0.00121,94736.08,0.00126
2025-03-10T04:26:46.742975,BTCUSDT,1,1,85191.83,0.001,96868.35,0.00084
2025-03-10T04:26:50.181933,BTCUSDT,1,1,83860.66,0.00128,94981.54,0.00103
2025-03-10T04:26:53.562021,BTCUSDT,1,1,83545.07,0.007349,98636.32,0.010784
2025-03-10T04:26:54.062491,BTCUSDT,1,1,83540.63,6.9e-05,98863.59,0.010784
2025-03-10T04:26:54.822581,BTCUSDT,1,1,85569.99,0.0011,94818.77,0.00097
2025-03-10T04:26:55.182361,BTCUSDT,1,1,83550.74,0.00101,94989.19,0.00093
2025-03-10T04:26:58.702396,BTCUSDT,1,1,83540.63,6.9e-05,98863.59,0.010784
2025-03-10T04:26:59.481755,BTCUSDT,1,1,83902.21,0.00139,95127.9,0.00105
2025-03-10T04:27:02.342635,BTCUSDT,1,1,83540.63,6.9e-05,98824.98,0.00083
2025-03-10T04:27:04.122093,BTCUSDT,1,1,84738.56,0.00142,95419.69,0.00098
2025-03-10T04:27:07.501689,BTCUSDT,1,1,83540.63,6.9e-05,98863.59,0.010784
2025-03-10T04:27:08.502779,BTCUSDT,1,1,83384.27,6.9e-05,99090.86,0.010784
2025-03-10T04:27:08.782749,BTCUSDT,1,1,84794.54,0.00098,95426.24,0.00096
2025-03-10T04:27:09.122475,BTCUSDT,1,1,83909.62,0.00122,96041.29,0.00119
2025-03-10T04:27:12.662092,BTCUSDT,1,1,83540.63,6.9e-05,98863.59,0.010784
2025-03-10T04:27:13.422561,BTCUSDT,1,1,84282.07,0.00129,95883.6,0.00112
2025-03-10T04:27:16.302892,BTCUSDT,1,1,83540.63,6.9e-05,98595.74,0.003042
2025-03-10T04:27:18.061627,BTCUSDT,1,1,83881.07,0.00119,95312.42,0.00111
2025-03-10T04:27:22.722636,BTCUSDT,1,1,85539.58,0.0012,94718.14,0.00104
2025-03-10T04:27:23.062180,BTCUSDT,1,1,83635.93,0.00106,97283.16,0.00095
2025-03-10T04:27:25.582041,BTCUSDT,1,1,83545.07,0.007349,98595.74,0.003042
2025-03-10T04:27:26.601744,BTCUSDT,1,1,83540.63,6.9e-05,98863.59,0.010784
2025-03-10T04:27:27.101894,BTCUSDT,1,1,83384.27,6.9e-05,99090.86,0.010784
2025-03-10T04:27:27.382334,BTCUSDT,1,1,85037.48,0.0013,95375.32,0.00117
2025-03-10T04:27:27.721889,BTCUSDT,1,1,85422.06,0.00098,96182.9,0.00086
2025-03-10T04:27:28.081978,BTCUSDT,1,1,84515.42,0.00138,96475.46,0.00114
2025-03-10T04:27:30.241525,BTCUSDT,1,1,83545.07,0.007349,98595.74,0.003042
2025-03-10T04:27:30.741671,BTCUSDT,1,1,83540.63,6.9e-05,98636.32,0.010784
2025-03-10T04:27:31.741862,BTCUSDT,1,1,83384.27,6.9e-05,99090.86,0.010784
2025-03-10T04:27:32.024446,BTCUSDT,1,1,85588.56,0.00131,95545.52,0.00086
2025-03-10T04:27:32.381889,BTCUSDT,1,1,84012.42,0.00119,94819.19,0.00116
2025-03-10T04:27:32.722614,BTCUSDT,1,1,84268.93,0.00142,97326.65,0.00107
2025-03-10T04:27:35.403049,BTCUSDT,1,1,83545.07,0.007349,98863.59,0.010784
2025-03-10T04:27:36.402122,BTCUSDT,1,1,83540.63,6.9e-05,99090.86,0.010784
2025-03-10T04:27:44.341294,BTCUSDT,1,1,83495.52,0.0011,98863.59,0.010784
2025-03-10T04:27:45.122012,BTCUSDT,1,1,84931.0,0.00131,96106.69,0.00116
2025-03-10T04:27:47.982186,BTCUSDT,1,1,83495.52,0.0011,98595.74,0.003042
2025-03-10T04:27:48.481914,BTCUSDT,1,1,83384.27,6.9e-05,98636.32,0.010784
2025-03-10T04:27:48.981888,BTCUSDT,1,1,83363.26,0.007349,98863.59,0.010784
2025-03-10T04:27:49.761624,BTCUSDT,1,1,84523.54,0.00105,95308.96,0.0011
2025-03-10T04:27:50.101084,BTCUSDT,1,1,84621.53,0.00123,94793.59,0.00114
2025-03-10T04:27:50.462225,BTCUSDT,1,1,83803.33,0.00131,98164.37,0.00101
2025-03-10T04:27:52.281888,BTCUSDT,1,1,83540.63,6.9e-05,98636.32,0.010784
2025-03-10T04:27:53.562054,BTCUSDT,1,1,84091.67,0.00122,95629.27,0.00094
2025-03-10T04:27:57.361502,BTCUSDT,1,1,83695.45,0.00103,94839.51,0.00109
2025-03-10T04:27:59.883331,BTCUSDT,1,1,83545.07,0.007349,98888.9,0.0011
2025-03-10T04:28:00.882203,BTCUSDT,1,1,83540.63,6.9e-05,99090.86,0.010784
2025-03-10T04:28:01.161901,BTCUSDT,1,1,85163.83,0.00094,95411.22,0.00106
2025-03-10T04:28:04.043363,BTCUSDT,1,1,83540.63,6.9e-05,98888.9,0.0011
2025-03-10T04:28:05.821852,BTCUSDT,1,1,84928.17,0.00108,95544.52,0.00098
2025-03-10T04:28:06.162037,BTCUSDT,1,1,85575.78,0.00111,96683.88,0.00084
2025-03-10T04:28:08.701761,BTCUSDT,1,1,83545.07,0.007349,98863.59,0.010784
2025-03-10T04:28:09.481739,BTCUSDT,1,1,83540.63,6.9e-05,98919.14,0.00091
2025-03-10T04:28:10.765310,BTCUSDT,1,1,85662.01,0.00126,95024.59,0.00114
2025-03-10T04:28:11.121859,BTCUSDT,1,1,84754.59,0.00104,96727.19,0.00089
2025-03-10T04:28:15.161569,BTCUSDT,1,1,83384.27,6.9e-05,98919.14,0.00091
2025-03-10T04:28:15.941663,BTCUSDT,1,1,84892.86,0.00103,96465.58,0.00123
2025-03-10T04:28:16.281089,BTCUSDT,1,1,84996.29,0.00104,97847.16,0.00084
2025-03-10T04:28:18.801701,BTCUSDT,1,1,83540.63,6.9e-05,98863.59,0.010784
2025-03-10T04:28:19.801958,BTCUSDT,1,1,83363.26,0.007349,99090.86,0.010784
2025-03-10T04:28:20.721084,BTCUSDT,1,1,85650.62,0.00109,96554.79,0.00086
2025-03-10T04:28:21.081861,BTCUSDT,1,1,85415.25,0.00099,97366.92,0.00117
2025-03-10T04:28:21.421564,BTCUSDT,1,1,84760.98,0.00107,97880.12,0.00104
2025-03-10T04:28:24.601753,BTCUSDT,1,1,83384.27,6.9e-05,99090.86,0.010784
2025-03-10T04:28:25.381735,BTCUSDT,1,1,85535.9,0.00123,96265.52,0.00116
2025-03-10T04:28:25.741235,BTCUSDT,1,1,84565.97,0.00134,96916.25,0.00092
2025-03-10T04:28:30.044813,BTCUSDT,1,1,84092.35,0.00136,96080.41,0.00114
2025-03-10T04:28:32.921674,BTCUSDT,1,1,83545.07,0.007349,98863.59,0.010784
2025-03-10T04:28:33.423652,BTCUSDT,1,1,83540.63,6.9e-05,99090.86,0.010784
2025-03-10T04:28:33.924680,BTCUSDT,1,1,83384.27,6.9e-05,99144.6,0.00103
2025-03-10T04:28:34.701968,BTCUSDT,1,1,85152.65,0.00135,95470.86,0.00094
2025-03-10T04:28:35.060767,BTCUSDT,1,1,84554.16,0.00118,96989.17,0.00085
2025-03-10T04:28:37.582101,BTCUSDT,1,1,83540.63,6.9e-05,98636.32,0.010784
2025-03-10T04:28:38.084150,BTCUSDT,1,1,83472.02,0.00131,98863.59,0.010784
2025-03-10T04:28:38.581238,BTCUSDT,1,1,83384.27,6.9e-05,99090.86,0.010784
2025-03-10T04:28:39.360874,BTCUSDT,1,1,85661.68,0.00133,95368.79,0.00101
2025-03-10T04:28:39.721614,BTCUSDT,1,1,85298.09,0.00105,94967.69,0.00086
2025-03-10T04:28:40.061818,BTCUSDT,1,1,84097.12,0.00118,97289.91,0.00094
2025-03-10T04:28:43.241919,BTCUSDT,1,1,83472.02,0.00131,99090.86,0.010784
2025-03-10T04:28:44.021648,BTCUSDT,1,1,84948.32,0.0011,95258.81,0.001
2025-03-10T04:28:44.381768,BTCUSDT,1,1,84826.62,0.00101,97173.66,0.00111
2025-03-10T04:28:44.721610,BTCUSDT,1,1,84628.8,0.00126,98302.75,0.0012
2025-03-10T04:28:46.901165,BTCUSDT,1,1,83540.63,6.9e-05,98863.59,0.010784
2025-03-10T04:28:48.681487,BTCUSDT,1,1,84552.7,0.0011,96894.9,0.00088
2025-03-10T04:28:52.561358,BTCUSDT,1,1,83540.63,6.9e-05,99144.6,0.00103
2025-03-10T04:28:53.341676,BTCUSDT,1,1,85430.32,0.00114,96196.14,0.00091
2025-03-10T04:29:00.881530,BTCUSDT,1,1,83540.63,6.9e-05,98636.32,0.010784
2025-03-10T04:29:02.681555,BTCUSDT,1,1,85047.32,0.00139,95938.47,0.00096
2025-03-10T04:29:03.021358,BTCUSDT,1,1,84300.6,0.00118,96124.32,0.00088
2025-03-10T04:29:05.200918,BTCUSDT,1,1,83540.63,6.9e-05,98863.59,0.010784
2025-03-10T04:29:05.700982,BTCUSDT,1,1,83384.27,6.9e-05,99062.42,0.00103
2025-03-10T04:29:06.481679,BTCUSDT,1,1,85613.64,0.00135,94776.42,0.00111
2025-03-10T04:29:06.841141,BTCUSDT,1,1,84645.19,0.00119,96041.88,0.00088
2025-03-10T04:29:11.161180,BTCUSDT,1,1,85510.21,0.00123,96533.74,0.0012
2025-03-10T04:29:14.181171,BTCUSDT,1,1,83540.63,6.9e-05,99090.86,0.010784
2025-03-10T04:29:14.680832,BTCUSDT,1,1,83384.27,6.9e-05,99128.56,0.00087
2025-03-10T04:29:14.960655,BTCUSDT,1,1,84144.94,0.00116,96777.93,0.0009
2025-03-10T04:29:15.321732,BTCUSDT,1,1,84200.42,0.00141,97941.99,0.00109
2025-03-10T04:29:22.661833,BTCUSDT,1,1,83384.27,6.9e-05,99090.86,0.010784
2025-03-10T04:29:23.421266,BTCUSDT,1,1,84115.19,0.00105,96236.61,0.0012
2025-03-10T04:29:23.782368,BTCUSDT,1,1,83734.79,0.00134,97254.47,0.00106
2025-03-10T04:29:28.081865,BTCUSDT,1,1,85578.47,0.00111,95128.06,0.00093
2025-03-10T04:29:28.441217,BTCUSDT,1,1,85657.87,0.00119,96148.23,0.00091
2025-03-10T04:29:32.480514,BTCUSDT,1,1,83384.27,6.9e-05,99148.42,0.00118
2025-03-10T04:29:32.761229,BTCUSDT,1,1,84853.19,0.00122,95543.87,0.0012
2025-03-10T04:29:33.121252,BTCUSDT,1,1,84914.81,0.00107,95239.32,0.00095
2025-03-10T04:29:33.482361,BTCUSDT,1,1,83830.8,0.00138,97379.58,0.00112
2025-03-10T04:29:35.661172,BTCUSDT,1,1,83726.88,0.007349,99090.86,0.010784
2025-03-10T04:29:36.162304,BTCUSDT,1,1,83545.07,0.007349,99106.82,0.00089
2025-03-10T04:29:37.440786,BTCUSDT,1,1,85283.9,0.00113,94949.21,0.0012
2025-03-10T04:29:37.780552,BTCUSDT,1,1,85652.82,0.00125,94845.79,0.00117
2025-03-10T04:29:40.821861,BTCUSDT,1,1,83540.63,6.9e-05,99090.86,0.010784
2025-03-10T04:29:42.100936,BTCUSDT,1,1,85173.03,0.00126,96199.52,0.00115
2025-03-10T04:29:42.441160,BTCUSDT,1,1,85576.17,0.00115,95869.41,0.00084
2025-03-10T04:29:45.480716,BTCUSDT,1,1,83545.07,0.007349,99090.86,0.010784
2025-03-10T04:29:46.761124,BTCUSDT,1,1,85137.9,0.00125,95094.57,0.0009
2025-03-10T04:29:49.621912,BTCUSDT,1,1,83540.63,6.9e-05,98863.59,0.010784
2025-03-10T04:29:50.140683,BTCUSDT,1,1,83398.44,0.00117,99090.86,0.010784
2025-03-10T04:29:51.421356,BTCUSDT,1,1,84241.34,0.00111,94806.97,0.00096
2025-03-10T04:29:51.761191,BTCUSDT,1,1,84267.2,0.00097,95082.04,0.00112
2025-03-10T04:29:54.281193,BTCUSDT,1,1,83540.63,6.9e-05,98636.32,0.010784
2025-03-10T04:29:55.280948,BTCUSDT,1,1,83398.44,0.00117,99090.86,0.010784
2025-03-10T04:29:56.061048,BTCUSDT,1,1,84765.37,0.00105,94911.8,0.00087
2025-03-10T04:29:56.421258,BTCUSDT,1,1,85243.16,0.00124,95849.82,0.00091
2025-03-10T04:29:56.761127,BTCUSDT,1,1,84516.05,0.00124,96623.57,0.00087
2025-03-10T04:30:00.720468,BTCUSDT,1,1,85048.85,0.0012,96215.47,0.00103
2025-03-10T04:30:04.140455,BTCUSDT,1,1,83545.07,0.007349,98636.32,0.010784
2025-03-10T04:30:04.640923,BTCUSDT,1,1,83540.63,6.9e-05,98863.59,0.010784
2025-03-10T04:30:05.421144,BTCUSDT,1,1,85615.54,0.0011,95184.37,0.00107
2025-03-10T04:30:06.120968,BTCUSDT,1,1,83638.82,0.00109,96872.93,0.00097
2025-03-10T04:30:08.800909,BTCUSDT,1,1,83545.07,0.007349,98636.32,0.010784
2025-03-10T04:30:09.300968,BTCUSDT,1,1,83540.63,6.9e-05,98863.59,0.010784
2025-03-10T04:30:10.080994,BTCUSDT,1,1,84464.72,0.00119,95108.16,0.0012
2025-03-10T04:30:13.460789,BTCUSDT,1,1,83540.63,6.9e-05,98660.21,0.00086
2025-03-10T04:30:13.962025,BTCUSDT,1,1,83488.09,0.00132,98863.59,0.010784
2025-03-10T04:30:14.742174,BTCUSDT,1,1,85166.29,0.00135,95059.93,0.00086
2025-03-10T04:30:15.101066,BTCUSDT,1,1,85136.72,0.0014,97012.38,0.00093
2025-03-10T04:30:18.621327,BTCUSDT,1,1,83540.63,6.9e-05,98863.59,0.010784
2025-03-10T04:30:22.780468,BTCUSDT,1,1,83488.09,0.00132,98670.78,0.00108
2025-03-10T04:30:24.060055,BTCUSDT,1,1,84170.17,0.00118,95186.4,0.00124
2025-03-10T04:30:26.940388,BTCUSDT,1,1,83488.09,0.00132,98660.21,0.00086
2025-03-10T04:30:27.941118,BTCUSDT,1,1,83384.27,6.9e-05,98863.59,0.010784
2025-03-10T04:30:28.720662,BTCUSDT,1,1,84817.47,0.00106,95434.24,0.00097
2025-03-10T04:30:29.068451,BTCUSDT,1,1,84584.02,0.00135,96200.06,0.00113
2025-03-10T04:30:31.601003,BTCUSDT,1,1,83488.09,0.00132,98636.32,0.010784
2025-03-10T04:30:32.601419,BTCUSDT,1,1,83384.27,6.9e-05,98863.59,0.010784
2025-03-10T04:30:33.380583,BTCUSDT,1,1,85416.06,0.00123,94969.23,0.00122
2025-03-10T04:30:33.720410,BTCUSDT,1,1,83902.62,0.00108,95496.11,0.00085
2025-03-10T04:30:34.080336,BTCUSDT,1,1,83822.76,0.00134,96055.39,0.00113
2025-03-10T04:30:36.263164,BTCUSDT,1,1,83540.63,6.9e-05,98636.32,0.010784
2025-03-10T04:30:36.760227,BTCUSDT,1,1,83488.09,0.00132,98670.78,0.00108
2025-03-10T04:30:38.041592,BTCUSDT,1,1,85035.89,0.00122,95340.82,0.00102
2025-03-10T04:30:38.380577,BTCUSDT,1,1,84702.1,0.00113,97128.45,0.00114
2025-03-10T04:30:41.421514,BTCUSDT,1,1,83540.63,6.9e-05,98636.32,0.010784
2025-03-10T04:30:41.921051,BTCUSDT,1,1,83488.09,0.00132,98863.59,0.010784
2025-03-10T04:30:42.701117,BTCUSDT,1,1,85126.13,0.00125,96466.44,0.00087
2025-03-10T04:30:43.045949,BTCUSDT,1,1,85344.55,0.00112,97175.89,0.00109
2025-03-10T04:30:45.581791,BTCUSDT,1,1,83540.63,6.9e-05,98709.36,0.00096
2025-03-10T04:30:46.581030,BTCUSDT,1,1,83488.09,0.00132,98900.98,0.00088
2025-03-10T04:30:47.360027,BTCUSDT,1,1,84987.51,0.00132,95367.96,0.00115
2025-03-10T04:30:47.720727,BTCUSDT,1,1,83862.88,0.00143,95045.84,0.00091
2025-03-10T04:30:50.240381,BTCUSDT,1,1,83540.63,6.9e-05,98636.32,0.010784
2025-03-10T04:30:51.241489,BTCUSDT,1,1,83488.09,0.00132,98863.59,0.010784
2025-03-10T04:30:52.023701,BTCUSDT,1,1,84777.48,0.00113,95489.41,0.00113
2025-03-10T04:30:55.400516,BTCUSDT,1,1,83540.63,6.9e-05,98709.36,0.00096
2025-03-10T04:30:55.900471,BTCUSDT,1,1,83488.09,0.00132,98863.59,0.010784
2025-03-10T04:30:56.660704,BTCUSDT,1,1,85139.45,0.00095,96941.05,0.00086
2025-03-10T04:30:57.020478,BTCUSDT,1,1,83924.46,0.00114,98156.3,0.00112
2025-03-10T04:30:59.201789,BTCUSDT,1,1,83540.63,6.9e-05,98709.36,0.00096
2025-03-10T04:30:59.701371,BTCUSDT,1,1,83488.09,0.00132,98863.59,0.010784
2025-03-10T04:31:00.480722,BTCUSDT,1,1,85297.65,0.00138,95476.76,0.00121
2025-03-10T04:31:00.822448,BTCUSDT,1,1,84307.37,0.00129,96037.44,0.00113
2025-03-10T04:31:01.179927,BTCUSDT,1,1,84144.86,0.0014,97232.97,0.00119
2025-03-10T04:31:03.340175,BTCUSDT,1,1,83545.07,0.007349,98636.32,0.010784
2025-03-10T04:31:09.780007,BTCUSDT,1,1,85482.21,0.00099,96913.74,0.00113
2025-03-10T04:31:10.140807,BTCUSDT,1,1,83750.74,0.00111,96961.87,0.00088
2025-03-10T04:31:12.823684,BTCUSDT,1,1,83540.63,6.9e-05,98863.59,0.010784
2025-03-10T04:31:13.580219,BTCUSDT,1,1,85445.77,0.00101,96664.78,0.00116
2025-03-10T04:31:13.939858,BTCUSDT,1,1,83565.52,0.00143,97003.12,0.00113
2025-03-10T04:31:17.460250,BTCUSDT,1,1,83545.07,0.007349,99090.86,0.010784
2025-03-10T04:31:18.241274,BTCUSDT,1,1,84227.88,0.0011,95302.48,0.00089
2025-03-10T04:31:18.600078,BTCUSDT,1,1,84635.13,0.00138,95171.32,0.00084
2025-03-10T04:31:22.920333,BTCUSDT,1,1,84591.8,0.00113,95059.61,0.00096
2025-03-10T04:31:26.300366,BTCUSDT,1,1,83545.07,0.007349,98863.59,0.010784
2025-03-10T04:31:27.580305,BTCUSDT,1,1,85337.07,0.00126,96295.44,0.00083
2025-03-10T04:31:27.920660,BTCUSDT,1,1,84005.24,0.0011,96954.56,0.00101
2025-03-10T04:31:30.459840,BTCUSDT,1,1,83545.07,0.007349,98810.02,0.00088
2025-03-10T04:31:30.960638,BTCUSDT,1,1,83540.63,6.9e-05,98863.59,0.010784
2025-03-10T04:31:31.472974,BTCUSDT,1,1,83384.27,6.9e-05,99090.86,0.010784
2025-03-10T04:31:32.244706,BTCUSDT,1,1,85440.02,0.00125,95202.19,0.00115
2025-03-10T04:31:32.580818,BTCUSDT,1,1,84520.81,0.00095,96132.75,0.0012
2025-03-10T04:31:32.939703,BTCUSDT,1,1,84133.47,0.00115,97942.68,0.00122
2025-03-10T04:31:35.620910,BTCUSDT,1,1,83545.07,0.007349,98810.02,0.00088
2025-03-10T04:31:36.120398,BTCUSDT,1,1,83540.63,6.9e-05,98863.59,0.010784
2025-03-10T04:31:36.900096,BTCUSDT,1,1,85379.25,0.00113,96005.98,0.00123
2025-03-10T04:31:37.260587,BTCUSDT,1,1,84674.5,0.00106,96335.3,0.00124
2025-03-10T04:31:39.474033,BTCUSDT,1,1,83545.07,0.007349,98810.02,0.00088
2025-03-10T04:31:39.940219,BTCUSDT,1,1,83540.63,6.9e-05,98863.59,0.010784
2025-03-10T04:31:40.721430,BTCUSDT,1,1,85310.0,0.00094,96135.62,0.00097
2025-03-10T04:31:41.061015,BTCUSDT,1,1,84426.32,0.00115,96341.73,0.00096
2025-03-10T04:31:43.240522,BTCUSDT,1,1,83545.07,0.007349,98810.02,0.00088
2025-03-10T04:31:43.739878,BTCUSDT,1,1,83540.63,6.9e-05,98863.59,0.010784
2025-03-10T04:31:44.244048,BTCUSDT,1,1,83414.99,0.0014,99090.86,0.010784
2025-03-10T04:31:44.519994,BTCUSDT,1,1,85104.75,0.00124,96068.32,0.00122
2025-03-10T04:31:44.880421,BTCUSDT,1,1,83989.63,0.00104,95963.32,0.00116
2025-03-10T04:31:47.539747,BTCUSDT,1,1,83414.99,0.0014,98863.59,0.010784
2025-03-10T04:31:48.059920,BTCUSDT,1,1,83384.27,6.9e-05,99090.86,0.010784
2025-03-10T04:31:48.321076,BTCUSDT,1,1,85136.75,0.001,96435.29,0.00124
2025-03-10T04:31:48.680157,BTCUSDT,1,1,84703.19,0.00122,98299.27,0.00117
2025-03-10T04:31:52.140137,BTCUSDT,1,1,85113.62,0.00123,96165.1,0.00101
2025-03-10T04:31:55.000199,BTCUSDT,1,1,83545.07,0.007349,98863.59,0.010784
2025-03-10T04:31:56.779862,BTCUSDT,1,1,85076.29,0.00138,96439.49,0.00103
2025-03-10T04:32:04.479445,BTCUSDT,1,1,83414.99,0.0014,98863.59,0.010784
2025-03-10T04:32:05.260242,BTCUSDT,1,1,84497.94,0.00096,95281.71,0.00087
2025-03-10T04:32:07.800948,BTCUSDT,1,1,83414.99,0.0014,98843.75,0.00115
2025-03-10T04:32:08.300897,BTCUSDT,1,1,83398.68,0.00105,98863.59,0.010784
2025-03-10T04:32:08.820994,BTCUSDT,1,1,83384.27,6.9e-05,99090.86,0.010784
2025-03-10T04:32:09.105719,BTCUSDT,1,1,84954.27,0.00103,97164.03,0.00091
2025-03-10T04:32:09.440262,BTCUSDT,1,1,84254.87,0.00095,98102.72,0.00111
2025-03-10T04:32:09.800269,BTCUSDT,1,1,84110.69,0.00119,98164.99,0.00099
2025-03-10T04:32:13.759865,BTCUSDT,1,1,85435.18,0.00116,96007.08,0.00089
2025-03-10T04:32:14.100172,BTCUSDT,1,1,85145.59,0.00125,95931.61,0.00117
2025-03-10T04:32:16.639672,BTCUSDT,1,1,83540.63,6.9e-05,98792.43,0.00114
2025-03-10T04:32:17.640304,BTCUSDT,1,1,83398.68,0.00105,98863.59,0.010784
2025-03-10T04:32:18.423510,BTCUSDT,1,1,85030.26,0.00138,94744.58,0.00097
2025-03-10T04:32:18.780363,BTCUSDT,1,1,85073.89,0.00126,96919.39,0.00118
2025-03-10T04:32:19.120089,BTCUSDT,1,1,83996.4,0.0013,96609.23,0.00087
2025-03-10T04:32:22.299531,BTCUSDT,1,1,83540.63,6.9e-05,98863.59,0.010784
2025-03-10T04:32:26.960204,BTCUSDT,1,1,83384.27,6.9e-05,99090.86,0.010784
2025-03-10T04:32:27.740212,BTCUSDT,1,1,84079.11,0.00118,97374.51,0.0012
2025-03-10T04:32:31.619955,BTCUSDT,1,1,83540.63,6.9e-05,98863.59,0.010784
2025-03-10T04:32:32.400367,BTCUSDT,1,1,84888.34,0.0012,95154.27,0.001
2025-03-10T04:32:32.739472,BTCUSDT,1,1,85118.21,0.00116,97019.24,0.0011
2025-03-10T04:32:35.280067,BTCUSDT,1,1,83545.07,0.007349,98595.74,0.003042
2025-03-10T04:32:35.779827,BTCUSDT,1,1,83540.63,6.9e-05,98636.32,0.010784
2025-03-10T04:32:36.279353,BTCUSDT,1,1,83384.27,6.9e-05,98863.59,0.010784
2025-03-10T04:32:36.779333,BTCUSDT,1,1,83363.26,0.007349,99090.86,0.010784
2025-03-10T04:32:37.059428,BTCUSDT,1,1,84983.12,0.00116,94692.21,0.00113
2025-03-10T04:32:37.400047,BTCUSDT,1,1,84334.47,0.00097,94699.05,0.00091
2025-03-10T04:32:40.941565,BTCUSDT,1,1,83540.63,6.9e-05,99090.86,0.010784
2025-03-10T04:32:42.719855,BTCUSDT,1,1,85197.07,0.00097,95162.58,0.0011
2025-03-10T04:32:43.059599,BTCUSDT,1,1,84237.17,0.00116,95475.68,0.00093
2025-03-10T04:32:46.439314,BTCUSDT,1,1,83545.07,0.007349,99071.71,0.00114
2025-03-10T04:32:47.719484,BTCUSDT,1,1,85024.56,0.00117,96962.56,0.00118
2025-03-10T04:32:48.059653,BTCUSDT,1,1,83816.49,0.001,97104.57,0.0009
2025-03-10T04:32:50.579413,BTCUSDT,1,1,83726.88,0.007349,98863.59,0.010784
2025-03-10T04:32:52.359428,BTCUSDT,1,1,85282.2,0.00121,95357.26,0.00087
2025-03-10T04:32:52.719314,BTCUSDT,1,1,84538.05,0.00102,96818.98,0.00087
2025-03-10T04:32:56.277729,BTCUSDT,1,1,83545.07,0.007349,99090.86,0.010784
2025-03-10T04:32:57.019885,BTCUSDT,1,1,85596.58,0.00127,95357.53,0.00119
2025-03-10T04:32:57.379236,BTCUSDT,1,1,83978.0,0.00134,95989.42,0.00087
2025-03-10T04:33:00.399262,BTCUSDT,1,1,83545.07,0.007349,99071.71,0.00114
2025-03-10T04:33:01.679860,BTCUSDT,1,1,84795.76,0.00132,95296.8,0.00124
2025-03-10T04:33:04.559805,BTCUSDT,1,1,83540.63,6.9e-05,98595.74,0.003042
2025-03-10T04:33:06.339754,BTCUSDT,1,1,83738.68,0.0011,94774.8,0.0011
2025-03-10T04:33:09.199381,BTCUSDT,1,1,83540.63,6.9e-05,98595.74,0.003042
2025-03-10T04:33:19.178722,BTCUSDT,1,1,83384.27,6.9e-05,99090.86,0.010784
2025-03-10T04:33:19.440536,BTCUSDT,1,1,84273.14,0.00115,94827.03,0.00089
2025-03-10T04:33:26.979226,BTCUSDT,1,1,83409.71,0.00098,98636.32,0.010784
2025-03-10T04:33:27.479560,BTCUSDT,1,1,83384.27,6.9e-05,98742.02,0.00105
2025-03-10T04:33:27.979570,BTCUSDT,1,1,83363.26,0.007349,98863.59,0.010784
2025-03-10T04:33:28.759356,BTCUSDT,1,1,85360.73,0.00125,96093.92,0.00087
2025-03-10T04:33:29.099398,BTCUSDT,1,1,85556.73,0.00136,96446.92,0.00101
2025-03-10T04:33:29.459326,BTCUSDT,1,1,83948.46,0.00115,96803.49,0.00116
2025-03-10T04:33:31.639734,BTCUSDT,1,1,83540.63,6.9e-05,98636.32,0.010784
2025-03-10T04:33:33.401628,BTCUSDT,1,1,84947.66,0.00095,96138.25,0.00104
2025-03-10T04:33:35.939380,BTCUSDT,1,1,83540.63,6.9e-05,98863.59,0.010784
2025-03-10T04:33:36.939366,BTCUSDT,1,1,83409.71,0.00098,99090.86,0.010784
2025-03-10T04:33:37.558786,BTCUSDT,1,1,85399.48,0.00134,96826.44,0.00098
2025-03-10T04:33:40.078938,BTCUSDT,1,1,83540.63,6.9e-05,98863.59,0.010784
2025-03-10T04:33:41.861754,BTCUSDT,1,1,85535.84,0.00116,94953.27,0.00087
2025-03-10T04:33:42.198757,BTCUSDT,1,1,84564.97,0.00135,95358.0,0.00097
2025-03-10T04:33:44.739641,BTCUSDT,1,1,83540.63,6.9e-05,98742.02,0.00105
2025-03-10T04:33:45.238888,BTCUSDT,1,1,83409.71,0.00098,98863.59,0.010784
2025-03-10T04:33:45.739695,BTCUSDT,1,1,83384.27,6.9e-05,99090.86,0.010784
2025-03-10T04:33:46.519681,BTCUSDT,1,1,85488.87,0.00104,95479.99,0.00122
2025-03-10T04:33:46.859410,BTCUSDT,1,1,85296.09,0.00096,95315.21,0.00085
2025-03-10T04:33:47.219618,BTCUSDT,1,1,84227.85,0.00142,96952.3,0.00088
2025-03-10T04:33:49.899624,BTCUSDT,1,1,83540.63,6.9e-05,98742.02,0.00105
2025-03-10T04:33:51.178631,BTCUSDT,1,1,85597.1,0.001,95518.82,0.00115
2025-03-10T04:33:59.719000,BTCUSDT,1,1,83540.63,6.9e-05,99090.86,0.010784
2025-03-10T04:34:00.479217,BTCUSDT,1,1,84095.83,0.00139,97194.97,0.00107
2025-03-10T04:34:00.838393,BTCUSDT,1,1,83758.39,0.00129,97667.7,0.00095
2025-03-10T04:34:03.359024,BTCUSDT,1,1,83545.07,0.007349,98636.32,0.010784
2025-03-10T04:34:03.858870,BTCUSDT,1,1,83540.63,6.9e-05,98742.02,0.00105
2025-03-10T04:34:04.858982,BTCUSDT,1,1,83384.27,6.9e-05,99090.86,0.010784
2025-03-10T04:34:05.139018,BTCUSDT,1,1,84910.42,0.00101,95569.32,0.00119
2025-03-10T04:34:05.498613,BTCUSDT,1,1,85520.07,0.00135,95306.91,0.00088
2025-03-10T04:34:08.518848,BTCUSDT,1,1,83540.63,6.9e-05,98742.02,0.00105
2025-03-10T04:34:09.019358,BTCUSDT,1,1,83384.27,6.9e-05,98863.59,0.010784
2025-03-10T04:34:09.799022,BTCUSDT,1,1,85105.14,0.0013,96425.24,0.00122
2025-03-10T04:34:10.139197,BTCUSDT,1,1,85414.05,0.00103,96084.71,0.00122
2025-03-10T04:34:12.679444,BTCUSDT,1,1,83540.63,6.9e-05,98636.32,0.010784
2025-03-10T04:34:14.439501,BTCUSDT,1,1,85171.86,0.00124,94860.45,0.00125
2025-03-10T04:34:17.319544,BTCUSDT,1,1,83540.63,6.9e-05,98636.32,0.010784
2025-03-10T04:34:17.818802,BTCUSDT,1,1,83384.27,6.9e-05,98742.02,0.00105
2025-03-10T04:34:19.098484,BTCUSDT,1,1,84894.95,0.00111,96220.88,0.00101
2025-03-10T04:34:19.440998,BTCUSDT,1,1,85316.45,0.00108,96590.8,0.00112
2025-03-10T04:34:22.119056,BTCUSDT,1,1,83540.63,6.9e-05,98863.59,0.010784
2025-03-10T04:34:22.619438,BTCUSDT,1,1,83384.27,6.9e-05,99090.86,0.010784
2025-03-10T04:34:22.898538,BTCUSDT,1,1,85140.62,0.00132,94879.44,0.00104
2025-03-10T04:34:23.239055,BTCUSDT,1,1,84101.44,0.00096,97346.88,0.00102
2025-03-10T04:34:23.599161,BTCUSDT,1,1,83842.16,0.00129,98235.89,0.00091
2025-03-10T04:34:25.759010,BTCUSDT,1,1,83726.88,0.007349,98742.02,0.00105
2025-03-10T04:34:31.058454,BTCUSDT,1,1,83545.07,0.007349,99090.86,0.010784
2025-03-10T04:34:31.338699,BTCUSDT,1,1,83813.32,0.00131,95370.8,0.00117
2025-03-10T04:34:34.358496,BTCUSDT,1,1,83545.07,0.007349,98863.59,0.010784
2025-03-10T04:34:35.139394,BTCUSDT,1,1,85075.71,0.0013,95992.3,0.00099
2025-03-10T04:34:37.659156,BTCUSDT,1,1,83545.07,0.007349,98863.59,0.010784
2025-03-10T04:34:38.158471,BTCUSDT,1,1,83540.63,6.9e-05,98910.99,0.00098
2025-03-10T04:34:38.660750,BTCUSDT,1,1,83384.27,6.9e-05,99090.86,0.010784
2025-03-10T04:34:38.939363,BTCUSDT,1,1,85361.15,0.00133,95078.44,0.00103
2025-03-10T04:34:39.278745,BTCUSDT,1,1,85398.02,0.00138,97124.0,0.00096
2025-03-10T04:34:39.638982,BTCUSDT,1,1,83692.63,0.00099,97466.26,0.00093
2025-03-10T04:34:42.318538,BTCUSDT,1,1,83545.07,0.007349,98863.59,0.010784
2025-03-10T04:34:43.319396,BTCUSDT,1,1,83540.63,6.9e-05,99090.86,0.010784
2025-03-10T04:34:43.939546,BTCUSDT,1,1,83699.85,0.00103,95407.67,0.00097
2025-03-10T04:34:46.958532,BTCUSDT,1,1,83540.63,6.9e-05,98827.45,0.00119
2025-03-10T04:34:48.241760,BTCUSDT,1,1,85591.52,0.00095,95442.79,0.00093
2025-03-10T04:34:48.598827,BTCUSDT,1,1,84921.66,0.00111,97935.05,0.00092
2025-03-10T04:34:52.118715,BTCUSDT,1,1,83545.07,0.007349,99090.86,0.010784
2025-03-10T04:34:52.898908,BTCUSDT,1,1,84913.48,0.00137,95098.85,0.00091
2025-03-10T04:34:53.258241,BTCUSDT,1,1,84532.74,0.00141,96006.34,0.0009
2025-03-10T04:34:53.599101,BTCUSDT,1,1,83723.38,0.00136,96826.09,0.00117
2025-03-10T04:34:55.779160,BTCUSDT,1,1,83699.85,0.00103,98827.45,0.00119
2025-03-10T04:34:56.278983,BTCUSDT,1,1,83545.07,0.007349,98863.59,0.010784
2025-03-10T04:34:57.559273,BTCUSDT,1,1,85423.0,0.00105,95153.53,0.00097
2025-03-10T04:34:57.919883,BTCUSDT,1,1,84867.1,0.00131,96162.3,0.00116
2025-03-10T04:35:00.098911,BTCUSDT,1,1,83545.07,0.007349,98863.59,0.010784
2025-03-10T04:35:01.378956,BTCUSDT,1,1,84498.7,0.00123,95110.05,0.00101
2025-03-10T04:35:03.898572,BTCUSDT,1,1,83545.07,0.007349,98863.59,0.010784
2025-03-10T04:35:05.178129,BTCUSDT,1,1,84892.91,0.00106,94990.97,0.00094
2025-03-10T04:35:08.998736,BTCUSDT,1,1,83770.18,0.00116,95574.8,0.00105
2025-03-10T04:35:11.518597,BTCUSDT,1,1,83545.07,0.007349,98636.32,0.010784
2025-03-10T04:35:12.023344,BTCUSDT,1,1,83540.63,6.9e-05,98863.59,0.010784
2025-03-10T04:35:12.518636,BTCUSDT,1,1,83384.27,6.9e-05,99090.86,0.010784
2025-03-10T04:35:12.798725,BTCUSDT,1,1,85381.52,0.0014,95572.97,0.00102
2025-03-10T04:35:13.138667,BTCUSDT,1,1,85004.31,0.00109,96565.94,0.00117
2025-03-10T04:35:13.498907,BTCUSDT,1,1,83588.26,0.00108,97486.91,0.00096
2025-03-10T04:35:16.318971,BTCUSDT,1,1,83545.07,0.007349,99090.86,0.010784
2025-03-10T04:35:16.598425,BTCUSDT,1,1,83573.74,0.00121,95725.67,0.00108
2025-03-10T04:35:19.618463,BTCUSDT,1,1,83545.07,0.007349,98863.59,0.010784
2025-03-10T04:35:20.398497,BTCUSDT,1,1,85557.42,0.0014,94712.38,0.00122
2025-03-10T04:35:26.718358,BTCUSDT,1,1,83540.63,6.9e-05,98801.84,0.00107
2025-03-10T04:35:27.998973,BTCUSDT,1,1,85291.57,0.00129,94731.67,0.00109
2025-03-10T04:35:30.518632,BTCUSDT,1,1,83540.63,6.9e-05,98636.32,0.010784
2025-03-10T04:35:31.537865,BTCUSDT,1,1,83384.27,6.9e-05,99090.86,0.010784
2025-03-10T04:35:31.798732,BTCUSDT,1,1,85565.49,0.0014,96246.24,0.00111
2025-03-10T04:35:32.160523,BTCUSDT,1,1,84364.37,0.00118,95745.0,0.00108
2025-03-10T04:35:34.318735,BTCUSDT,1,1,83540.63,6.9e-05,98636.32,0.010784
2025-03-10T04:35:34.819060,BTCUSDT,1,1,83384.27,6.9e-05,98863.59,0.010784
2025-03-10T04:35:35.318943,BTCUSDT,1,1,83363.26,0.007349,99090.86,0.010784
2025-03-10T04:35:35.599095,BTCUSDT,1,1,85372.16,0.00099,95300.81,0.00112
2025-03-10T04:35:35.958487,BTCUSDT,1,1,85592.57,0.00111,95389.27,0.00108
2025-03-10T04:35:36.298225,BTCUSDT,1,1,84028.68,0.00124,97044.61,0.00103
2025-03-10T04:35:38.478076,BTCUSDT,1,1,83545.07,0.007349,98636.32,0.010784
2025-03-10T04:35:38.978760,BTCUSDT,1,1,83540.63,6.9e-05,98863.59,0.010784
2025-03-10T04:35:40.263781,BTCUSDT,1,1,85624.63,0.00124,95184.09,0.00126
2025-03-10T04:35:40.618313,BTCUSDT,1,1,85019.41,0.00141,95695.09,0.00089
2025-03-10T04:35:43.638251,BTCUSDT,1,1,83540.63,6.9e-05,98863.59,0.010784
2025-03-10T04:35:44.918272,BTCUSDT,1,1,84556.55,0.00116,97340.1,0.00115
2025-03-10T04:35:45.278213,BTCUSDT,1,1,83787.29,0.00115,97079.81,0.00117
2025-03-10T04:35:47.459313,BTCUSDT,1,1,83545.07,0.007349,98636.32,0.010784
2025-03-10T04:35:48.458319,BTCUSDT,1,1,83540.63,6.9e-05,99090.86,0.010784
2025-03-10T04:35:56.397707,BTCUSDT,1,1,83384.27,6.9e-05,99190.22,0.00117
2025-03-10T04:35:56.409417,BTCUSDT,1,1,84337.35,0.00118,94835.3,0.00111
2025-03-10T04:36:05.159294,BTCUSDT,1,1,83764.13,0.00126,98462.56,0.00088
2025-03-10T04:36:07.838203,BTCUSDT,1,1,83540.63,6.9e-05,99009.28,0.00104
2025-03-10T04:36:08.337998,BTCUSDT,1,1,83488.85,0.00135,99090.86,0.010784
2025-03-10T04:36:08.617944,BTCUSDT,1,1,85301.89,0.00131,97984.35,0.00088
2025-03-10T04:36:08.960035,BTCUSDT,1,1,84121.7,0.00098,97967.09,0.00095
2025-03-10T04:36:11.478554,BTCUSDT,1,1,83540.63,6.9e-05,98761.18,0.00083
2025-03-10T04:36:11.978587,BTCUSDT,1,1,83488.85,0.00135,98829.85,0.00092
2025-03-10T04:36:12.478297,BTCUSDT,1,1,83384.27,6.9e-05,98863.59,0.010784
2025-03-10T04:36:13.258710,BTCUSDT,1,1,83911.8,0.00126,95106.98,0.00123
2025-03-10T04:36:13.619919,BTCUSDT,1,1,84193.31,0.00115,96130.67,0.0012
2025-03-10T04:36:13.958607,BTCUSDT,1,1,83695.62,0.00143,98069.8,0.00103
2025-03-10T04:36:16.638396,BTCUSDT,1,1,83488.85,0.00135,98863.59,0.010784
2025-03-10T04:36:17.138449,BTCUSDT,1,1,83384.27,6.9e-05,98977.85,0.00085
2025-03-10T04:36:17.918736,BTCUSDT,1,1,84800.92,0.00119,95390.28,0.00094
2025-03-10T04:36:18.258227,BTCUSDT,1,1,84688.03,0.0014,96840.98,0.00099
2025-03-10T04:36:20.778085,BTCUSDT,1,1,83540.63,6.9e-05,98753.14,0.00112
2025-03-10T04:36:22.557690,BTCUSDT,1,1,85536.78,0.0012,96000.71,0.00093
2025-03-10T04:36:26.444369,BTCUSDT,1,1,83540.63,6.9e-05,98863.59,0.010784
2025-03-10T04:36:30.737875,BTCUSDT,1,1,83384.27,6.9e-05,99090.86,0.010784
2025-03-10T04:36:31.018766,BTCUSDT,1,1,84746.87,0.00113,95313.45,0.00099
2025-03-10T04:36:34.041858,BTCUSDT,1,1,83384.27,6.9e-05,98863.59,0.010784
2025-03-10T04:36:34.818742,BTCUSDT,1,1,85577.7,0.00113,95211.15,0.00092
2025-03-10T04:36:35.177877,BTCUSDT,1,1,85111.13,0.00135,97226.81,0.00106
2025-03-10T04:36:37.868906,BTCUSDT,1,1,83384.27,6.9e-05,98863.59,0.010784
2025-03-10T04:36:38.280175,BTCUSDT,1,1,90149.89,6.1e-05,90200.0,0.003957
2025-03-10T04:36:38.338838,BTCUSDT,1,1,83363.26,0.007349,99090.86,0.010784
2025-03-10T04:36:38.618574,BTCUSDT,1,1,85488.45,0.00112,97445.21,0.00111
2025-03-10T04:36:38.978560,BTCUSDT,1,1,85398.49,0.00098,98543.33,0.00082
2025-03-10T04:36:41.157666,BTCUSDT,1,1,83540.63,6.9e-05,98813.06,0.00118
2025-03-10T04:36:42.422855,BTCUSDT,1,1,84859.88,0.00127,94791.21,0.00093
2025-03-10T04:36:45.298938,BTCUSDT,1,1,83540.63,6.9e-05,98636.32,0.010784
2025-03-10T04:36:45.798155,BTCUSDT,1,1,83384.27,6.9e-05,98813.06,0.00118
2025-03-10T04:36:46.298565,BTCUSDT,1,1,83363.26,0.007349,98863.59,0.010784
2025-03-10T04:36:47.097724,BTCUSDT,1,1,85365.71,0.00108,94798.98,0.00123
2025-03-10T04:36:47.449297,BTCUSDT,1,1,84726.98,0.00117,95269.54,0.00125
2025-03-10T04:36:47.797638,BTCUSDT,1,1,84465.82,0.00137,97235.45,0.00098
2025-03-10T04:36:49.619132,BTCUSDT,1,1,83540.63,6.9e-05,98813.06,0.00118
2025-03-10T04:36:50.897844,BTCUSDT,1,1,84833.57,0.00116,94874.77,0.00111
2025-03-10T04:36:51.237455,BTCUSDT,1,1,83694.68,0.00143,97312.67,0.001
2025-03-10T04:36:53.777753,BTCUSDT,1,1,83545.07,0.007349,98857.15,0.00104
2025-03-10T04:36:54.778097,BTCUSDT,1,1,83540.63,6.9e-05,99090.86,0.010784
2025-03-10T04:36:55.578392,BTCUSDT,1,1,85085.48,0.00127,94934.07,0.00112
2025-03-10T04:36:55.918585,BTCUSDT,1,1,85519.0,0.00121,96066.35,0.00095
2025-03-10T04:36:56.277344,BTCUSDT,1,1,83978.37,0.00102,97969.97,0.00113
2025-03-10T04:36:59.097737,BTCUSDT,1,1,83545.07,0.007349,99090.86,0.010784
2025-03-10T04:36:59.377439,BTCUSDT,1,1,84400.99,0.00129,95940.36,0.00115
2025-03-10T04:37:01.898697,BTCUSDT,1,1,83545.07,0.007349,98857.15,0.00104
2025-03-10T04:37:02.897593,BTCUSDT,1,1,83540.63,6.9e-05,99090.86,0.010784
2025-03-10T04:37:03.177950,BTCUSDT,1,1,84806.29,0.00133,95659.06,0.00111
2025-03-10T04:37:03.537720,BTCUSDT,1,1,84224.45,0.00117,97273.88,0.00096
2025-03-10T04:37:05.718243,BTCUSDT,1,1,83545.07,0.007349,98857.15,0.00104
2025-03-10T04:37:06.218369,BTCUSDT,1,1,83540.63,6.9e-05,98863.59,0.010784
2025-03-10T04:37:06.718289,BTCUSDT,1,1,83384.27,6.9e-05,99090.86,0.010784
2025-03-10T04:37:06.998904,BTCUSDT,1,1,85314.23,0.00125,95308.89,0.00119
2025-03-10T04:37:07.357275,BTCUSDT,1,1,83868.61,0.00104,96982.06,0.00086
2025-03-10T04:37:07.698115,BTCUSDT,1,1,83717.05,0.00132,97970.76,0.00083
2025-03-10T04:37:09.537531,BTCUSDT,1,1,83545.07,0.007349,98857.15,0.00104
2025-03-10T04:37:10.537691,BTCUSDT,1,1,83540.63,6.9e-05,99090.86,0.010784
2025-03-10T04:37:10.817685,BTCUSDT,1,1,84951.3,0.00131,95306.74,0.00102
2025-03-10T04:37:11.157681,BTCUSDT,1,1,84574.69,0.00097,94984.8,0.00097
2025-03-10T04:37:11.517935,BTCUSDT,1,1,84194.23,0.00097,96414.25,0.00118
2025-03-10T04:37:14.197918,BTCUSDT,1,1,83694.68,0.00143,98857.15,0.00104
2025-03-10T04:37:14.697853,BTCUSDT,1,1,83545.07,0.007349,98863.59,0.010784
2025-03-10T04:37:15.497795,BTCUSDT,1,1,85264.33,0.00101,94913.64,0.00087
2025-03-10T04:37:18.877108,BTCUSDT,1,1,83694.68,0.00143,98857.15,0.00104
2025-03-10T04:37:19.377655,BTCUSDT,1,1,83545.07,0.007349,98863.59,0.010784
2025-03-10T04:37:19.877869,BTCUSDT,1,1,83540.63,6.9e-05,99090.86,0.010784
2025-03-10T04:37:20.157293,BTCUSDT,1,1,85476.92,0.00138,95372.02,0.00092
2025-03-10T04:37:20.497869,BTCUSDT,1,1,84966.62,0.00138,94940.5,0.00098
2025-03-10T04:37:20.858478,BTCUSDT,1,1,84119.3,0.0013,96461.65,0.00111
2025-03-10T04:37:23.537432,BTCUSDT,1,1,83545.07,0.007349,98857.15,0.00104
2025-03-10T04:37:24.040322,BTCUSDT,1,1,83540.63,6.9e-05,98863.59,0.010784
2025-03-10T04:37:24.538236,BTCUSDT,1,1,83384.27,6.9e-05,99090.86,0.010784
2025-03-10T04:37:24.821120,BTCUSDT,1,1,85304.35,0.00126,95779.97,0.00108
2025-03-10T04:37:25.158093,BTCUSDT,1,1,85186.86,0.00094,96622.92,0.00103
2025-03-10T04:37:25.517921,BTCUSDT,1,1,84296.94,0.00111,97697.87,0.00121
2025-03-10T04:37:28.197875,BTCUSDT,1,1,83545.07,0.007349,98751.71,0.00104
2025-03-10T04:37:28.697478,BTCUSDT,1,1,83540.63,6.9e-05,98863.59,0.010784
2025-03-10T04:37:29.478156,BTCUSDT,1,1,85025.77,0.00115,95105.22,0.00117
2025-03-10T04:37:29.817676,BTCUSDT,1,1,83630.82,0.00103,96637.65,0.00098
2025-03-10T04:37:31.997329,BTCUSDT,1,1,83545.07,0.007349,98863.59,0.010784
2025-03-10T04:37:32.509205,BTCUSDT,1,1,83540.63,6.9e-05,98977.91,0.00118
2025-03-10T04:37:33.278380,BTCUSDT,1,1,85168.89,0.00103,97063.24,0.00107
2025-03-10T04:37:33.638227,BTCUSDT,1,1,85426.78,0.00125,97023.92,0.00113
2025-03-10T04:37:36.157550,BTCUSDT,1,1,83561.64,0.00127,98863.59,0.010784
2025-03-10T04:37:37.937270,BTCUSDT,1,1,84905.52,0.00117,95099.11,0.00094
2025-03-10T04:37:41.817531,BTCUSDT,1,1,83545.07,0.007349,98977.91,0.00118
2025-03-10T04:37:42.597726,BTCUSDT,1,1,84577.98,0.00131,95115.05,0.00113
2025-03-10T04:37:45.477635,BTCUSDT,1,1,83545.07,0.007349,98617.92,0.001
2025-03-10T04:37:45.977273,BTCUSDT,1,1,83540.63,6.9e-05,98636.32,0.010784
2025-03-10T04:37:47.258038,BTCUSDT,1,1,85491.06,0.00101,95674.55,0.00109
2025-03-10T04:37:50.137204,BTCUSDT,1,1,83541.95,0.00133,98617.92,0.001
2025-03-10T04:37:51.137651,BTCUSDT,1,1,83540.63,6.9e-05,98863.59,0.010784
2025-03-10T04:37:51.937838,BTCUSDT,1,1,85515.47,0.0014,95925.36,0.00121
2025-03-10T04:37:52.277914,BTCUSDT,1,1,84841.83,0.00108,96946.15,0.001
2025-03-10T04:37:55.797605,BTCUSDT,1,1,83540.63,6.9e-05,98863.59,0.010784
2025-03-10T04:37:56.577707,BTCUSDT,1,1,83669.71,0.00137,95300.71,0.00092
2025-03-10T04:37:59.460520,BTCUSDT,1,1,83540.63,6.9e-05,98636.32,0.010784
2025-03-10T04:37:59.957937,BTCUSDT,1,1,83530.1,0.00128,98863.59,0.010784
2025-03-10T04:38:01.237799,BTCUSDT,1,1,85532.48,0.00104,95051.75,0.00089
2025-03-10T04:38:01.577187,BTCUSDT,1,1,83865.69,0.00124,96514.17,0.00107
2025-03-10T04:38:04.266657,BTCUSDT,1,1,83540.63,6.9e-05,98911.6,0.00109
2025-03-10T04:38:08.417546,BTCUSDT,1,1,83545.07,0.007349,98911.6,0.00109
2025-03-10T04:38:08.917156,BTCUSDT,1,1,83540.63,6.9e-05,99090.86,0.010784
2025-03-10T04:38:09.697177,BTCUSDT,1,1,83731.61,0.0012,96058.41,0.00095
2025-03-10T04:38:12.577280,BTCUSDT,1,1,83540.63,6.9e-05,98863.59,0.010784
2025-03-10T04:38:14.356761,BTCUSDT,1,1,85481.44,0.00127,95127.33,0.0009
2025-03-10T04:38:14.716944,BTCUSDT,1,1,83590.55,0.001,98244.91,0.00104
2025-03-10T04:38:17.397379,BTCUSDT,1,1,83540.63,6.9e-05,98990.05,0.00104
2025-03-10T04:38:17.897828,BTCUSDT,1,1,83384.27,6.9e-05,99090.86,0.010784
2025-03-10T04:38:18.177417,BTCUSDT,1,1,84565.06,0.00107,95250.3,0.0011
2025-03-10T04:38:18.538102,BTCUSDT,1,1,84277.9,0.00136,95280.38,0.00099
2025-03-10T04:38:18.877616,BTCUSDT,1,1,83757.55,0.0013,96486.05,0.00121
2025-03-10T04:38:21.557839,BTCUSDT,1,1,83545.07,0.007349,98990.05,0.00104
2025-03-10T04:38:22.057036,BTCUSDT,1,1,83540.63,6.9e-05,99090.86,0.010784
2025-03-10T04:38:22.836730,BTCUSDT,1,1,85490.15,0.00101,95508.35,0.00105
2025-03-10T04:38:26.196927,BTCUSDT,1,1,83513.4,0.00101,98990.05,0.00104
2025-03-10T04:38:27.476696,BTCUSDT,1,1,85483.87,0.0012,96109.47,0.00101
2025-03-10T04:38:27.837662,BTCUSDT,1,1,85089.58,0.00122,97479.49,0.00117
2025-03-10T04:38:30.356954,BTCUSDT,1,1,83540.63,6.9e-05,98990.05,0.00104
2025-03-10T04:38:32.176889,BTCUSDT,1,1,85083.53,0.00115,96086.32,0.00115
2025-03-10T04:38:32.516955,BTCUSDT,1,1,84517.51,0.00126,97229.79,0.00102
2025-03-10T04:38:32.877759,BTCUSDT,1,1,84089.3,0.00102,97481.75,0.00083
2025-03-10T04:38:35.037301,BTCUSDT,1,1,83545.07,0.007349,98990.05,0.00104
2025-03-10T04:38:35.537874,BTCUSDT,1,1,83540.63,6.9e-05,99077.73,0.001
2025-03-10T04:38:36.040997,BTCUSDT,1,1,83513.4,0.00101,99090.86,0.010784
2025-03-10T04:38:36.821533,BTCUSDT,1,1,85515.22,0.0012,96499.04,0.0009
2025-03-10T04:38:37.177431,BTCUSDT,1,1,85262.26,0.00123,98040.05,0.00119
2025-03-10T04:38:37.517700,BTCUSDT,1,1,84644.52,0.00116,97960.19,0.00097
2025-03-10T04:38:40.697226,BTCUSDT,1,1,83540.63,6.9e-05,99090.86,0.010784
2025-03-10T04:38:41.476673,BTCUSDT,1,1,84626.56,0.00115,94880.48,0.00115
2025-03-10T04:38:45.356757,BTCUSDT,1,1,83540.63,6.9e-05,99090.86,0.010784
2025-03-10T04:38:46.136436,BTCUSDT,1,1,85265.7,0.00125,96137.54,0.00085
2025-03-10T04:38:46.477120,BTCUSDT,1,1,84058.69,0.00139,97987.81,0.00101
2025-03-10T04:38:49.498276,BTCUSDT,1,1,83540.63,6.9e-05,98863.59,0.010784
2025-03-10T04:38:50.777531,BTCUSDT,1,1,84558.38,0.00099,96402.48,0.00101
2025-03-10T04:38:54.668867,BTCUSDT,1,1,83384.27,6.9e-05,98863.59,0.010784
2025-03-10T04:38:59.336527,BTCUSDT,1,1,83540.63,6.9e-05,99090.86,0.010784
2025-03-10T04:39:00.117271,BTCUSDT,1,1,85055.06,0.00116,95381.86,0.0012
2025-03-10T04:39:02.976700,BTCUSDT,1,1,83540.63,6.9e-05,98863.59,0.010784
2025-03-10T04:39:04.776768,BTCUSDT,1,1,85407.81,0.00124,94800.6,0.00107
2025-03-10T04:39:05.136967,BTCUSDT,1,1,85026.24,0.00113,95578.69,0.00103
2025-03-10T04:39:07.656945,BTCUSDT,1,1,83542.85,0.00132,98863.59,0.010784
2025-03-10T04:39:08.657199,BTCUSDT,1,1,83540.63,6.9e-05,99124.04,0.00082
2025-03-10T04:39:09.437294,BTCUSDT,1,1,85579.26,0.00128,95536.84,0.00109
2025-03-10T04:39:14.097259,BTCUSDT,1,1,83699.45,0.00107,94967.88,0.00087
2025-03-10T04:39:16.977460,BTCUSDT,1,1,83542.85,0.00132,98636.32,0.010784
2025-03-10T04:39:22.639674,BTCUSDT,1,1,83540.63,6.9e-05,98863.59,0.010784
2025-03-10T04:39:23.398799,BTCUSDT,1,1,85133.73,0.00124,95025.49,0.00117
2025-03-10T04:39:27.276677,BTCUSDT,1,1,83384.27,6.9e-05,98863.59,0.010784
2025-03-10T04:39:28.056925,BTCUSDT,1,1,85523.67,0.00116,94757.11,0.00105
2025-03-10T04:39:28.396619,BTCUSDT,1,1,84069.49,0.00127,96978.82,0.00097
2025-03-10T04:39:32.697060,BTCUSDT,1,1,83982.83,0.0012,96570.39,0.00124
2025-03-10T04:39:35.576311,BTCUSDT,1,1,83540.63,6.9e-05,98636.32,0.010784
2025-03-10T04:39:36.577751,BTCUSDT,1,1,83384.27,6.9e-05,99050.72,0.0012
2025-03-10T04:39:37.356585,BTCUSDT,1,1,85180.89,0.00113,95069.16,0.00123
2025-03-10T04:39:37.717688,BTCUSDT,1,1,84997.9,0.00121,96033.96,0.00123
2025-03-10T04:39:38.058881,BTCUSDT,1,1,84131.16,0.00131,96318.95,0.00113
2025-03-10T04:39:40.248049,BTCUSDT,1,1,83542.85,0.00132,98636.32,0.010784
2025-03-10T04:39:40.736707,BTCUSDT,1,1,83540.63,6.9e-05,98863.59,0.010784
2025-03-10T04:39:41.756219,BTCUSDT,1,1,83384.27,6.9e-05,99090.86,0.010784
2025-03-10T04:39:42.016986,BTCUSDT,1,1,85101.55,0.00118,97958.81,0.00099
2025-03-10T04:39:42.376992,BTCUSDT,1,1,85235.81,0.00101,97849.01,0.00096
2025-03-10T04:39:42.716512,BTCUSDT,1,1,83805.77,0.00108,98616.44,0.00085
2025-03-10T04:39:44.556686,BTCUSDT,1,1,83542.85,0.00132,98863.59,0.010784
2025-03-10T04:39:45.556872,BTCUSDT,1,1,83540.63,6.9e-05,99090.86,0.010784
2025-03-10T04:39:45.844514,BTCUSDT,1,1,85227.16,0.00102,95050.28,0.00125
2025-03-10T04:39:48.355977,BTCUSDT,1,1,83540.63,6.9e-05,98863.59,0.010784
2025-03-10T04:39:49.356424,BTCUSDT,1,1,83442.92,0.00103,99090.86,0.010784
2025-03-10T04:39:49.637167,BTCUSDT,1,1,85344.27,0.0012,96996.05,0.00106
2025-03-10T04:39:49.976772,BTCUSDT,1,1,84869.82,0.00136,98202.28,0.00104
2025-03-10T04:39:53.016611,BTCUSDT,1,1,83540.63,6.9e-05,98863.59,0.010784
2025-03-10T04:39:53.516266,BTCUSDT,1,1,83442.92,0.00103,99090.86,0.010784
2025-03-10T04:39:54.276566,BTCUSDT,1,1,85382.14,0.00096,97068.17,0.00111
2025-03-10T04:39:54.645916,BTCUSDT,1,1,83968.23,0.00113,98233.96,0.0009
2025-03-10T04:39:58.976980,BTCUSDT,1,1,84577.77,0.00132,95888.01,0.00106
2025-03-10T04:40:03.675995,BTCUSDT,1,1,84543.71,0.00139,96065.82,0.00096
2025-03-10T04:40:07.556773,BTCUSDT,1,1,83540.63,6.9e-05,99090.86,0.010784
2025-03-10T04:40:08.056627,BTCUSDT,1,1,83384.27,6.9e-05,99158.23,0.00083
2025-03-10T04:40:08.338135,BTCUSDT,1,1,84953.14,0.00128,95434.17,0.00118
2025-03-10T04:40:09.052035,BTCUSDT,1,1,83654.58,0.00106,96304.35,0.00121
2025-03-10T04:40:12.716335,BTCUSDT,1,1,83540.63,6.9e-05,99158.23,0.00083
2025-03-10T04:40:12.996524,BTCUSDT,1,1,83978.46,0.00141,94792.57,0.00125
2025-03-10T04:40:13.355999,BTCUSDT,1,1,84093.71,0.00142,96323.0,0.00118
2025-03-10T04:40:17.656069,BTCUSDT,1,1,83704.46,0.00122,96763.15,0.00124
2025-03-10T04:40:20.695960,BTCUSDT,1,1,83545.07,0.007349,98886.92,0.00107
2025-03-10T04:40:21.477103,BTCUSDT,1,1,84944.79,0.00106,94861.03,0.00125
2025-03-10T04:40:28.996692,BTCUSDT,1,1,83545.07,0.007349,98863.59,0.010784
2025-03-10T04:40:29.495847,BTCUSDT,1,1,83540.63,6.9e-05,98886.92,0.00107
2025-03-10T04:40:29.996803,BTCUSDT,1,1,83386.24,0.00105,99090.86,0.010784
2025-03-10T04:40:30.776300,BTCUSDT,1,1,84771.01,0.00097,95225.81,0.00085
2025-03-10T04:40:31.116778,BTCUSDT,1,1,84340.88,0.00129,97366.18,0.001
2025-03-10T04:40:35.496559,BTCUSDT,1,1,85357.87,0.00128,94780.72,0.00088
2025-03-10T04:40:38.876705,BTCUSDT,1,1,83540.63,6.9e-05,99090.86,0.010784
2025-03-10T04:40:40.155836,BTCUSDT,1,1,83984.65,0.00123,95074.97,0.00098
2025-03-10T04:40:40.496294,BTCUSDT,1,1,84187.83,0.0011,96453.46,0.00098
2025-03-10T04:40:40.855983,BTCUSDT,1,1,83775.15,0.00101,97091.59,0.00093
2025-03-10T04:40:43.516372,BTCUSDT,1,1,83545.07,0.007349,98940.99,0.00084
2025-03-10T04:40:44.037813,BTCUSDT,1,1,83540.63,6.9e-05,99090.86,0.010784
2025-03-10T04:40:44.796473,BTCUSDT,1,1,84982.85,0.00138,94901.18,0.00117
2025-03-10T04:40:48.175663,BTCUSDT,1,1,83384.27,6.9e-05,98863.59,0.010784
2025-03-10T04:40:49.455692,BTCUSDT,1,1,84049.53,0.00128,95277.96,0.00095
2025-03-10T04:40:50.155944,BTCUSDT,1,1,83797.41,0.00116,95805.66,0.00108
2025-03-10T04:40:53.336334,BTCUSDT,1,1,83540.63,6.9e-05,98940.99,0.00084
2025-03-10T04:40:54.116277,BTCUSDT,1,1,85199.56,0.00112,94930.87,0.00101
2025-03-10T04:40:56.976560,BTCUSDT,1,1,83540.63,6.9e-05,98636.32,0.010784
2025-03-10T04:40:58.495691,BTCUSDT,1,1,83479.12,0.0014,99090.86,0.010784
2025-03-10T04:40:58.756155,BTCUSDT,1,1,85571.74,0.00104,97118.47,0.00117
2025-03-10T04:40:59.119880,BTCUSDT,1,1,84554.29,0.00107,97663.7,0.00099
2025-03-10T04:41:02.637462,BTCUSDT,1,1,83540.63,6.9e-05,98940.99,0.00084
2025-03-10T04:41:03.416074,BTCUSDT,1,1,84105.0,0.00123,95435.83,0.0011
2025-03-10T04:41:08.096126,BTCUSDT,1,1,85139.29,0.00136,95291.64,0.001
2025-03-10T04:41:10.975512,BTCUSDT,1,1,83540.63,6.9e-05,98863.59,0.010784
2025-03-10T04:41:11.996745,BTCUSDT,1,1,83384.27,6.9e-05,99114.44,0.00112
2025-03-10T04:41:12.776105,BTCUSDT,1,1,85320.42,0.00139,95566.23,0.0011
2025-03-10T04:41:16.155531,BTCUSDT,1,1,83473.15,0.00115,98863.59,0.010784
2025-03-10T04:41:16.655619,BTCUSDT,1,1,83384.27,6.9e-05,99090.86,0.010784
2025-03-10T04:41:17.436703,BTCUSDT,1,1,84131.58,0.00096,94694.79,0.0012
2025-03-10T04:41:17.796570,BTCUSDT,1,1,84501.49,0.00123,95740.9,0.00098
2025-03-10T04:41:21.336153,BTCUSDT,1,1,83473.15,0.00115,99090.86,0.010784
2025-03-10T04:41:22.116255,BTCUSDT,1,1,84664.13,0.00136,94941.93,0.00126
2025-03-10T04:41:22.455506,BTCUSDT,1,1,83772.63,0.00102,95787.52,0.00108
2025-03-10T04:41:24.996860,BTCUSDT,1,1,83540.63,6.9e-05,98636.32,0.010784
2025-03-10T04:41:26.775874,BTCUSDT,1,1,84726.47,0.00109,95196.14,0.00109
2025-03-10T04:41:29.656631,BTCUSDT,1,1,83540.63,6.9e-05,98636.32,0.010784
2025-03-10T04:41:30.155980,BTCUSDT,1,1,83384.27,6.9e-05,98863.59,0.010784
2025-03-10T04:41:31.440412,BTCUSDT,1,1,84898.39,0.00113,96797.01,0.00115
2025-03-10T04:41:31.799000,BTCUSDT,1,1,84901.16,0.00108,96809.27,0.00117
2025-03-10T04:41:32.135977,BTCUSDT,1,1,84397.37,0.00132,97392.84,0.00097
2025-03-10T04:41:34.815805,BTCUSDT,1,1,83545.07,0.007349,98863.59,0.010784
2025-03-10T04:41:36.095625,BTCUSDT,1,1,85636.05,0.00122,94930.99,0.00109
2025-03-10T04:41:40.496962,BTCUSDT,1,1,83535.95,0.00122,99158.28,0.00094
2025-03-10T04:41:40.756190,BTCUSDT,1,1,85101.29,0.00094,95091.46,0.00093
2025-03-10T04:41:41.116770,BTCUSDT,1,1,84426.14,0.00119,98236.74,0.00105
2025-03-10T04:41:45.456099,BTCUSDT,1,1,85274.51,0.00119,97367.93,0.00092
2025-03-10T04:41:45.797114,BTCUSDT,1,1,84137.64,0.00132,98108.23,0.00118
2025-03-10T04:41:50.096182,BTCUSDT,1,1,85509.46,0.0014,96210.0,0.00103
2025-03-10T04:41:57.655626,BTCUSDT,1,1,83540.63,6.9e-05,98722.14,0.00108
2025-03-10T04:41:58.176188,BTCUSDT,1,1,83507.59,0.00101,98863.59,0.010784
2025-03-10T04:41:58.675238,BTCUSDT,1,1,83384.27,6.9e-05,99090.86,0.010784
2025-03-10T04:41:59.463939,BTCUSDT,1,1,84851.14,0.00131,95066.68,0.00101
2025-03-10T04:41:59.795208,BTCUSDT,1,1,83863.28,0.00126,94963.51,0.00089
2025-03-10T04:42:04.095815,BTCUSDT,1,1,84761.31,0.00113,95162.15,0.00119
2025-03-10T04:42:07.995663,BTCUSDT,1,1,83507.59,0.00101,98863.59,0.010784
2025-03-10T04:42:08.775535,BTCUSDT,1,1,85001.06,0.00125,94912.87,0.00097
2025-03-10T04:42:13.456135,BTCUSDT,1,1,85651.47,0.00116,94713.25,0.00114
2025-03-10T04:42:17.335258,BTCUSDT,1,1,83507.59,0.00101,98863.59,0.010784
2025-03-10T04:42:18.116036,BTCUSDT,1,1,84903.04,0.001,95461.37,0.00111
2025-03-10T04:42:18.456165,BTCUSDT,1,1,85331.01,0.00109,95649.67,0.00087
2025-03-10T04:42:21.516074,BTCUSDT,1,1,83507.59,0.00101,98772.6,0.00081
2025-03-10T04:42:22.016278,BTCUSDT,1,1,83481.4,0.00143,98863.59,0.010784
2025-03-10T04:42:22.774992,BTCUSDT,1,1,85164.23,0.00099,95478.5,0.00113
2025-03-10T04:42:23.135206,BTCUSDT,1,1,85173.05,0.00131,95505.29,0.00084
2025-03-10T04:42:25.674935,BTCUSDT,1,1,83540.63,6.9e-05,98772.6,0.00081
2025-03-10T04:42:26.681018,BTCUSDT,1,1,83481.4,0.00143,99090.86,0.010784
2025-03-10T04:42:27.461257,BTCUSDT,1,1,84667.3,0.00114,97034.87,0.0012
2025-03-10T04:42:27.795627,BTCUSDT,1,1,84599.54,0.00119,96990.79,0.00104
2025-03-10T04:42:30.836644,BTCUSDT,1,1,83540.63,6.9e-05,98863.59,0.010784
2025-03-10T04:42:41.435298,BTCUSDT,1,1,85178.94,0.00121,95347.78,0.00102
2025-03-10T04:42:41.795763,BTCUSDT,1,1,85193.45,0.00114,96056.47,0.00088
2025-03-10T04:42:44.315648,BTCUSDT,1,1,83540.63,6.9e-05,98772.6,0.00081
2025-03-10T04:42:44.817986,BTCUSDT,1,1,83539.29,0.00103,98863.59,0.010784
2025-03-10T04:42:46.095737,BTCUSDT,1,1,83949.38,0.00133,95363.44,0.00113
2025-03-10T04:42:46.455463,BTCUSDT,1,1,83699.68,0.00114,96139.93,0.00095
2025-03-10T04:42:49.635944,BTCUSDT,1,1,83540.63,6.9e-05,99090.86,0.010784
2025-03-10T04:42:49.915677,BTCUSDT,1,1,85317.63,0.00137,95349.89,0.00124
2025-03-10T04:42:50.255457,BTCUSDT,1,1,85556.14,0.00132,97324.69,0.00101
2025-03-10T04:42:53.735245,BTCUSDT,1,1,83638.44,0.00129,95438.74,0.00089
2025-03-10T04:42:57.135316,BTCUSDT,1,1,83540.63,6.9e-05,98865.9,0.0011
2025-03-10T04:42:57.635123,BTCUSDT,1,1,83384.27,6.9e-05,98984.3,0.00121
2025-03-10T04:42:58.417506,BTCUSDT,1,1,85304.1,0.00111,94856.82,0.00086
2025-03-10T04:42:58.755366,BTCUSDT,1,1,85215.64,0.0014,96631.57,0.00115
2025-03-10T04:43:02.295296,BTCUSDT,1,1,83540.63,6.9e-05,98984.3,0.00121
2025-03-10T04:43:03.074776,BTCUSDT,1,1,84700.31,0.00115,95188.58,0.00123
2025-03-10T04:43:06.454737,BTCUSDT,1,1,83540.63,6.9e-05,98863.59,0.010784
2025-03-10T04:43:07.456438,BTCUSDT,1,1,83384.27,6.9e-05,99090.86,0.010784
2025-03-10T04:43:07.734702,BTCUSDT,1,1,84195.39,0.00132,95171.3,0.00093
2025-03-10T04:43:08.076061,BTCUSDT,1,1,83583.54,0.00111,95367.65,0.00091
2025-03-10T04:43:08.435631,BTCUSDT,1,1,83779.34,0.00132,97206.78,0.00102
2025-03-10T04:43:10.594998,BTCUSDT,1,1,83545.07,0.007349,98636.32,0.010784
2025-03-10T04:43:11.116200,BTCUSDT,1,1,83540.63,6.9e-05,98863.59,0.010784
2025-03-10T04:43:12.395271,BTCUSDT,1,1,85254.44,0.00119,95415.15,0.00111
2025-03-10T04:43:12.735590,BTCUSDT,1,1,84504.34,0.00122,96352.99,0.00111
2025-03-10T04:43:15.754892,BTCUSDT,1,1,83545.07,0.007349,98863.59,0.010784
2025-03-10T04:43:17.120651,BTCUSDT,1,1,85494.26,0.00135,94782.6,0.00112
2025-03-10T04:43:20.415038,BTCUSDT,1,1,83545.07,0.007349,98863.59,0.010784
2025-03-10T04:43:21.695434,BTCUSDT,1,1,84700.68,0.00136,94985.87,0.00117
2025-03-10T04:43:24.574636,BTCUSDT,1,1,83545.07,0.007349,98863.59,0.010784
2025-03-10T04:43:25.575631,BTCUSDT,1,1,83540.63,6.9e-05,99090.86,0.010784
2025-03-10T04:43:26.354704,BTCUSDT,1,1,84883.67,0.00117,96202.08,0.00089
2025-03-10T04:43:28.874899,BTCUSDT,1,1,83545.07,0.007349,98870.83,0.00101
2025-03-10T04:43:29.876497,BTCUSDT,1,1,83540.63,6.9e-05,99090.86,0.010784
2025-03-10T04:43:30.154595,BTCUSDT,1,1,85317.67,0.00107,94711.67,0.00086
2025-03-10T04:43:30.515160,BTCUSDT,1,1,84281.22,0.0013,95896.09,0.00117
2025-03-10T04:43:33.037626,BTCUSDT,1,1,83545.07,0.007349,98863.59,0.010784
2025-03-10T04:43:38.195298,BTCUSDT,1,1,83540.63,6.9e-05,98863.59,0.010784
2025-03-10T04:43:38.695653,BTCUSDT,1,1,83384.27,6.9e-05,98983.34,0.00117
2025-03-10T04:43:39.458970,BTCUSDT,1,1,84842.8,0.00138,97059.65,0.00099
2025-03-10T04:43:39.815304,BTCUSDT,1,1,85215.5,0.00109,98244.43,0.00086
2025-03-10T04:43:42.334971,BTCUSDT,1,1,83540.63,6.9e-05,98863.59,0.010784
2025-03-10T04:43:42.835194,BTCUSDT,1,1,83384.27,6.9e-05,98983.34,0.00117
2025-03-10T04:43:44.114865,BTCUSDT,1,1,85623.37,0.00118,94980.69,0.00108
2025-03-10T04:43:44.474606,BTCUSDT,1,1,85291.93,0.0011,98269.85,0.00092
2025-03-10T04:43:44.816283,BTCUSDT,1,1,84043.05,0.001,98354.37,0.00112
2025-03-10T04:43:46.994833,BTCUSDT,1,1,83545.07,0.007349,98595.74,0.003042
2025-03-10T04:43:47.995918,BTCUSDT,1,1,83540.63,6.9e-05,98863.59,0.010784
2025-03-10T04:43:48.495008,BTCUSDT,1,1,83384.27,6.9e-05,99090.86,0.010784
2025-03-10T04:43:48.774519,BTCUSDT,1,1,85581.87,0.00101,94993.95,0.00113
2025-03-10T04:43:51.655432,BTCUSDT,1,1,83540.63,6.9e-05,98636.32,0.010784
2025-03-10T04:43:52.155239,BTCUSDT,1,1,83384.27,6.9e-05,98681.03,0.0009
2025-03-10T04:43:53.155382,BTCUSDT,1,1,83363.26,0.007349,99090.86,0.010784
2025-03-10T04:43:53.435264,BTCUSDT,1,1,85459.63,0.00114,97345.35,0.00117
2025-03-10T04:43:54.135119,BTCUSDT,1,1,84275.55,0.0011,98601.29,0.00112
2025-03-10T04:43:56.315953,BTCUSDT,1,1,83540.63,6.9e-05,98636.32,0.010784
2025-03-10T04:43:57.314646,BTCUSDT,1,1,83384.27,6.9e-05,99090.86,0.010784
2025-03-10T04:43:57.815488,BTCUSDT,1,1,83363.26,0.007349,99179.23,0.00113
2025-03-10T04:43:58.094732,BTCUSDT,1,1,84890.05,0.00137,96165.43,0.00119
2025-03-10T04:43:58.435369,BTCUSDT,1,1,84985.09,0.00129,97194.04,0.00106
2025-03-10T04:43:58.795286,BTCUSDT,1,1,84503.0,0.00115,98097.51,0.00108
2025-03-10T04:44:02.475377,BTCUSDT,1,1,83540.63,6.9e-05,99179.23,0.00113
2025-03-10T04:44:02.734528,BTCUSDT,1,1,84284.09,0.00105,95865.91,0.0012
2025-03-10T04:44:05.274591,BTCUSDT,1,1,83540.63,6.9e-05,98898.89,0.00097
2025-03-10T04:44:06.534380,BTCUSDT,1,1,84575.43,0.00128,96063.58,0.00096
2025-03-10T04:44:07.254225,BTCUSDT,1,1,83790.71,0.00101,98396.11,0.00086
2025-03-10T04:44:09.076528,BTCUSDT,1,1,83545.07,0.007349,98863.59,0.010784
2025-03-10T04:44:10.354739,BTCUSDT,1,1,85413.43,0.00117,94903.62,0.00105
2025-03-10T04:44:13.234724,BTCUSDT,1,1,83545.07,0.007349,98863.59,0.010784
2025-03-10T04:44:14.234488,BTCUSDT,1,1,83540.63,6.9e-05,99179.23,0.00113
2025-03-10T04:44:14.995443,BTCUSDT,1,1,83830.45,0.00114,95756.06,0.00112
2025-03-10T04:44:18.038522,BTCUSDT,1,1,83540.63,6.9e-05,99090.86,0.010784
2025-03-10T04:44:18.814354,BTCUSDT,1,1,84388.14,0.00104,95074.03,0.001
2025-03-10T04:44:21.694984,BTCUSDT,1,1,83540.63,6.9e-05,98636.32,0.010784
2025-03-10T04:44:22.714555,BTCUSDT,1,1,83384.27,6.9e-05,99090.86,0.010784
2025-03-10T04:44:23.494664,BTCUSDT,1,1,84804.76,0.00122,95260.27,0.00093
2025-03-10T04:44:23.834655,BTCUSDT,1,1,85303.13,0.00097,95159.4,0.00085
2025-03-10T04:44:24.194974,BTCUSDT,1,1,84466.21,0.00116,97128.3,0.00091
2025-03-10T04:44:26.874765,BTCUSDT,1,1,83540.63,6.9e-05,98863.59,0.010784
2025-03-10T04:44:28.154962,BTCUSDT,1,1,83926.92,0.00104,95177.05,0.00101
2025-03-10T04:44:31.696493,BTCUSDT,1,1,83384.27,6.9e-05,99090.86,0.010784
2025-03-10T04:44:31.954412,BTCUSDT,1,1,85427.24,0.00128,95336.82,0.00089
2025-03-10T04:44:32.314986,BTCUSDT,1,1,84877.61,0.00141,97401.27,0.00095
2025-03-10T04:44:32.654465,BTCUSDT,1,1,83725.7,0.00099,97983.81,0.00095
2025-03-10T04:44:34.834919,BTCUSDT,1,1,83545.07,0.007349,98595.74,0.003042
2025-03-10T04:44:35.334500,BTCUSDT,1,1,83540.63,6.9e-05,98636.32,0.010784
2025-03-10T04:44:36.354174,BTCUSDT,1,1,83384.27,6.9e-05,99090.86,0.010784
2025-03-10T04:44:36.615087,BTCUSDT,1,1,84836.72,0.00101,95077.3,0.00098
2025-03-10T04:44:36.974462,BTCUSDT,1,1,84621.04,0.00095,96366.55,0.00113
2025-03-10T04:44:40.515009,BTCUSDT,1,1,83540.63,6.9e-05,98863.59,0.010784
2025-03-10T04:44:41.294282,BTCUSDT,1,1,83879.52,0.00121,95456.91,0.00093
2025-03-10T04:44:41.654577,BTCUSDT,1,1,84612.41,0.00116,96376.08,0.00084
2025-03-10T04:44:44.174215,BTCUSDT,1,1,83545.07,0.007349,98636.32,0.010784
2025-03-10T04:44:44.673991,BTCUSDT,1,1,83540.63,6.9e-05,98722.45,0.00093
2025-03-10T04:44:45.174392,BTCUSDT,1,1,83384.27,6.9e-05,98863.59,0.010784
2025-03-10T04:44:45.674889,BTCUSDT,1,1,83379.37,0.00136,99090.86,0.010784
2025-03-10T04:44:45.954912,BTCUSDT,1,1,85516.63,0.00138,95129.93,0.00087
2025-03-10T04:44:46.314664,BTCUSDT,1,1,84796.6,0.00134,95384.66,0.0009
2025-03-10T04:44:46.666459,BTCUSDT,1,1,83914.99,0.00135,97179.34,0.00115
2025-03-10T04:44:49.841608,BTCUSDT,1,1,83540.63,6.9e-05,98863.59,0.010784
2025-03-10T04:44:50.334908,BTCUSDT,1,1,83384.27,6.9e-05,99090.86,0.010784
2025-03-10T04:44:50.614843,BTCUSDT,1,1,85508.77,0.0012,94932.95,0.00116
2025-03-10T04:44:51.314711,BTCUSDT,1,1,83571.95,0.00099,96524.48,0.00119
2025-03-10T04:44:51.674562,BTCUSDT,1,1,83753.01,0.0012,98433.08,0.00083
2025-03-10T04:44:54.494511,BTCUSDT,1,1,83571.95,0.00099,98863.59,0.010784
2025-03-10T04:44:54.994332,BTCUSDT,1,1,83545.07,0.007349,99090.86,0.010784
2025-03-10T04:45:05.578107,BTCUSDT,50,50,90149.89,6.1e-05,90200.0,0.002574
2025-03-10T04:45:05.599030,ETHUSDT,50,26,2023.17,1722.1225,2538.86,0.57142
2025-03-10T04:45:07.535116,BTCUSDT,1,1,83545.07,0.007349,98762.19,0.00083
2025-03-10T04:45:08.033298,BTCUSDT,1,1,83540.63,6.9e-05,98863.59,0.010784
2025-03-10T04:45:08.532005,BTCUSDT,1,1,83384.27,6.9e-05,99090.86,0.010784
2025-03-10T04:45:09.311350,BTCUSDT,1,1,85323.21,0.0011,95474.11,0.001
2025-03-10T04:45:09.651961,BTCUSDT,1,1,84344.98,0.00107,96823.54,0.00093
2025-03-10T04:45:10.011647,BTCUSDT,1,1,84272.18,0.00125,98360.78,0.001
2025-03-10T04:45:13.191255,BTCUSDT,1,1,83540.63,6.9e-05,99090.86,0.010784
2025-03-10T04:45:13.970874,BTCUSDT,1,1,85035.12,0.00135,96587.55,0.00101
2025-03-10T04:45:14.331279,BTCUSDT,1,1,84916.1,0.00123,97508.07,0.00106
2025-03-10T04:45:16.851291,BTCUSDT,1,1,83545.07,0.007349,98863.59,0.010784
2025-03-10T04:45:17.851616,BTCUSDT,1,1,83540.63,6.9e-05,99090.86,0.010784
2025-03-10T04:45:18.635448,BTCUSDT,1,1,83991.9,0.0012,97480.18,0.00112
2025-03-10T04:45:18.971211,BTCUSDT,1,1,83810.18,0.00113,98395.63,0.00113
2025-03-10T04:45:22.510977,BTCUSDT,1,1,83540.63,6.9e-05,99090.86,0.010784
2025-03-10T04:45:23.292361,BTCUSDT,1,1,85525.25,0.0013,94898.82,0.00086
2025-03-10T04:45:27.151062,BTCUSDT,1,1,83540.63,6.9e-05,99090.86,0.010784
2025-03-10T04:45:27.931116,BTCUSDT,1,1,85575.14,0.00108,96168.22,0.00112
2025-03-10T04:45:31.731445,BTCUSDT,1,1,84550.8,0.00106,95891.91,0.00112
2025-03-10T04:45:36.130434,BTCUSDT,1,1,83384.27,6.9e-05,99090.86,0.010784
2025-03-10T04:45:36.391564,BTCUSDT,1,1,85241.58,0.00121,95816.32,0.00085
2025-03-10T04:45:36.751675,BTCUSDT,1,1,84114.97,0.00142,97413.72,0.00089
2025-03-10T04:45:39.271792,BTCUSDT,1,1,83540.63,6.9e-05,98595.74,0.003042
2025-03-10T04:45:39.800476,BTCUSDT,1,1,83384.27,6.9e-05,98636.32,0.010784
2025-03-10T04:45:41.071705,BTCUSDT,1,1,84490.05,0.00101,96405.83,0.00113
2025-03-10T04:45:53.410567,BTCUSDT,1,1,83473.25,0.00103,98863.59,0.010784
2025-03-10T04:45:54.190959,BTCUSDT,1,1,84803.31,0.00139,94708.81,0.0009
2025-03-10T04:45:54.531521,BTCUSDT,1,1,83709.73,0.00133,95510.66,0.00097
2025-03-10T04:45:58.070521,BTCUSDT,1,1,83540.63,6.9e-05,99090.86,0.010784
2025-03-10T04:45:58.572298,BTCUSDT,1,1,83473.25,0.00103,99318.13,0.010784
2025-03-10T04:45:59.351506,BTCUSDT,1,1,85622.66,0.00097,95074.14,0.00107
2025-03-10T04:45:59.691589,BTCUSDT,1,1,84644.54,0.0013,95300.68,0.00112
2025-03-10T04:46:03.271538,BTCUSDT,1,1,83540.63,6.9e-05,99090.86,0.010784
2025-03-10T04:46:03.530843,BTCUSDT,1,1,84822.49,0.00133,95504.38,0.00123
2025-03-10T04:46:03.891454,BTCUSDT,1,1,85370.92,0.00098,98265.59,0.00093
2025-03-10T04:46:06.071238,BTCUSDT,1,1,83545.07,0.007349,98722.78,0.00109
2025-03-10T04:46:06.570728,BTCUSDT,1,1,83540.63,6.9e-05,98863.59,0.010784
2025-03-10T04:46:07.070209,BTCUSDT,1,1,83384.27,6.9e-05,99090.86,0.010784
2025-03-10T04:46:07.350521,BTCUSDT,1,1,84889.33,0.00122,96541.7,0.00096
2025-03-10T04:46:07.691661,BTCUSDT,1,1,85523.43,0.00123,96892.09,0.00123
2025-03-10T04:46:13.691608,BTCUSDT,1,1,83545.07,0.007349,98722.78,0.00109
2025-03-10T04:46:14.691387,BTCUSDT,1,1,83540.63,6.9e-05,99090.86,0.010784
2025-03-10T04:46:14.971169,BTCUSDT,1,1,84827.2,0.00101,95245.42,0.00093
2025-03-10T04:46:15.310831,BTCUSDT,1,1,84362.13,0.0013,95144.93,0.00109
2025-03-10T04:46:17.852355,BTCUSDT,1,1,83545.07,0.007349,98722.78,0.00109
2025-03-10T04:46:18.350493,BTCUSDT,1,1,83540.63,6.9e-05,98863.59,0.010784
2025-03-10T04:46:18.850495,BTCUSDT,1,1,83384.27,6.9e-05,99090.86,0.010784
2025-03-10T04:46:19.631190,BTCUSDT,1,1,84863.04,0.001,96065.99,0.00106
2025-03-10T04:46:20.331461,BTCUSDT,1,1,83822.64,0.00103,97755.7,0.0011
2025-03-10T04:46:24.291803,BTCUSDT,1,1,85508.85,0.00122,94983.68,0.00124
2025-03-10T04:46:24.650152,BTCUSDT,1,1,84699.99,0.00105,97139.46,0.00116
2025-03-10T04:46:24.990566,BTCUSDT,1,1,83783.03,0.00115,96874.81,0.00089
2025-03-10T04:46:28.170966,BTCUSDT,1,1,83545.07,0.007349,99090.86,0.010784
2025-03-10T04:46:28.950320,BTCUSDT,1,1,84889.15,0.00107,94918.77,0.00094
2025-03-10T04:46:31.831286,BTCUSDT,1,1,83545.07,0.007349,98636.32,0.010784
2025-03-10T04:46:32.331286,BTCUSDT,1,1,83540.63,6.9e-05,98863.59,0.010784
2025-03-10T04:46:32.830601,BTCUSDT,1,1,83384.27,6.9e-05,99090.86,0.010784
2025-03-10T04:46:33.616901,BTCUSDT,1,1,85396.55,0.00118,96370.89,0.00124
2025-03-10T04:46:33.970833,BTCUSDT,1,1,85086.16,0.00102,97494.69,0.00098
2025-03-10T04:46:36.150499,BTCUSDT,1,1,83540.63,6.9e-05,98636.32,0.010784
2025-03-10T04:46:36.650888,BTCUSDT,1,1,83384.27,6.9e-05,98863.59,0.010784
2025-03-10T04:46:37.150050,BTCUSDT,1,1,83363.26,0.007349,99090.86,0.010784
2025-03-10T04:46:37.431041,BTCUSDT,1,1,84965.65,0.00127,97103.64,0.00111
2025-03-10T04:46:37.770684,BTCUSDT,1,1,83979.13,0.00119,97760.88,0.00108
2025-03-10T04:46:38.130505,BTCUSDT,1,1,84627.3,0.00105,98586.72,0.0011
2025-03-10T04:46:45.614501,BTCUSDT,1,1,83545.07,0.007349,99090.86,0.010784
2025-03-10T04:46:45.890764,BTCUSDT,1,1,84374.88,0.00131,94864.24,0.00095
2025-03-10T04:46:48.770705,BTCUSDT,1,1,83545.07,0.007349,98863.59,0.010784
2025-03-10T04:46:49.771593,BTCUSDT,1,1,83540.63,6.9e-05,99090.86,0.010784
2025-03-10T04:46:50.551150,BTCUSDT,1,1,85649.74,0.00106,95352.19,0.00095
2025-03-10T04:46:50.910565,BTCUSDT,1,1,84624.19,0.00108,95867.84,0.00096
2025-03-10T04:46:51.250696,BTCUSDT,1,1,83842.98,0.00127,95816.3,0.00085
2025-03-10T04:46:54.431001,BTCUSDT,1,1,83540.63,6.9e-05,98636.32,0.010784
2025-03-10T04:46:55.710527,BTCUSDT,1,1,84893.28,0.00112,95949.15,0.0011
2025-03-10T04:46:56.050594,BTCUSDT,1,1,84999.75,0.001,96880.49,0.00122
2025-03-10T04:46:56.410902,BTCUSDT,1,1,84121.89,0.00122,96598.34,0.00105
2025-03-10T04:46:58.591118,BTCUSDT,1,1,83726.88,0.007349,98595.74,0.003042
2025-03-10T04:46:59.090691,BTCUSDT,1,1,83592.49,0.00111,98636.32,0.010784
2025-03-10T04:46:59.590221,BTCUSDT,1,1,83540.63,6.9e-05,98863.59,0.010784
2025-03-10T04:47:00.090481,BTCUSDT,1,1,83384.27,6.9e-05,99090.86,0.010784
2025-03-10T04:47:00.370148,BTCUSDT,1,1,85058.77,0.00121,96250.82,0.00088
2025-03-10T04:47:00.710898,BTCUSDT,1,1,85617.92,0.00136,96550.08,0.00094
2025-03-10T04:47:01.075109,BTCUSDT,1,1,84639.47,0.00101,97519.36,0.00103
2025-03-10T04:47:03.750634,BTCUSDT,1,1,83592.49,0.00111,98863.59,0.010784
2025-03-10T04:47:05.068359,BTCUSDT,1,1,84975.25,0.00096,96357.8,0.00085
2025-03-10T04:47:08.910969,BTCUSDT,1,1,83545.07,0.007349,99090.86,0.010784
2025-03-10T04:47:09.690227,BTCUSDT,1,1,84263.52,0.00106,95476.92,0.00096
2025-03-10T04:47:10.032333,BTCUSDT,1,1,84514.67,0.00107,95032.21,0.00117
2025-03-10T04:47:12.551203,BTCUSDT,1,1,83545.07,0.007349,98636.32,0.010784
2025-03-10T04:47:14.349954,BTCUSDT,1,1,84208.99,0.00109,96474.26,0.00104
2025-03-10T04:47:17.230322,BTCUSDT,1,1,83545.07,0.007349,98636.32,0.010784
2025-03-10T04:47:18.750996,BTCUSDT,1,1,83384.27,6.9e-05,98863.59,0.010784
2025-03-10T04:47:19.010210,BTCUSDT,1,1,85020.94,0.00133,94916.66,0.00105
2025-03-10T04:47:21.890952,BTCUSDT,1,1,83545.07,0.007349,98863.59,0.010784
2025-03-10T04:47:22.390628,BTCUSDT,1,1,83384.27,6.9e-05,98870.59,0.00091
2025-03-10T04:47:23.670382,BTCUSDT,1,1,84836.4,0.00111,95913.19,0.00107
2025-03-10T04:47:24.031266,BTCUSDT,1,1,84749.87,0.00117,96606.61,0.00092
2025-03-10T04:47:26.210698,BTCUSDT,1,1,90174.94,0.0001,98863.59,0.010784
2025-03-10T04:47:32.240029,BTCUSDT,1,1,83545.07,0.007349,98881.4,0.00087
2025-03-10T04:47:32.730692,BTCUSDT,1,1,83545.07,0.007349,99090.86,0.010784
2025-03-10T04:47:33.011021,BTCUSDT,1,1,85139.51,0.00129,94772.44,0.001
2025-03-10T04:47:33.351319,BTCUSDT,1,1,85646.12,0.00134,96045.86,0.00094
2025-03-10T04:47:35.457173,BTCUSDT,1,1,83726.88,0.007349,90187.47,0.0001
2025-03-10T04:47:35.891464,BTCUSDT,1,1,83689.27,0.00112,98636.32,0.010784
2025-03-10T04:47:36.409880,BTCUSDT,1,1,83545.07,0.007349,98863.59,0.010784
2025-03-10T04:47:37.691002,BTCUSDT,1,1,84034.54,0.0014,95706.74,0.00122
2025-03-10T04:47:41.230023,BTCUSDT,1,1,83540.63,6.9e-05,98881.4,0.00087
2025-03-10T04:47:41.509629,BTCUSDT,1,1,84160.68,0.00102,95291.64,0.00097
2025-03-10T04:47:41.869598,BTCUSDT,1,1,83690.71,0.00097,95082.85,0.00112
2025-03-10T04:47:44.390285,BTCUSDT,1,1,83545.07,0.007349,98595.74,0.003042
2025-03-10T04:47:46.189721,BTCUSDT,1,1,84312.53,0.0012,94980.73,0.001
2025-03-10T04:47:49.061834,BTCUSDT,1,1,83545.07,0.007349,98597.07,0.00106
2025-03-10T04:47:50.829397,BTCUSDT,1,1,84091.54,0.00116,95462.9,0.00093
2025-03-10T04:47:54.250381,BTCUSDT,1,1,83545.07,0.007349,98636.32,0.010784
2025-03-10T04:47:55.590272,BTCUSDT,1,1,83900.47,0.0012,94872.84,0.00105
2025-03-10T04:48:03.471863,BTCUSDT,1,1,83545.07,0.007349,98595.74,0.003042
2025-03-10T04:48:04.491036,BTCUSDT,1,1,83540.63,6.9e-05,98636.32,0.010784
2025-03-10T04:48:05.270376,BTCUSDT,1,1,84131.9,0.0012,95722.87,0.00121
2025-03-10T04:48:08.650093,BTCUSDT,1,1,83540.63,6.9e-05,98636.32,0.010784
2025-03-10T04:48:09.149756,BTCUSDT,1,1,83384.27,6.9e-05,98863.59,0.010784
2025-03-10T04:48:09.929956,BTCUSDT,1,1,85538.19,0.00113,94751.08,0.00126
2025-03-10T04:48:10.289649,BTCUSDT,1,1,84320.34,0.0013,96287.51,0.00124
2025-03-10T04:48:13.309706,BTCUSDT,1,1,83545.07,0.007349,98636.32,0.010784
2025-03-10T04:48:13.810192,BTCUSDT,1,1,83540.63,6.9e-05,98863.59,0.010784
2025-03-10T04:48:14.590445,BTCUSDT,1,1,85437.19,0.00118,94794.94,0.0011
2025-03-10T04:48:14.950691,BTCUSDT,1,1,85666.08,0.00133,95110.95,0.00104
2025-03-10T04:48:22.289794,BTCUSDT,1,1,83545.07,0.007349,98863.59,0.010784
2025-03-10T04:48:23.069947,BTCUSDT,1,1,84185.16,0.00116,96671.52,0.00085
2025-03-10T04:48:26.449213,BTCUSDT,1,1,83701.93,0.00123,98595.74,0.003042
2025-03-10T04:48:26.950315,BTCUSDT,1,1,83553.59,0.00103,98636.32,0.010784
2025-03-10T04:48:27.189628,BTCUSDT,1,2,90179.64,0.0008,98863.59,0.010784
2025-03-10T04:48:27.471389,BTCUSDT,1,1,83553.59,0.00103,98908.83,0.00121
2025-03-10T04:48:27.729300,BTCUSDT,1,1,85404.3,0.00127,95527.63,0.00104
2025-03-10T04:48:28.089684,BTCUSDT,1,1,84718.18,0.00101,95236.11,0.00112
2025-03-10T04:48:32.470147,BTCUSDT,1,1,83540.63,6.9e-05,98863.59,0.010784
2025-03-10T04:48:32.749498,BTCUSDT,1,1,84926.17,0.00117,95904.08,0.00105
2025-03-10T04:48:36.630067,BTCUSDT,1,1,83750.0,0.015132,98863.59,0.010784
2025-03-10T04:48:37.410570,BTCUSDT,1,1,85336.35,0.00106,97212.78,0.00112
2025-03-10T04:48:37.769993,BTCUSDT,1,1,85014.61,0.00138,98362.57,0.00121
2025-03-10T04:48:40.790323,BTCUSDT,1,1,83726.88,0.007349,98636.32,0.010784
2025-03-10T04:48:42.069799,BTCUSDT,1,1,84992.47,0.00095,95462.23,0.00097
2025-03-10T04:48:42.430095,BTCUSDT,1,1,84011.94,0.0012,95258.33,0.00095
2025-03-10T04:48:44.490173,BTCUSDT,2,1,83759.83,5.7e-05,90183.56,0.0008
2025-03-10T04:48:44.610244,BTCUSDT,1,1,83726.88,0.007349,98552.88,0.00101
2025-03-10T04:48:45.890801,BTCUSDT,1,1,85243.13,0.00134,94759.56,0.00107
2025-03-10T04:48:49.269415,BTCUSDT,1,1,83545.07,0.007349,98552.88,0.00101
2025-03-10T04:48:49.771111,BTCUSDT,1,1,83540.63,6.9e-05,98595.74,0.003042
2025-03-10T04:48:50.549469,BTCUSDT,1,1,85551.47,0.00122,95263.42,0.0011
2025-03-10T04:48:50.909839,BTCUSDT,1,1,84052.6,0.00126,96485.47,0.00119
2025-03-10T04:48:54.929913,BTCUSDT,1,1,83726.88,0.007349,98636.32,0.010784
2025-03-10T04:48:55.210871,BTCUSDT,1,1,85294.74,0.0011,95565.4,0.00103
2025-03-10T04:48:58.730535,BTCUSDT,1,1,83726.88,0.007349,98636.32,0.010784
2025-03-10T04:48:59.030957,BTCUSDT,1,1,84228.25,0.00106,95249.88,0.00111
2025-03-10T04:48:59.389298,BTCUSDT,1,1,83777.02,0.00116,97461.98,0.00106
2025-03-10T04:49:00.409739,BTCUSDT,1,1,89836.74,0.000111,90181.58,0.0002
2025-03-10T04:49:01.411041,BTCUSDT,1,2,90181.6,0.0008,98431.67,0.001016
2025-03-10T04:49:02.849047,BTCUSDT,1,1,85119.01,0.00124,95037.0,0.00088
2025-03-10T04:49:03.189112,BTCUSDT,1,1,85334.9,0.0012,97832.66,0.00085
2025-03-10T04:49:06.731360,BTCUSDT,1,1,84228.25,0.00106,98636.32,0.010784
2025-03-10T04:49:07.509789,BTCUSDT,1,1,84983.89,0.00131,96121.06,0.00102
2025-03-10T04:49:16.554346,BTCUSDT,1,1,84090.5,0.007349,98636.32,0.010784
2025-03-10T04:49:16.833960,BTCUSDT,1,1,84802.95,0.00111,97168.06,0.00097
2025-03-10T04:49:18.356238,BTCUSDT,2,1,84494.62,0.000808,90182.58,0.0008
2025-03-10T04:49:19.694597,BTCUSDT,1,1,84272.31,0.007349,98431.67,0.001016
2025-03-10T04:49:21.494142,BTCUSDT,1,1,84804.97,0.00136,97309.94,0.00096
2025-03-10T04:49:24.514558,BTCUSDT,1,1,84090.5,0.007349,98595.74,0.003042
2025-03-10T04:49:25.314572,BTCUSDT,1,1,84145.03,0.00109,95362.25,0.00105
2025-03-10T04:49:39.314656,BTCUSDT,1,1,85290.32,0.00122,95011.15,0.00095
2025-03-10T04:49:40.618409,BTCUSDT,2,1,83759.83,5.7e-05,90102.07,0.000128
2025-03-10T04:49:43.195038,BTCUSDT,1,1,83726.88,0.007349,98409.05,0.010784
2025-03-10T04:49:43.954911,BTCUSDT,1,1,85214.96,0.00097,94823.15,0.00103
2025-03-10T04:49:47.195087,BTCUSDT,1,1,83726.88,0.007349,98089.67,6.8e-05
2025-03-10T04:49:47.694210,BTCUSDT,1,1,83545.07,0.007349,98121.45,0.00084
2025-03-10T04:49:48.974255,BTCUSDT,1,1,85166.41,0.00119,95231.21,0.00115
2025-03-10T04:49:49.314276,BTCUSDT,1,1,84859.2,0.00136,98094.64,0.00091
2025-03-10T04:49:51.494988,BTCUSDT,1,1,83750.0,0.015132,98121.45,0.00084
2025-03-10T04:49:51.775124,BTCUSDT,1,2,90155.88,0.0001,98121.45,0.00084
2025-03-10T04:49:52.494420,BTCUSDT,1,1,83759.83,5.7e-05,98409.05,0.010784
2025-03-10T04:49:53.273831,BTCUSDT,1,1,85285.23,0.00108,97064.56,0.00112
2025-03-10T04:49:57.154266,BTCUSDT,1,1,83759.83,5.7e-05,98409.05,0.010784
2025-03-10T04:49:57.914531,BTCUSDT,1,1,83933.59,0.00129,95697.79,0.00117
2025-03-10T04:50:02.597866,BTCUSDT,1,1,85163.17,0.00094,96078.04,0.00111
2025-03-10T04:50:05.618299,BTCUSDT,1,1,83759.83,5.7e-05,98431.67,0.001016
2025-03-10T04:50:06.394493,BTCUSDT,1,1,85493.29,0.00102,96348.78,0.00115
2025-03-10T04:50:09.773483,BTCUSDT,1,1,83759.83,5.7e-05,98409.05,0.010784
2025-03-10T04:50:11.054764,BTCUSDT,1,1,84725.91,0.00098,96351.91,0.00086
2025-03-10T04:50:11.394035,BTCUSDT,1,1,84448.64,0.00116,97167.79,0.00083
2025-03-10T04:50:15.441067,BTCUSDT,1,1,90169.25,0.0001,98595.74,0.003042
2025-03-10T04:50:15.693701,BTCUSDT,1,1,85325.95,0.00114,96197.52,0.0009
2025-03-10T04:50:16.053687,BTCUSDT,1,1,84864.05,0.00137,96636.87,0.00113
2025-03-10T04:50:20.073784,BTCUSDT,1,1,83908.69,0.007349,98431.67,0.001016
2025-03-10T04:50:20.353596,BTCUSDT,1,1,85268.27,0.00101,95929.26,0.00121
2025-03-10T04:50:24.262137,BTCUSDT,1,1,83908.69,0.007349,98431.67,0.001016
2025-03-10T04:50:24.994467,BTCUSDT,1,1,85162.9,0.00121,96309.91,0.00106
2025-03-10T04:50:25.353440,BTCUSDT,1,1,84184.58,0.00113,96840.47,0.00085
2025-03-10T04:50:29.674191,BTCUSDT,1,1,85007.47,0.00119,94863.7,0.00114
2025-03-10T04:50:30.013807,BTCUSDT,1,1,84588.8,0.00123,98042.05,0.0009
2025-03-10T04:50:33.081781,BTCUSDT,1,1,83908.69,0.007349,98409.05,0.010784
2025-03-10T04:50:33.553813,BTCUSDT,1,1,83759.83,5.7e-05,98431.67,0.001016
2025-03-10T04:50:34.333431,BTCUSDT,1,1,85652.36,0.00121,95055.01,0.0012
2025-03-10T04:50:34.674202,BTCUSDT,1,1,84517.87,0.00127,95615.3,0.0011
2025-03-10T04:50:38.214990,BTCUSDT,1,1,83759.83,5.7e-05,98409.05,0.010784
2025-03-10T04:50:39.495749,BTCUSDT,1,1,85418.3,0.00094,95229.76,0.00124
2025-03-10T04:50:39.833667,BTCUSDT,1,1,84195.57,0.00111,97325.6,0.00105
2025-03-10T04:50:44.153416,BTCUSDT,1,1,85374.43,0.00101,97271.34,0.00113
2025-03-10T04:50:47.037329,BTCUSDT,1,1,84000.0,0.00013,98409.05,0.010784
2025-03-10T04:50:47.534849,BTCUSDT,1,1,83908.69,0.007349,98431.67,0.001016
2025-03-10T04:50:48.795394,BTCUSDT,1,1,85531.26,0.00113,97768.06,0.00085
2025-03-10T04:50:49.153717,BTCUSDT,1,1,84574.08,0.00133,98281.45,0.00112
2025-03-10T04:50:51.673474,BTCUSDT,1,1,83908.69,0.007349,98409.05,0.010784
2025-03-10T04:50:52.673891,BTCUSDT,1,1,83759.83,5.7e-05,98595.74,0.003042
2025-03-10T04:50:53.453265,BTCUSDT,1,1,85454.54,0.00105,95003.9,0.0012
2025-03-10T04:50:53.814400,BTCUSDT,1,1,84654.25,0.00111,95730.13,0.00123
2025-03-10T04:50:54.153420,BTCUSDT,1,1,84731.05,0.00106,96770.93,0.0009
2025-03-10T04:50:55.974783,BTCUSDT,1,1,83908.69,0.007349,98409.05,0.010784
2025-03-10T04:50:57.256741,BTCUSDT,1,1,84825.57,0.00122,95381.46,0.00088
2025-03-10T04:50:57.615938,BTCUSDT,1,1,84264.03,0.00106,97040.4,0.00092
2025-03-10T04:51:03.953814,BTCUSDT,1,1,83908.69,0.007349,98409.05,0.010784
2025-03-10T04:51:04.454006,BTCUSDT,1,1,83759.83,5.7e-05,98431.67,0.001016
2025-03-10T04:51:05.713243,BTCUSDT,1,1,84478.26,0.00117,95977.03,0.001
2025-03-10T04:51:09.254076,BTCUSDT,1,1,83759.83,5.7e-05,98440.77,0.00108
2025-03-10T04:51:09.534811,BTCUSDT,1,1,84495.61,0.00099,95456.7,0.00094
2025-03-10T04:51:14.194024,BTCUSDT,1,1,84204.1,0.00132,95983.59,0.00107
2025-03-10T04:51:17.573961,BTCUSDT,1,1,83908.69,0.007349,98409.05,0.010784
2025-03-10T04:51:18.853240,BTCUSDT,1,1,84496.12,0.00095,96088.99,0.00103
2025-03-10T04:51:19.193071,BTCUSDT,1,1,84667.42,0.00103,96930.46,0.00083
2025-03-10T04:51:23.493191,BTCUSDT,1,1,85177.65,0.00138,95965.87,0.00118
2025-03-10T04:51:23.853345,BTCUSDT,1,1,84040.5,0.00108,96503.62,0.00112
2025-03-10T04:51:31.533821,BTCUSDT,1,1,83914.31,0.00106,98431.67,0.001016
2025-03-10T04:51:32.816229,BTCUSDT,1,1,85026.0,0.00131,95170.62,0.00117
2025-03-10T04:51:36.194075,BTCUSDT,1,1,83908.69,0.007349,98181.78,0.010784
2025-03-10T04:51:37.473692,BTCUSDT,1,1,85601.73,0.00101,94977.72,0.00101
2025-03-10T04:51:37.835626,BTCUSDT,1,1,84724.27,0.0013,95324.5,0.00089
2025-03-10T04:51:40.353567,BTCUSDT,1,1,84000.0,0.00013,98089.67,6.8e-05
2025-03-10T04:51:40.853929,BTCUSDT,1,1,83908.69,0.007349,98181.78,0.010784
2025-03-10T04:51:41.353134,BTCUSDT,1,1,83759.83,5.7e-05,98374.34,0.00104
2025-03-10T04:51:42.133468,BTCUSDT,1,1,84888.42,0.00114,94990.92,0.00095
2025-03-10T04:51:42.493582,BTCUSDT,1,1,85145.56,0.00107,95567.8,0.00099
2025-03-10T04:51:42.832838,BTCUSDT,1,1,84334.12,0.00099,96303.95,0.00124
2025-03-10T04:51:46.014202,BTCUSDT,1,1,84000.0,0.00013,98374.34,0.00104
2025-03-10T04:51:46.793658,BTCUSDT,1,1,84866.22,0.00114,95448.31,0.00086
2025-03-10T04:51:50.684098,BTCUSDT,1,1,83908.69,0.007349,98089.67,6.8e-05
2025-03-10T04:51:51.460972,BTCUSDT,1,1,85434.62,0.00102,95417.24,0.00122
2025-03-10T04:51:51.813406,BTCUSDT,1,1,84102.38,0.00132,96958.54,0.00094
2025-03-10T04:51:56.112727,BTCUSDT,1,1,85460.15,0.00099,95218.99,0.00095
2025-03-10T04:51:59.495427,BTCUSDT,1,1,84000.0,0.00013,98181.78,0.010784
2025-03-10T04:52:00.492937,BTCUSDT,1,1,83908.69,0.007349,98409.05,0.010784
2025-03-10T04:52:00.774066,BTCUSDT,1,1,85635.12,0.00105,95074.81,0.00111
2025-03-10T04:52:01.113525,BTCUSDT,1,1,84286.41,0.00106,95579.63,0.00123
2025-03-10T04:52:03.654830,BTCUSDT,1,1,83965.86,0.00101,98089.67,6.8e-05
2025-03-10T04:52:05.153193,BTCUSDT,1,1,83759.83,5.7e-05,98409.05,0.010784
2025-03-10T04:52:05.434918,BTCUSDT,1,1,84798.94,0.0011,95867.67,0.00093
2025-03-10T04:52:05.774910,BTCUSDT,1,1,85233.91,0.00104,97502.17,0.00122
2025-03-10T04:52:08.816017,BTCUSDT,1,1,83908.69,0.007349,98181.78,0.010784
2025-03-10T04:52:10.093358,BTCUSDT,1,1,85505.78,0.00111,94680.94,0.00099
2025-03-10T04:52:10.434624,BTCUSDT,1,1,84937.56,0.0012,96552.97,0.00117
2025-03-10T04:52:15.232569,BTCUSDT,1,1,85475.86,0.00115,95538.15,0.00085
2025-03-10T04:52:15.593530,BTCUSDT,1,1,84440.44,0.00102,94749.2,0.00124
2025-03-10T04:52:18.613230,BTCUSDT,1,1,84000.0,0.00013,98409.05,0.010784
2025-03-10T04:52:19.893831,BTCUSDT,1,1,85286.15,0.00126,94932.16,0.00106
2025-03-10T04:52:20.261625,BTCUSDT,1,1,84634.29,0.00118,96714.56,0.00105
2025-03-10T04:52:23.793336,BTCUSDT,1,1,84000.0,0.00013,98431.67,0.001016
2025-03-10T04:52:24.553375,BTCUSDT,1,1,85449.53,0.00138,95173.5,0.00097
2025-03-10T04:52:32.594040,BTCUSDT,1,1,83908.69,0.007349,98181.78,0.010784
2025-03-10T04:52:33.113097,BTCUSDT,1,1,83908.69,0.007349,90169.24,0.0001
2025-03-10T04:52:33.312544,BTCUSDT,1,1,90169.24,0.0008,98409.05,0.010784
2025-03-10T04:52:33.919693,BTCUSDT,1,1,85164.9,0.00113,95217.82,0.00103
2025-03-10T04:52:34.232467,BTCUSDT,1,1,84647.05,0.00102,95340.35,0.00114
2025-03-10T04:52:34.574516,BTCUSDT,1,1,84368.2,0.00104,98117.67,0.00099
2025-03-10T04:52:36.773045,BTCUSDT,1,1,84047.73,0.00109,98117.67,0.00099
2025-03-10T04:52:38.533365,BTCUSDT,1,1,85201.64,0.00136,95749.2,0.00119
2025-03-10T04:52:41.412869,BTCUSDT,1,1,84047.73,0.00109,98117.67,0.00099
2025-03-10T04:52:42.912708,BTCUSDT,1,1,84000.0,0.00013,98409.05,0.010784
2025-03-10T04:52:43.193716,BTCUSDT,1,1,85077.5,0.00132,95171.89,0.00112
2025-03-10T04:52:46.573338,BTCUSDT,1,1,84018.34,0.0014,98181.78,0.010784
2025-03-10T04:52:47.853446,BTCUSDT,1,1,84940.59,0.00124,95975.89,0.00099
2025-03-10T04:52:49.393620,BTCUSDT,1,1,90175.91,0.0002,98089.67,6.8e-05
2025-03-10T04:52:51.752866,BTCUSDT,1,1,84018.34,0.0014,98182.23,0.00095
2025-03-10T04:52:52.513076,BTCUSDT,1,1,85559.1,0.00096,96464.33,0.00097
2025-03-10T04:52:55.903609,BTCUSDT,1,1,84000.0,0.00013,98182.23,0.00095
2025-03-10T04:52:57.172629,BTCUSDT,1,1,84920.79,0.00103,94702.45,0.00093
2025-03-10T04:52:57.534814,BTCUSDT,1,1,84915.36,0.00132,95633.92,0.0012
2025-03-10T04:53:01.553356,BTCUSDT,1,1,84000.0,0.00013,98398.92,0.00091
2025-03-10T04:53:01.852663,BTCUSDT,1,1,84790.93,0.00127,95101.18,0.00108
2025-03-10T04:53:02.172372,BTCUSDT,1,1,84842.38,0.00124,96530.04,0.00108
2025-03-10T04:53:06.512449,BTCUSDT,1,1,85636.85,0.0011,95974.71,0.00088
2025-03-10T04:53:09.912958,BTCUSDT,1,1,84037.14,0.00109,98409.05,0.010784
2025-03-10T04:53:19.216109,BTCUSDT,1,1,83935.9,0.00139,98205.24,0.00097
2025-03-10T04:53:20.493684,BTCUSDT,1,1,85610.13,0.00129,94843.76,0.00111
2025-03-10T04:53:20.852378,BTCUSDT,1,1,84134.64,0.00116,95571.69,0.00089
2025-03-10T04:53:31.973273,BTCUSDT,1,1,84045.28,0.0014,98181.78,0.010784
2025-03-10T04:53:32.752292,BTCUSDT,1,1,84259.71,0.00107,95382.16,0.00087
2025-03-10T04:53:35.631944,BTCUSDT,1,1,84045.28,0.0014,98181.78,0.010784
2025-03-10T04:53:36.633045,BTCUSDT,1,1,84000.0,0.00013,98409.05,0.010784
2025-03-10T04:53:37.413224,BTCUSDT,1,1,85647.72,0.00099,95495.18,0.00103
2025-03-10T04:53:37.752572,BTCUSDT,1,1,84213.48,0.00107,95315.05,0.00118
2025-03-10T04:53:40.771957,BTCUSDT,1,1,84090.5,0.007349,98181.78,0.010784
2025-03-10T04:53:41.295463,BTCUSDT,1,1,84000.0,0.00013,98322.5,0.00086
2025-03-10T04:53:42.051973,BTCUSDT,1,1,85397.35,0.00125,96591.94,0.00085
2025-03-10T04:53:46.712396,BTCUSDT,1,1,85115.39,0.00123,95333.21,0.00106
2025-03-10T04:53:50.092334,BTCUSDT,1,1,84033.54,0.00103,98285.77,0.00088
2025-03-10T04:53:51.392962,BTCUSDT,1,1,84291.87,0.00117,96136.91,0.0009
2025-03-10T04:53:51.732756,BTCUSDT,1,1,84646.14,0.00115,96856.03,0.00123
2025-03-10T04:53:54.252662,BTCUSDT,1,1,84090.5,0.007349,98246.6,0.00088
2025-03-10T04:54:00.432573,BTCUSDT,1,1,84034.41,0.001,98431.67,0.001016
2025-03-10T04:54:00.713364,BTCUSDT,1,1,84561.45,0.00099,95426.16,0.00092
2025-03-10T04:54:01.060889,BTCUSDT,1,1,84692.57,0.00096,95733.05,0.00094
2025-03-10T04:54:04.093066,BTCUSDT,1,1,84034.41,0.001,98181.78,0.010784
2025-03-10T04:54:08.752786,BTCUSDT,1,1,84000.0,0.00013,98181.78,0.010784
2025-03-10T04:54:10.032693,BTCUSDT,1,1,84633.5,0.00098,96654.49,0.00095
2025-03-10T04:54:13.912442,BTCUSDT,1,1,84090.5,0.007349,98409.05,0.010784
2025-03-10T04:54:14.680732,BTCUSDT,1,1,85386.17,0.0013,95750.29,0.001
2025-03-10T04:54:15.032647,BTCUSDT,1,1,84659.01,0.00126,97894.95,0.00094
2025-03-10T04:54:18.575257,BTCUSDT,1,1,84090.5,0.007349,98409.05,0.010784
2025-03-10T04:54:19.356917,BTCUSDT,1,1,85352.09,0.00101,96115.77,0.00121
2025-03-10T04:54:22.732606,BTCUSDT,1,1,84000.0,0.00013,98181.78,0.010784
2025-03-10T04:54:24.013448,BTCUSDT,1,1,85000.54,0.00099,95555.1,0.00091
2025-03-10T04:54:24.372979,BTCUSDT,1,1,85319.33,0.00109,97229.0,0.00116
2025-03-10T04:54:26.891693,BTCUSDT,1,1,84090.5,0.007349,98181.78,0.010784
2025-03-10T04:54:27.392476,BTCUSDT,1,1,84000.0,0.00013,98409.05,0.010784
2025-03-10T04:54:28.672301,BTCUSDT,1,1,85422.52,0.00126,94842.2,0.00114
2025-03-10T04:54:29.062483,BTCUSDT,1,1,85135.8,0.00099,95798.01,0.00114
2025-03-10T04:54:31.193344,BTCUSDT,1,1,84090.5,0.007349,98181.78,0.010784
2025-03-10T04:54:32.492748,BTCUSDT,1,1,84937.52,0.00108,95023.47,0.00101
2025-03-10T04:54:36.382483,BTCUSDT,1,1,84000.0,0.00013,98409.1,0.00087
2025-03-10T04:54:37.131658,BTCUSDT,1,1,84941.93,0.0011,95219.1,0.00089
2025-03-10T04:54:37.493386,BTCUSDT,1,1,84508.84,0.00116,95217.37,0.00085
2025-03-10T04:54:40.013219,BTCUSDT,1,1,84090.5,0.007349,98147.82,0.00097
2025-03-10T04:54:41.811961,BTCUSDT,1,1,85225.1,0.00122,94974.65,0.00104
2025-03-10T04:54:49.853649,BTCUSDT,1,1,84090.5,0.007349,98181.78,0.010784
2025-03-10T04:54:50.366623,BTCUSDT,1,1,84000.0,0.00013,98396.65,0.00093
2025-03-10T04:54:51.126810,BTCUSDT,1,1,85412.93,0.00114,94874.96,0.00094
2025-03-10T04:54:51.488607,BTCUSDT,1,1,85661.15,0.00107,95772.35,0.00085
2025-03-10T04:54:54.506951,BTCUSDT,1,1,84090.5,0.007349,98181.78,0.010784
2025-03-10T04:54:55.526439,BTCUSDT,1,1,84000.0,0.00013,98409.05,0.010784
2025-03-10T04:54:55.787668,BTCUSDT,1,1,85457.65,0.00122,96313.17,0.00105
2025-03-10T04:54:56.146524,BTCUSDT,1,1,85425.43,0.001,96952.53,0.00093
2025-03-10T04:55:00.467194,BTCUSDT,1,1,85493.13,0.00126,96238.32,0.00119
2025-03-10T04:55:12.710951,BTCUSDT,1,1,84090.5,0.007349,98089.67,6.8e-05
2025-03-10T04:55:14.486312,BTCUSDT,1,1,84367.1,0.00105,95222.7,0.00102
2025-03-10T04:55:17.366795,BTCUSDT,1,1,84090.5,0.007349,98089.67,6.8e-05
2025-03-10T04:55:19.146669,BTCUSDT,1,1,84879.11,0.00105,94734.63,0.00099
2025-03-10T04:55:22.967386,BTCUSDT,1,1,85550.42,0.00123,94722.62,0.00111
2025-03-10T04:55:23.307804,BTCUSDT,1,1,84637.89,0.00117,98006.49,0.00096
2025-03-10T04:55:27.627114,BTCUSDT,1,1,84875.42,0.00106,96028.99,0.00109
2025-03-10T04:55:27.968028,BTCUSDT,1,1,84437.06,0.00114,96931.22,0.00113
2025-03-10T04:55:30.506632,BTCUSDT,1,1,84272.31,0.007349,98089.67,6.8e-05
2025-03-10T04:55:31.006620,BTCUSDT,1,1,84090.5,0.007349,98181.78,0.010784
2025-03-10T04:55:31.506515,BTCUSDT,1,1,84000.0,0.00013,98302.64,0.00089
2025-03-10T04:55:32.009266,BTCUSDT,1,1,83908.69,0.007349,98385.08,0.00116
2025-03-10T04:55:32.288154,BTCUSDT,1,1,85053.35,0.00125,95238.96,0.00094
2025-03-10T04:55:32.627417,BTCUSDT,1,1,85149.25,0.00136,94953.82,0.00094
2025-03-10T04:55:35.166440,BTCUSDT,1,1,84272.31,0.007349,98181.78,0.010784
2025-03-10T04:55:36.947126,BTCUSDT,1,1,84450.17,0.0011,95028.1,0.00125
2025-03-10T04:55:40.466370,BTCUSDT,1,1,84090.5,0.007349,98385.08,0.00116
2025-03-10T04:55:40.747263,BTCUSDT,1,1,85560.37,0.00127,96432.52,0.00117
2025-03-10T04:55:43.287569,BTCUSDT,1,1,84272.31,0.007349,98219.8,0.00121
2025-03-10T04:55:47.946809,BTCUSDT,1,1,84272.31,0.007349,98926.0,0.00094
2025-03-10T04:55:49.226920,BTCUSDT,1,1,85623.75,0.00107,96203.51,0.00123
2025-03-10T04:55:49.566856,BTCUSDT,1,1,84379.73,0.00106,95828.97,0.00096
2025-03-10T04:55:52.107608,BTCUSDT,1,1,84272.31,0.007349,98863.59,0.010784
2025-03-10T04:55:57.767445,BTCUSDT,1,1,84272.31,0.007349,99090.86,0.010784
2025-03-10T04:55:58.546020,BTCUSDT,1,1,85104.67,0.00117,95525.42,0.00104
2025-03-10T04:56:01.426892,BTCUSDT,1,1,84272.31,0.007349,98845.29,0.00101
2025-03-10T04:56:01.927164,BTCUSDT,1,1,84090.5,0.007349,98863.59,0.010784
2025-03-10T04:56:02.427438,BTCUSDT,1,1,84000.0,0.00013,99090.86,0.010784
2025-03-10T04:56:03.208280,BTCUSDT,1,1,85647.51,0.00106,94920.24,0.00123
2025-03-10T04:56:03.572048,BTCUSDT,1,1,85459.46,0.00122,95009.73,0.001
2025-03-10T04:56:03.907356,BTCUSDT,1,1,84479.19,0.00114,97913.83,0.00122
2025-03-10T04:56:06.087991,BTCUSDT,1,1,84272.31,0.007349,98845.29,0.00101
2025-03-10T04:56:07.866918,BTCUSDT,1,1,85028.03,0.00098,96404.54,0.00123
2025-03-10T04:56:08.257286,BTCUSDT,1,1,85554.83,0.00113,97433.56,0.00096
2025-03-10T04:56:11.267366,BTCUSDT,1,1,84272.31,0.007349,98863.59,0.010784
2025-03-10T04:56:11.766537,BTCUSDT,1,1,84090.5,0.007349,99090.86,0.010784
2025-03-10T04:56:12.546156,BTCUSDT,1,1,85671.95,0.001,95676.11,0.00111
2025-03-10T04:56:12.886567,BTCUSDT,1,1,85459.75,0.00136,97085.49,0.0009
2025-03-10T04:56:13.246008,BTCUSDT,1,1,84654.19,0.00126,97475.11,0.00103
2025-03-10T04:56:15.927394,BTCUSDT,1,1,84272.31,0.007349,98845.29,0.00101
2025-03-10T04:56:16.928252,BTCUSDT,1,1,84090.5,0.007349,99090.86,0.010784
2025-03-10T04:56:17.206582,BTCUSDT,1,1,85483.45,0.00106,96846.79,0.00123
2025-03-10T04:56:20.586216,BTCUSDT,1,1,84272.31,0.007349,99090.86,0.010784
2025-03-10T04:56:21.887022,BTCUSDT,1,1,85048.86,0.00098,96723.14,0.00083
2025-03-10T04:56:22.225907,BTCUSDT,1,1,84708.57,0.00109,98054.78,0.00117
2025-03-10T04:56:25.766389,BTCUSDT,1,1,84454.12,0.007349,99118.58,0.00114
2025-03-10T04:56:29.926491,BTCUSDT,1,1,84272.31,0.007349,99003.99,0.00117
2025-03-10T04:56:30.426728,BTCUSDT,1,1,84171.95,0.00119,99090.86,0.010784
2025-03-10T04:56:31.226562,BTCUSDT,1,1,84816.62,0.00104,96360.23,0.00102
2025-03-10T04:56:31.926472,BTCUSDT,1,1,84288.57,0.00101,96806.57,0.00107
2025-03-10T04:56:35.606260,BTCUSDT,1,1,84090.5,0.007349,99118.58,0.00114
2025-03-10T04:56:35.886776,BTCUSDT,1,1,84849.39,0.00119,96530.31,0.00108
2025-03-10T04:56:40.546337,BTCUSDT,1,1,84889.11,0.001,95416.95,0.00121
2025-03-10T04:56:44.426884,BTCUSDT,1,1,84090.5,0.007349,99090.86,0.010784
2025-03-10T04:56:45.205888,BTCUSDT,1,1,84999.83,0.00123,96030.56,0.00091
2025-03-10T04:56:53.245811,BTCUSDT,1,1,84272.31,0.007349,98636.32,0.010784
2025-03-10T04:56:54.526146,BTCUSDT,1,1,85587.58,0.00097,95457.53,0.00112
2025-03-10T04:56:54.886234,BTCUSDT,1,1,84487.51,0.00124,96457.88,0.00083
2025-03-10T04:56:58.906192,BTCUSDT,1,1,84272.31,0.007349,99090.86,0.010784
2025-03-10T04:56:59.187234,BTCUSDT,1,1,85334.28,0.00137,94888.57,0.00094
2025-03-10T04:56:59.546541,BTCUSDT,1,1,85007.31,0.00099,95966.36,0.00096
2025-03-10T04:57:02.066371,BTCUSDT,1,1,84454.12,0.007349,98636.32,0.010784
2025-03-10T04:57:03.845572,BTCUSDT,1,1,84917.97,0.00094,95360.48,0.00087
2025-03-10T04:57:07.226007,BTCUSDT,1,1,84454.12,0.007349,98863.59,0.010784
2025-03-10T04:57:08.526438,BTCUSDT,1,1,84951.4,0.00101,95529.44,0.0011
2025-03-10T04:57:13.186353,BTCUSDT,1,1,84704.68,0.00138,95526.47,0.00098
2025-03-10T04:57:16.067622,BTCUSDT,1,1,84454.12,0.007349,98636.32,0.010784
2025-03-10T04:57:16.566357,BTCUSDT,1,1,84272.31,0.007349,98863.59,0.010784
2025-03-10T04:57:17.849876,BTCUSDT,1,1,85700.91,0.00104,95180.66,0.00111
2025-03-10T04:57:23.006146,BTCUSDT,1,1,85411.59,0.00094,95501.75,0.00112
2025-03-10T04:57:26.388100,BTCUSDT,1,1,84272.31,0.007349,99056.42,0.00115
2025-03-10T04:57:26.886736,BTCUSDT,1,1,84090.5,0.007349,99090.86,0.010784
2025-03-10T04:57:27.686422,BTCUSDT,1,1,85075.66,0.00119,94882.16,0.00103
2025-03-10T04:57:28.025853,BTCUSDT,1,1,85453.06,0.00138,96402.44,0.00113
2025-03-10T04:57:30.546175,BTCUSDT,1,1,84272.31,0.007349,98636.32,0.010784
2025-03-10T04:57:31.566699,BTCUSDT,1,1,84090.5,0.007349,99056.42,0.00115
2025-03-10T04:57:35.865770,BTCUSDT,1,1,84090.5,0.007349,99090.86,0.010784
2025-03-10T04:57:36.145651,BTCUSDT,1,1,85414.2,0.00121,96057.07,0.00106
2025-03-10T04:57:36.506274,BTCUSDT,1,1,84596.31,0.00139,98237.93,0.00118
2025-03-10T04:57:44.706393,BTCUSDT,1,1,84272.31,0.007349,98863.59,0.010784
2025-03-10T04:57:49.886295,BTCUSDT,1,1,84090.5,0.007349,99108.08,0.00115
2025-03-10T04:57:50.165957,BTCUSDT,1,1,84228.22,0.00112,94961.11,0.00097
2025-03-10T04:57:50.526202,BTCUSDT,1,1,84526.49,0.00124,96552.68,0.00088
2025-03-10T04:57:54.825224,BTCUSDT,1,1,85447.02,0.00127,94916.92,0.00114
2025-03-10T04:57:55.185429,BTCUSDT,1,1,84591.93,0.0012,96606.6,0.00092
2025-03-10T04:57:58.205638,BTCUSDT,1,1,84090.5,0.007349,98678.03,0.00103
2025-03-10T04:57:59.485972,BTCUSDT,1,1,84886.29,0.00109,96477.35,0.00087
2025-03-10T04:58:04.165401,BTCUSDT,1,1,85700.35,0.00104,95093.9,0.00109
2025-03-10T04:58:04.505791,BTCUSDT,1,1,85136.89,0.00096,95801.81,0.00093
2025-03-10T04:58:07.545745,BTCUSDT,1,1,84090.5,0.007349,98636.32,0.010784
2025-03-10T04:58:08.045598,BTCUSDT,1,1,84048.33,0.00104,98863.59,0.010784
2025-03-10T04:58:08.546275,BTCUSDT,1,1,84000.0,0.00013,99066.38,0.00093
2025-03-10T04:58:09.325941,BTCUSDT,1,1,85138.31,0.00112,96484.53,0.00094
2025-03-10T04:58:09.665151,BTCUSDT,1,1,84816.93,0.00138,96646.84,0.00119
2025-03-10T04:58:12.706297,BTCUSDT,1,1,84090.5,0.007349,98998.0,0.00105
2025-03-10T04:58:17.033529,BTCUSDT,1,1,84048.33,0.00104,98947.73,0.00112
2025-03-10T04:58:17.806082,BTCUSDT,1,1,84957.1,0.00096,96310.77,0.00096
2025-03-10T04:58:21.626508,BTCUSDT,1,1,85517.44,0.00139,97018.57,0.00084
2025-03-10T04:58:21.985966,BTCUSDT,1,1,84825.09,0.00132,97080.95,0.0009
2025-03-10T04:58:24.505641,BTCUSDT,1,1,84090.5,0.007349,98859.49,0.00084
2025-03-10T04:58:26.306890,BTCUSDT,1,1,84661.24,0.00102,95750.31,0.00092
2025-03-10T04:58:26.665760,BTCUSDT,1,1,84776.25,0.00123,96845.05,0.00114
2025-03-10T04:58:29.186276,BTCUSDT,1,1,84272.31,0.007349,98658.81,0.00087
2025-03-10T04:58:30.966090,BTCUSDT,1,1,84918.84,0.00108,95493.94,0.00098
2025-03-10T04:58:34.865669,BTCUSDT,1,1,84272.31,0.007349,99090.86,0.010784
2025-03-10T04:58:35.645941,BTCUSDT,1,1,84917.4,0.00127,95335.24,0.00108
2025-03-10T04:58:38.526762,BTCUSDT,1,1,84272.31,0.007349,98658.81,0.00087
2025-03-10T04:58:40.027036,BTCUSDT,1,1,84090.5,0.007349,99120.49,0.00102
2025-03-10T04:58:40.306376,BTCUSDT,1,1,85111.24,0.00095,95073.29,0.00098
2025-03-10T04:58:40.665832,BTCUSDT,1,1,84718.06,0.00116,97394.57,0.00089
2025-03-10T04:58:48.764928,BTCUSDT,1,1,84454.12,0.007349,98863.59,0.010784
2025-03-10T04:58:49.265291,BTCUSDT,1,1,84272.31,0.007349,98955.42,0.00104
2025-03-10T04:58:49.765715,BTCUSDT,1,1,84090.5,0.007349,99090.86,0.010784
2025-03-10T04:58:50.545928,BTCUSDT,1,1,85405.84,0.00123,94754.92,0.00115
2025-03-10T04:58:50.904932,BTCUSDT,1,1,85120.39,0.00108,95462.74,0.00115
2025-03-10T04:58:54.926856,BTCUSDT,1,1,84272.31,0.007349,99090.86,0.010784
2025-03-10T04:58:55.705602,BTCUSDT,1,1,85055.15,0.00114,95392.07,0.00112
2025-03-10T04:58:56.404917,BTCUSDT,1,1,84636.36,0.00117,96842.48,0.00101
2025-03-10T04:58:59.085771,BTCUSDT,1,1,84272.31,0.007349,98955.42,0.00104
2025-03-10T04:59:00.505555,BTCUSDT,1,1,85423.31,0.00135,96480.14,0.00109
2025-03-10T04:59:00.866061,BTCUSDT,1,1,84851.21,0.00139,96873.63,0.00114
2025-03-10T04:59:03.385443,BTCUSDT,1,1,84272.31,0.007349,98863.59,0.010784
2025-03-10T04:59:05.165851,BTCUSDT,1,1,84609.62,0.0013,96003.37,0.00125
2025-03-10T04:59:08.185056,BTCUSDT,1,1,84272.31,0.007349,98863.59,0.010784
2025-03-10T04:59:08.964932,BTCUSDT,1,1,84521.99,0.00104,95628.34,0.00097
2025-03-10T04:59:11.486633,BTCUSDT,1,1,84272.31,0.007349,98693.84,0.00118
2025-03-10T04:59:16.565579,BTCUSDT,1,1,84302.84,0.00141,95583.98,0.00114
2025-03-10T04:59:24.625575,BTCUSDT,1,1,84272.31,0.007349,98693.84,0.00118
2025-03-10T04:59:25.125168,BTCUSDT,1,1,84090.5,0.007349,98863.59,0.010784
2025-03-10T04:59:25.905367,BTCUSDT,1,1,85245.52,0.00129,95050.91,0.00123
2025-03-10T04:59:26.265021,BTCUSDT,1,1,84798.48,0.00132,95126.46,0.00085
2025-03-10T04:59:38.585719,BTCUSDT,1,1,84272.31,0.007349,98693.84,0.00118
2025-03-10T04:59:39.865063,BTCUSDT,1,1,84898.17,0.00134,95074.5,0.00101
2025-03-10T04:59:47.045200,BTCUSDT,1,1,84272.31,0.007349,98863.59,0.010784
2025-03-10T04:59:51.525250,BTCUSDT,1,1,84272.31,0.007349,98686.84,0.00106
2025-03-10T04:59:53.304723,BTCUSDT,1,1,85311.93,0.00107,95223.72,0.00095
2025-03-10T05:00:01.425244,BTCUSDT,1,1,84090.5,0.007349,98693.84,0.00118
2025-03-10T05:00:02.704898,BTCUSDT,1,1,85514.0,0.00105,94878.42,0.00126
2025-03-10T05:00:03.064066,BTCUSDT,1,1,85490.69,0.00129,96268.29,0.00106
2025-03-10T05:00:06.244701,BTCUSDT,1,1,84272.31,0.007349,99090.86,0.010784
2025-03-10T05:00:06.525070,BTCUSDT,1,1,84865.57,0.00095,95683.56,0.00097
2025-03-10T05:00:09.078227,BTCUSDT,1,1,84377.3,0.00103,98693.84,0.00118
2025-03-10T05:00:10.064432,BTCUSDT,1,1,84272.31,0.007349,99090.86,0.010784
2025-03-10T05:00:10.344933,BTCUSDT,1,1,85607.02,0.0014,95572.95,0.00124
2025-03-10T05:00:10.684605,BTCUSDT,1,1,84549.81,0.00134,96521.06,0.00123
2025-03-10T05:00:23.465424,BTCUSDT,1,1,85297.9,0.00111,95196.4,0.00086
2025-03-10T05:00:23.824672,BTCUSDT,1,1,84942.62,0.00112,95095.12,0.00119
2025-03-10T05:00:27.345141,BTCUSDT,1,1,84272.31,0.007349,98863.59,0.010784
2025-03-10T05:00:28.125661,BTCUSDT,1,1,85034.71,0.00124,95509.07,0.00124
2025-03-10T05:00:32.029335,BTCUSDT,1,1,84272.31,0.007349,98892.73,0.00107
2025-03-10T05:00:39.104414,BTCUSDT,1,1,84093.16,0.00135,98863.59,0.010784
2025-03-10T05:00:40.104616,BTCUSDT,1,1,84000.0,0.00013,99090.86,0.010784
2025-03-10T05:00:40.384847,BTCUSDT,1,1,85418.22,0.00109,96260.25,0.00111
2025-03-10T05:00:40.724286,BTCUSDT,1,1,84871.31,0.00098,95672.44,0.00095
2025-03-10T05:00:43.904373,BTCUSDT,1,1,84071.42,0.0012,99090.86,0.010784
2025-03-10T05:00:44.184657,BTCUSDT,1,1,85666.17,0.00103,94750.62,0.00121
2025-03-10T05:00:44.564043,BTCUSDT,1,1,85643.28,0.00097,96030.75,0.00085
2025-03-10T05:00:48.084389,BTCUSDT,1,1,84134.82,0.00105,98863.59,0.010784
2025-03-10T05:00:48.584879,BTCUSDT,1,1,84090.5,0.007349,99090.86,0.010784
2025-03-10T05:00:49.364474,BTCUSDT,1,1,85237.0,0.0012,95584.42,0.00111
2025-03-10T05:00:49.725847,BTCUSDT,1,1,85610.19,0.0013,94862.56,0.00115
2025-03-10T05:00:52.247499,BTCUSDT,1,1,84090.5,0.007349,98595.74,0.003042
2025-03-10T05:00:54.025279,BTCUSDT,1,1,84817.0,0.00104,95714.07,0.00114
2025-03-10T05:00:56.904742,BTCUSDT,1,1,84090.5,0.007349,98598.97,0.00101
2025-03-10T05:00:58.685517,BTCUSDT,1,1,85235.35,0.00132,95773.72,0.00109
2025-03-10T05:00:59.043552,BTCUSDT,1,1,85486.99,0.00103,96818.3,0.00102
2025-03-10T05:01:03.724783,BTCUSDT,1,1,84602.15,0.00116,95868.12,0.00095
2025-03-10T05:01:06.743746,BTCUSDT,1,1,84090.5,0.007349,98863.59,0.010784
2025-03-10T05:01:08.024445,BTCUSDT,1,1,84886.07,0.0012,97735.34,0.00109
2025-03-10T05:01:08.364355,BTCUSDT,1,1,84733.9,0.00104,98113.62,0.00118
2025-03-10T05:01:11.903986,BTCUSDT,1,1,84090.5,0.007349,99090.86,0.010784
2025-03-10T05:01:12.684159,BTCUSDT,1,1,84395.81,0.00095,95159.85,0.00124
2025-03-10T05:01:16.564186,BTCUSDT,1,1,84090.5,0.007349,98863.59,0.010784
2025-03-10T05:01:17.065486,BTCUSDT,1,1,84064.56,0.00107,99090.86,0.010784
2025-03-10T05:01:17.344792,BTCUSDT,1,1,85278.69,0.00137,95879.88,0.00115
2025-03-10T05:01:17.684466,BTCUSDT,1,1,84972.56,0.00118,96799.63,0.00098
2025-03-10T05:01:20.227533,BTCUSDT,1,1,84157.25,0.00133,98636.32,0.010784
2025-03-10T05:01:25.363952,BTCUSDT,1,1,84090.5,0.007349,98636.32,0.010784
2025-03-10T05:01:26.649167,BTCUSDT,1,1,85097.72,0.00115,95262.83,0.00121
2025-03-10T05:01:27.004065,BTCUSDT,1,1,85000.46,0.00117,95805.98,0.00092
2025-03-10T05:01:29.183777,BTCUSDT,1,1,84157.25,0.00133,98636.32,0.010784
2025-03-10T05:01:30.464605,BTCUSDT,1,1,85242.71,0.00124,95609.35,0.00121
2025-03-10T05:01:30.804448,BTCUSDT,1,1,85633.36,0.00115,96187.25,0.00091
2025-03-10T05:01:39.484845,BTCUSDT,1,1,84272.31,0.007349,99318.13,0.010784
2025-03-10T05:01:44.424367,BTCUSDT,1,1,84267.31,0.00112,96266.02,0.00119
2025-03-10T05:01:46.964524,BTCUSDT,1,1,84157.25,0.00133,98971.89,0.00106
2025-03-10T05:01:48.244094,BTCUSDT,1,1,84795.75,0.00138,96237.97,0.00104
2025-03-10T05:01:52.104134,BTCUSDT,1,1,84157.25,0.00133,99090.86,0.010784
2025-03-10T05:01:52.884264,BTCUSDT,1,1,84697.55,0.0011,94841.3,0.00123
2025-03-10T05:01:57.264683,BTCUSDT,1,1,84090.5,0.007349,99318.13,0.010784
2025-03-10T05:01:57.524123,BTCUSDT,1,1,85767.22,0.00127,95563.29,0.00108
2025-03-10T05:01:57.884707,BTCUSDT,1,1,84935.48,0.0013,96018.19,0.00116
2025-03-10T05:02:01.903801,BTCUSDT,1,1,84090.5,0.007349,99090.86,0.010784
2025-03-10T05:02:02.684111,BTCUSDT,1,1,84917.98,0.00134,94817.76,0.00117
2025-03-10T05:02:03.027712,BTCUSDT,1,1,84298.1,0.00103,96485.6,0.00092
2025-03-10T05:02:07.963694,BTCUSDT,1,1,85771.85,0.00103,95311.85,0.00111
2025-03-10T05:02:08.324442,BTCUSDT,1,1,84586.92,0.00116,96402.92,0.00117
2025-03-10T05:02:13.143937,BTCUSDT,1,1,85169.4,0.00101,95623.02,0.00087
2025-03-10T05:02:16.944003,BTCUSDT,1,1,84931.19,0.00101,95284.68,0.00097
2025-03-10T05:02:24.484467,BTCUSDT,1,1,84400.68,0.00109,98863.59,0.010784
2025-03-10T05:02:26.303418,BTCUSDT,1,1,85313.09,0.0013,95153.54,0.00107
2025-03-10T05:02:26.647034,BTCUSDT,1,1,84853.94,0.0011,96612.53,0.00116
2025-03-10T05:02:29.183616,BTCUSDT,1,1,84400.68,0.00109,98863.59,0.010784
2025-03-10T05:02:30.183830,BTCUSDT,1,1,84272.31,0.007349,99318.13,0.010784
2025-03-10T05:02:30.963638,BTCUSDT,1,1,85122.52,0.00116,97677.39,0.00116
2025-03-10T05:02:31.324079,BTCUSDT,1,1,84513.66,0.00099,98862.27,0.0012
2025-03-10T05:02:33.983679,BTCUSDT,1,1,84272.31,0.007349,99090.86,0.010784
2025-03-10T05:02:34.483966,BTCUSDT,1,1,84090.5,0.007349,99318.13,0.010784
2025-03-10T05:02:34.763981,BTCUSDT,1,1,85472.55,0.00114,95553.8,0.00101
2025-03-10T05:02:35.124539,BTCUSDT,1,1,84963.18,0.00133,96980.91,0.00102
2025-03-10T05:02:39.426577,BTCUSDT,1,1,84772.92,0.00095,95491.88,0.00121
2025-03-10T05:02:42.303677,BTCUSDT,1,1,84400.68,0.00109,98935.43,0.00107
2025-03-10T05:02:44.083372,BTCUSDT,1,1,85453.62,0.00106,95439.38,0.00102
2025-03-10T05:02:44.443068,BTCUSDT,1,1,85599.63,0.00107,96302.7,0.00105
2025-03-10T05:02:48.743795,BTCUSDT,1,1,85401.46,0.00123,96133.51,0.00092
2025-03-10T05:02:49.103599,BTCUSDT,1,1,85594.28,0.00136,98033.53,0.00111
2025-03-10T05:02:52.143565,BTCUSDT,1,1,84272.31,0.007349,99090.86,0.010784
2025-03-10T05:02:53.424503,BTCUSDT,1,1,85002.29,0.00126,96314.04,0.00095
2025-03-10T05:02:53.765333,BTCUSDT,1,1,84639.79,0.00129,96795.32,0.00105
2025-03-10T05:02:54.124535,BTCUSDT,1,1,84628.07,0.00123,97643.41,0.0012
2025-03-10T05:02:56.284538,BTCUSDT,1,1,84454.12,0.007349,98935.43,0.00107
2025-03-10T05:02:57.303252,BTCUSDT,1,1,84272.31,0.007349,99318.13,0.010784
2025-03-10T05:02:58.064018,BTCUSDT,1,1,85316.49,0.00117,96540.69,0.00109
2025-03-10T05:02:58.423984,BTCUSDT,1,1,84436.87,0.00137,97879.25,0.00085
2025-03-10T05:02:58.763816,BTCUSDT,1,1,84662.94,0.00098,98698.72,0.00095
2025-03-10T05:03:01.443400,BTCUSDT,1,1,84436.87,0.00137,99090.86,0.010784
2025-03-10T05:03:02.724326,BTCUSDT,1,1,85636.51,0.00112,95682.28,0.00101
2025-03-10T05:03:07.383829,BTCUSDT,1,1,84307.73,0.00111,95604.34,0.00118
2025-03-10T05:03:16.703010,BTCUSDT,1,1,85626.84,0.00096,96555.45,0.0012
2025-03-10T05:03:17.063491,BTCUSDT,1,1,85665.83,0.00121,97000.62,0.00112
2025-03-10T05:03:20.250940,BTCUSDT,1,1,84307.73,0.00111,99318.13,0.010784
2025-03-10T05:03:20.504500,BTCUSDT,1,1,85544.32,0.00129,96952.4,0.00107
2025-03-10T05:03:23.042798,BTCUSDT,1,1,84307.73,0.00111,99024.7,0.001
2025-03-10T05:03:23.542860,BTCUSDT,1,1,84272.31,0.007349,99090.86,0.010784
2025-03-10T05:03:24.043210,BTCUSDT,1,1,84090.5,0.007349,99318.13,0.010784
2025-03-10T05:03:24.323394,BTCUSDT,1,1,85311.9,0.00135,95487.12,0.0011
2025-03-10T05:03:35.823555,BTCUSDT,1,1,84090.5,0.007349,99318.13,0.010784
2025-03-10T05:03:36.603357,BTCUSDT,1,1,84920.76,0.00113,95550.82,0.00123
2025-03-10T05:03:40.503197,BTCUSDT,1,1,84272.31,0.007349,99090.86,0.010784
2025-03-10T05:03:41.263483,BTCUSDT,1,1,85207.06,0.00101,97036.02,0.00105
2025-03-10T05:03:44.303194,BTCUSDT,1,1,84272.31,0.007349,99090.86,0.010784
2025-03-10T05:03:44.810174,BTCUSDT,1,1,84090.5,0.007349,99318.13,0.010784
2025-03-10T05:03:45.083683,BTCUSDT,1,1,85401.58,0.00123,95063.85,0.00104
2025-03-10T05:03:45.422961,BTCUSDT,1,1,85439.95,0.00116,96479.45,0.00085
2025-03-10T05:03:48.463346,BTCUSDT,1,1,84272.31,0.007349,99090.86,0.010784
2025-03-10T05:03:49.743444,BTCUSDT,1,1,85326.1,0.00103,96295.91,0.00092
2025-03-10T05:03:54.404603,BTCUSDT,1,1,85436.41,0.00126,95557.16,0.00113
2025-03-10T05:03:57.784400,BTCUSDT,1,1,84379.27,0.00115,99090.86,0.010784
2025-03-10T05:03:59.082594,BTCUSDT,1,1,85245.11,0.00127,95981.51,0.00084
2025-03-10T05:04:01.942876,BTCUSDT,1,1,84454.12,0.007349,98884.48,0.00103
2025-03-10T05:04:03.743487,BTCUSDT,1,1,84888.39,0.00119,95904.61,0.00088
2025-03-10T05:04:08.143251,BTCUSDT,1,1,84454.12,0.007349,99318.13,0.010784
2025-03-10T05:04:08.422731,BTCUSDT,1,1,84590.22,0.00099,94972.78,0.00095
2025-03-10T05:04:13.083938,BTCUSDT,1,1,84591.52,0.00115,95668.69,0.00111
2025-03-10T05:04:15.963008,BTCUSDT,1,1,84494.62,0.000808,98863.59,0.010784
2025-03-10T05:04:16.963671,BTCUSDT,1,1,84454.12,0.007349,99090.86,0.010784
2025-03-10T05:04:17.743428,BTCUSDT,1,1,85034.2,0.00123,94963.95,0.00117
2025-03-10T05:04:18.082821,BTCUSDT,1,1,85665.83,0.00132,95389.62,0.0011
2025-03-10T05:04:21.122535,BTCUSDT,1,1,84494.62,0.000808,98884.48,0.00103
2025-03-10T05:04:26.284957,BTCUSDT,1,1,84454.12,0.007349,99090.86,0.010784
2025-03-10T05:04:27.062942,BTCUSDT,1,1,84877.43,0.00132,94942.55,0.00123
2025-03-10T05:04:29.943163,BTCUSDT,1,1,84454.12,0.007349,98863.59,0.010784
2025-03-10T05:04:31.723544,BTCUSDT,1,1,84541.01,0.00127,94826.63,0.00117
2025-03-10T05:04:39.262289,BTCUSDT,1,1,84454.12,0.007349,98863.59,0.010784
2025-03-10T05:04:41.045243,BTCUSDT,1,1,85627.13,0.00139,95114.69,0.00111
2025-03-10T05:04:41.384171,BTCUSDT,1,1,84638.42,0.00097,96706.96,0.00116
2025-03-10T05:04:44.922769,BTCUSDT,1,1,84494.62,0.000808,99090.86,0.010784
2025-03-10T05:04:45.722492,BTCUSDT,1,1,85550.16,0.00094,95504.85,0.00109
2025-03-10T05:04:49.104355,BTCUSDT,1,1,84494.62,0.000808,98884.48,0.00103
2025-03-10T05:04:50.383671,BTCUSDT,1,1,85545.54,0.00128,95686.25,0.00122
2025-03-10T05:04:57.903248,BTCUSDT,1,1,84494.62,0.000808,98863.59,0.010784
2025-03-10T05:04:58.903772,BTCUSDT,1,1,84454.12,0.007349,99208.29,0.00084
2025-03-10T05:05:04.342396,BTCUSDT,1,1,84698.63,0.00109,96427.76,0.00114
2025-03-10T05:05:09.002751,BTCUSDT,1,1,84905.59,0.00127,95583.52,0.00115
2025-03-10T05:05:09.363450,BTCUSDT,1,1,84756.77,0.00102,96158.32,0.00084
2025-03-10T05:05:11.883369,BTCUSDT,1,1,84454.12,0.007349,98856.56,0.00116
2025-03-10T05:05:13.683524,BTCUSDT,1,1,84889.25,0.00099,95074.25,0.00085
2025-03-10T05:05:14.024313,BTCUSDT,1,1,84833.37,0.00113,95065.04,0.00118
2025-03-10T05:05:16.562791,BTCUSDT,1,1,84494.62,0.000808,98658.16,0.00098
2025-03-10T05:05:17.562353,BTCUSDT,1,1,84454.12,0.007349,99090.86,0.010784
2025-03-10T05:05:18.343249,BTCUSDT,1,1,85432.76,0.00095,95469.36,0.00093
2025-03-10T05:05:18.682401,BTCUSDT,1,1,85266.53,0.00139,97017.5,0.00119
2025-03-10T05:05:26.882515,BTCUSDT,1,1,84494.62,0.000808,99090.86,0.010784
2025-03-10T05:05:27.203999,BTCUSDT,8,1,84454.12,0.007349,99318.13,0.010784
2025-03-10T05:05:27.383141,BTCUSDT,1,1,83693.94,0.00136,99415.99,0.001006
2025-03-10T05:05:27.662245,BTCUSDT,1,1,85542.96,0.00125,95145.26,0.00125
2025-03-10T05:05:28.030028,BTCUSDT,1,1,85001.08,0.00137,94895.3,0.00099
2025-03-10T05:05:28.361977,BTCUSDT,1,1,84262.96,0.00123,97521.45,0.00107
2025-03-10T05:05:35.842107,BTCUSDT,1,1,83750.0,0.015132,99415.99,0.001006
2025-03-10T05:05:40.003851,BTCUSDT,1,1,83726.88,0.007349,99318.13,0.010784
2025-03-10T05:05:40.782912,BTCUSDT,1,1,84699.19,0.00136,95049.35,0.00108
2025-03-10T05:05:44.162402,BTCUSDT,1,1,83726.88,0.007349,99090.86,0.010784
2025-03-10T05:05:45.462959,BTCUSDT,1,1,85655.49,0.00138,95471.97,0.00103
2025-03-10T05:05:54.762507,BTCUSDT,1,1,83910.63,0.00116,95281.51,0.0012
2025-03-10T05:05:55.121998,BTCUSDT,1,1,83820.61,0.00138,95988.19,0.00104
2025-03-10T05:05:57.283479,BTCUSDT,1,1,83759.83,5.7e-05,99090.86,0.010784
2025-03-10T05:05:57.803888,BTCUSDT,1,1,83750.0,0.015132,99318.13,0.010784
2025-03-10T05:05:58.302145,BTCUSDT,1,1,83726.88,0.007349,99415.99,0.001006
2025-03-10T05:05:58.562146,BTCUSDT,1,1,85348.68,0.001,95810.48,0.00106
2025-03-10T05:05:58.922389,BTCUSDT,1,1,84373.04,0.00105,97902.46,0.00098
2025-03-10T05:06:03.222489,BTCUSDT,1,1,84139.32,0.00118,95629.19,0.00123
2025-03-10T05:06:03.582879,BTCUSDT,1,1,84798.1,0.00114,95583.29,0.00087
2025-03-10T05:06:06.122670,BTCUSDT,1,1,83750.0,0.015132,99090.86,0.010784
2025-03-10T05:06:06.643134,BTCUSDT,1,1,83726.88,0.007349,99318.13,0.010784
2025-03-10T05:06:07.122366,BTCUSDT,1,1,83685.19,0.0011,99415.99,0.001006
2025-03-10T05:06:07.902003,BTCUSDT,1,1,84971.58,0.00132,96012.89,0.00093
2025-03-10T05:06:08.246191,BTCUSDT,1,1,85753.71,0.00131,95766.36,0.00096
2025-03-10T05:06:08.602680,BTCUSDT,1,1,84188.89,0.00126,98468.71,0.00093
2025-03-10T05:06:12.283061,BTCUSDT,1,1,83750.0,0.015132,99415.99,0.001006
2025-03-10T05:06:12.561973,BTCUSDT,1,1,85611.7,0.00113,95538.93,0.0009
2025-03-10T05:06:15.452262,BTCUSDT,1,1,83750.0,0.015132,98863.59,0.010784
2025-03-10T05:06:15.942251,BTCUSDT,1,1,83726.88,0.007349,99090.86,0.010784
2025-03-10T05:06:17.221505,BTCUSDT,1,1,84022.58,0.00097,95471.91,0.00115
2025-03-10T05:06:17.562411,BTCUSDT,1,1,84002.46,0.00129,95609.29,0.00109
2025-03-10T05:06:21.103870,BTCUSDT,1,1,83750.0,0.015132,99318.13,0.010784
2025-03-10T05:06:21.882343,BTCUSDT,1,1,85293.62,0.00138,95555.38,0.00104
2025-03-10T05:06:26.261620,BTCUSDT,1,1,83750.0,0.015132,99415.99,0.001006
2025-03-10T05:06:26.542332,BTCUSDT,1,1,83909.83,0.00116,95623.27,0.00115
2025-03-10T05:06:29.422456,BTCUSDT,1,1,83750.0,0.015132,98863.59,0.010784
2025-03-10T05:06:31.202591,BTCUSDT,1,1,85460.91,0.00121,94946.93,0.00125
2025-03-10T05:06:34.082304,BTCUSDT,1,1,83750.0,0.015132,98863.59,0.010784
2025-03-10T05:06:34.582769,BTCUSDT,1,1,83726.88,0.007349,99090.86,0.010784
2025-03-10T05:06:35.081378,BTCUSDT,1,1,83545.07,0.007349,99318.13,0.010784
2025-03-10T05:06:35.861804,BTCUSDT,1,1,85183.69,0.00114,95308.8,0.0009
2025-03-10T05:06:36.251281,BTCUSDT,1,1,84805.35,0.00137,95462.98,0.00115
2025-03-10T05:06:36.562260,BTCUSDT,1,1,83844.91,0.00113,96553.29,0.00118
2025-03-10T05:06:38.742585,BTCUSDT,1,1,83750.0,0.015132,98863.59,0.010784
2025-03-10T05:06:39.241524,BTCUSDT,1,1,83726.88,0.007349,99090.86,0.010784
2025-03-10T05:06:40.522111,BTCUSDT,1,1,85253.71,0.00117,95287.39,0.00108
2025-03-10T05:06:40.881667,BTCUSDT,1,1,84543.95,0.00132,96662.6,0.00116
2025-03-10T05:06:43.402731,BTCUSDT,1,1,83750.0,0.015132,98863.59,0.010784
2025-03-10T05:06:43.901595,BTCUSDT,1,1,83726.88,0.007349,99090.86,0.010784
2025-03-10T05:06:44.402677,BTCUSDT,1,1,83545.07,0.007349,99318.13,0.010784
2025-03-10T05:06:45.181961,BTCUSDT,1,1,85043.76,0.00127,95477.99,0.00107
2025-03-10T05:06:45.541925,BTCUSDT,1,1,85284.24,0.00137,94934.61,0.0009
2025-03-10T05:06:48.061951,BTCUSDT,1,1,83726.88,0.007349,98863.59,0.010784
2025-03-10T05:06:48.561634,BTCUSDT,1,1,83671.18,0.00097,99090.86,0.010784
2025-03-10T05:06:49.844735,BTCUSDT,1,1,84536.98,0.001,94815.13,0.00123
2025-03-10T05:06:50.201898,BTCUSDT,1,1,83990.66,0.00111,97334.58,0.00103
2025-03-10T05:06:53.221353,BTCUSDT,1,1,83726.88,0.007349,99090.86,0.010784
2025-03-10T05:06:53.721328,BTCUSDT,1,1,83671.18,0.00097,99318.13,0.010784
2025-03-10T05:06:54.501868,BTCUSDT,1,1,85554.38,0.00126,94973.6,0.0009
2025-03-10T05:06:54.863083,BTCUSDT,1,1,85274.53,0.00117,98292.65,0.00112
2025-03-10T05:06:55.212247,BTCUSDT,1,1,84218.28,0.00126,98178.15,0.00091
2025-03-10T05:06:57.382407,BTCUSDT,1,1,83750.0,0.015132,99090.86,0.010784
2025-03-10T05:06:59.161505,BTCUSDT,1,1,83928.35,0.00114,95233.55,0.00123
2025-03-10T05:07:01.702474,BTCUSDT,1,1,83750.0,0.015132,99090.86,0.010784
2025-03-10T05:07:02.202438,BTCUSDT,1,1,83726.88,0.007349,99318.13,0.010784
2025-03-10T05:07:02.703781,BTCUSDT,1,1,83545.07,0.007349,99415.99,0.001006
2025-03-10T05:07:02.981352,BTCUSDT,1,1,84906.88,0.00106,98321.45,0.00092
2025-03-10T05:07:03.322540,BTCUSDT,1,1,84994.48,0.00141,98627.35,0.00115
2025-03-10T05:07:03.681294,BTCUSDT,1,1,84672.14,0.00098,98855.37,0.00112
2025-03-10T05:07:05.862627,BTCUSDT,1,1,83759.83,5.7e-05,99090.86,0.010784
2025-03-10T05:07:06.882645,BTCUSDT,1,1,83750.0,0.015132,99415.99,0.001006
2025-03-10T05:07:07.662111,BTCUSDT,1,1,85374.79,0.00115,94914.88,0.00093
2025-03-10T05:07:08.003043,BTCUSDT,1,1,85306.32,0.00129,96950.48,0.0009
2025-03-10T05:07:08.362045,BTCUSDT,1,1,84499.23,0.00123,96687.86,0.00118
2025-03-10T05:07:12.041176,BTCUSDT,1,1,83759.83,5.7e-05,99415.99,0.001006
2025-03-10T05:07:12.821840,BTCUSDT,1,1,84453.58,0.00096,95546.96,0.00112
2025-03-10T05:07:13.522343,BTCUSDT,1,1,83856.05,0.00109,97737.46,0.00112
2025-03-10T05:07:15.701605,BTCUSDT,1,1,83759.83,5.7e-05,98863.59,0.010784
2025-03-10T05:07:16.201484,BTCUSDT,1,1,83750.0,0.015132,99090.86,0.010784
2025-03-10T05:07:17.481727,BTCUSDT,1,1,85112.02,0.00133,97037.72,0.00108
2025-03-10T05:07:17.851560,BTCUSDT,1,1,85180.19,0.00108,97883.81,0.00093
2025-03-10T05:07:18.181798,BTCUSDT,1,1,84208.04,0.00116,98924.95,0.00109
2025-03-10T05:07:20.861272,BTCUSDT,1,1,83759.83,5.7e-05,99090.86,0.010784
2025-03-10T05:07:21.362090,BTCUSDT,1,1,83750.0,0.015132,99318.13,0.010784
2025-03-10T05:07:21.865228,BTCUSDT,1,1,83726.88,0.007349,99415.99,0.001006
2025-03-10T05:07:22.141268,BTCUSDT,1,1,85730.47,0.00123,95175.2,0.00112
2025-03-10T05:07:22.502538,BTCUSDT,1,1,84981.83,0.00109,95906.44,0.00121
2025-03-10T05:07:22.841535,BTCUSDT,1,1,84399.42,0.00128,96197.91,0.00089
2025-03-10T05:07:25.521860,BTCUSDT,1,1,83750.0,0.015132,99090.86,0.010784
2025-03-10T05:07:26.521089,BTCUSDT,1,1,83726.88,0.007349,99415.99,0.001006
2025-03-10T05:07:26.802061,BTCUSDT,1,1,85409.84,0.00115,94886.84,0.00092
2025-03-10T05:07:27.141801,BTCUSDT,1,1,85272.54,0.00127,98168.41,0.001
2025-03-10T05:07:27.501194,BTCUSDT,1,1,84755.68,0.00125,98873.14,0.00094
2025-03-10T05:07:30.181366,BTCUSDT,1,1,84000.0,0.00013,99318.13,0.010784
2025-03-10T05:07:30.683788,BTCUSDT,1,1,83908.69,0.007349,99415.99,0.001006
2025-03-10T05:07:31.181794,BTCUSDT,1,1,83908.69,0.007349,99545.4,0.010784
2025-03-10T05:07:31.961563,BTCUSDT,1,1,85139.78,0.00099,94830.0,0.00096
2025-03-10T05:07:32.303723,BTCUSDT,1,1,85021.15,0.00114,96112.42,0.00116
2025-03-10T05:07:36.623813,BTCUSDT,1,1,84747.87,0.00138,94919.14,0.00095
2025-03-10T05:07:41.324200,BTCUSDT,1,1,85233.63,0.00123,95265.52,0.00109
2025-03-10T05:07:49.025314,BTCUSDT,1,1,84272.31,0.007349,99415.99,0.001006
2025-03-10T05:07:49.301566,BTCUSDT,1,1,85480.21,0.00126,95763.98,0.00122
2025-03-10T05:07:52.162096,BTCUSDT,1,1,84272.31,0.007349,99090.86,0.010784
2025-03-10T05:07:53.180851,BTCUSDT,1,1,84090.5,0.007349,99415.99,0.001006
2025-03-10T05:07:53.961223,BTCUSDT,1,1,84414.38,0.0011,94976.12,0.00096
2025-03-10T05:07:54.301400,BTCUSDT,1,1,84286.06,0.00113,96640.48,0.0011
2025-03-10T05:07:57.850341,BTCUSDT,1,1,84272.31,0.007349,99415.99,0.001006
2025-03-10T05:08:02.501172,BTCUSDT,1,1,84090.5,0.007349,99415.99,0.001006
2025-03-10T05:08:03.282167,BTCUSDT,1,1,85232.15,0.00105,95742.53,0.00085
2025-03-10T05:08:03.642337,BTCUSDT,1,1,85378.17,0.00106,97655.62,0.00108
2025-03-10T05:08:07.161481,BTCUSDT,1,1,84090.5,0.007349,99415.99,0.001006
2025-03-10T05:08:07.941490,BTCUSDT,1,1,85613.12,0.00098,94962.65,0.00089
2025-03-10T05:08:08.302116,BTCUSDT,1,1,85143.89,0.00127,95920.5,0.00105
2025-03-10T05:08:08.641315,BTCUSDT,1,1,84881.78,0.00095,97042.37,0.00123
2025-03-10T05:08:11.321220,BTCUSDT,1,1,84272.31,0.007349,99318.13,0.010784
2025-03-10T05:08:12.601648,BTCUSDT,1,1,85106.58,0.00134,95779.81,0.0012
2025-03-10T05:08:12.962322,BTCUSDT,1,1,84770.65,0.00125,98425.46,0.00084
2025-03-10T05:08:16.003276,BTCUSDT,1,1,84272.31,0.007349,99318.13,0.010784
2025-03-10T05:08:16.500703,BTCUSDT,1,1,84090.5,0.007349,99415.99,0.001006
2025-03-10T05:08:17.281316,BTCUSDT,1,1,84439.47,0.00132,95658.19,0.00093
2025-03-10T05:08:20.161138,BTCUSDT,1,1,84090.5,0.007349,98963.88,0.00103
2025-03-10T05:08:21.941222,BTCUSDT,1,1,84990.0,0.0012,95527.16,0.00116
2025-03-10T05:08:25.861368,BTCUSDT,1,1,84090.5,0.007349,99318.13,0.010784
2025-03-10T05:08:26.626990,BTCUSDT,1,1,84123.82,0.00114,96037.38,0.00086
2025-03-10T05:08:32.961195,BTCUSDT,1,1,84090.5,0.007349,99090.86,0.010784
2025-03-10T05:08:33.461275,BTCUSDT,1,1,84000.0,0.00013,99318.13,0.010784
2025-03-10T05:08:34.241133,BTCUSDT,1,1,85549.11,0.00127,95890.97,0.00092
2025-03-10T05:08:34.601952,BTCUSDT,1,1,84771.24,0.00097,98602.15,0.0012
2025-03-10T05:08:37.281940,BTCUSDT,1,1,84090.5,0.007349,99318.13,0.010784
2025-03-10T05:08:37.780891,BTCUSDT,1,1,84000.0,0.00013,99415.99,0.001006
2025-03-10T05:08:38.061666,BTCUSDT,1,1,85723.8,0.00106,94916.88,0.00119
2025-03-10T05:08:38.402096,BTCUSDT,1,1,84443.76,0.00117,95402.17,0.00085
2025-03-10T05:08:42.721243,BTCUSDT,1,1,85031.71,0.00121,94970.08,0.00123
2025-03-10T05:08:46.101281,BTCUSDT,1,1,84272.31,0.007349,99318.13,0.010784
2025-03-10T05:08:47.381604,BTCUSDT,1,1,85440.41,0.00131,96604.67,0.00123
2025-03-10T05:08:50.262127,BTCUSDT,1,1,84090.5,0.007349,99318.13,0.010784
2025-03-10T05:08:50.761761,BTCUSDT,1,1,84000.0,0.00013,99381.15,0.00096
2025-03-10T05:08:52.040678,BTCUSDT,1,1,84772.51,0.00096,97353.64,0.0009
2025-03-10T05:08:52.380690,BTCUSDT,1,1,84592.01,0.001,98194.15,0.0009
2025-03-10T05:08:56.701741,BTCUSDT,1,1,84521.81,0.00116,95315.86,0.00109
2025-03-10T05:09:00.081357,BTCUSDT,1,1,84272.31,0.007349,99318.13,0.010784
2025-03-10T05:09:01.081316,BTCUSDT,1,1,84090.5,0.007349,99415.99,0.001006
2025-03-10T05:09:01.360495,BTCUSDT,1,1,85157.31,0.00106,95766.48,0.00119
2025-03-10T05:09:01.701116,BTCUSDT,1,1,84866.46,0.0012,95606.75,0.001
2025-03-10T05:09:04.740473,BTCUSDT,1,1,84272.31,0.007349,99318.13,0.010784
2025-03-10T05:09:06.039750,BTCUSDT,1,1,85249.59,0.00129,95396.91,0.00098
2025-03-10T05:09:06.382417,BTCUSDT,1,1,85109.89,0.00103,95546.27,0.00107
2025-03-10T05:09:09.261080,BTCUSDT,1,1,84454.12,0.007349,98891.51,0.00107
2025-03-10T05:09:09.760568,BTCUSDT,1,1,84272.31,0.007349,99090.86,0.010784
2025-03-10T05:09:11.040805,BTCUSDT,1,1,84447.46,0.00101,95403.69,0.00116
2025-03-10T05:09:13.580937,BTCUSDT,1,1,84272.31,0.007349,99090.86,0.010784
2025-03-10T05:09:15.361325,BTCUSDT,1,1,84453.54,0.00117,96053.54,0.001
2025-03-10T05:09:19.240662,BTCUSDT,1,1,84272.31,0.007349,99318.13,0.010784
2025-03-10T05:09:19.740978,BTCUSDT,1,1,84090.5,0.007349,99415.99,0.001006
2025-03-10T05:09:20.360828,BTCUSDT,1,1,84507.21,0.0012,96564.79,0.001
2025-03-10T05:09:26.701109,BTCUSDT,1,1,84272.31,0.007349,99090.86,0.010784
2025-03-10T05:09:28.501894,BTCUSDT,1,1,84765.64,0.00102,95097.25,0.00118
2025-03-10T05:09:31.020593,BTCUSDT,1,1,84272.31,0.007349,99090.86,0.010784
2025-03-10T05:09:31.521252,BTCUSDT,1,1,84090.5,0.007349,99318.13,0.010784
2025-03-10T05:09:32.021046,BTCUSDT,1,1,84000.0,0.00013,99415.99,0.001006
2025-03-10T05:09:32.303801,BTCUSDT,1,1,85766.1,0.00117,96240.41,0.00102
2025-03-10T05:09:32.641241,BTCUSDT,1,1,84922.19,0.00103,97220.58,0.00109
2025-03-10T05:09:33.001596,BTCUSDT,1,1,84388.1,0.00141,98844.75,0.00102
2025-03-10T05:09:34.821005,BTCUSDT,1,1,84272.31,0.007349,99090.86,0.010784
2025-03-10T05:09:36.100728,BTCUSDT,1,1,85076.24,0.00121,95210.9,0.00089
2025-03-10T05:09:38.644263,BTCUSDT,1,1,84090.5,0.007349,99090.86,0.010784
2025-03-10T05:09:39.921429,BTCUSDT,1,1,85026.06,0.00141,95049.72,0.00117
2025-03-10T05:09:42.440841,BTCUSDT,1,1,84090.5,0.007349,99090.86,0.010784
2025-03-10T05:09:43.722153,BTCUSDT,1,1,84501.35,0.00115,97316.29,0.00122
2025-03-10T05:09:46.241308,BTCUSDT,1,1,84090.5,0.007349,99090.86,0.010784
2025-03-10T05:09:46.741090,BTCUSDT,1,1,84000.0,0.00013,99318.13,0.010784
2025-03-10T05:09:47.522678,BTCUSDT,1,1,85712.82,0.0013,95622.6,0.00119
2025-03-10T05:09:47.888093,BTCUSDT,1,1,85568.17,0.00134,95432.71,0.00103
2025-03-10T05:09:48.224996,BTCUSDT,1,1,84609.38,0.00096,96888.72,0.00102
2025-03-10T05:09:50.404688,BTCUSDT,1,1,84272.31,0.007349,99090.86,0.010784
2025-03-10T05:09:59.840129,BTCUSDT,1,1,84090.5,0.007349,99318.13,0.010784
2025-03-10T05:10:00.640497,BTCUSDT,1,1,85489.23,0.00125,95044.27,0.00117
2025-03-10T05:10:00.981406,BTCUSDT,1,1,84664.36,0.00107,96635.87,0.00085
2025-03-10T05:10:04.001098,BTCUSDT,1,1,84272.31,0.007349,99318.13,0.010784
2025-03-10T05:10:04.500756,BTCUSDT,1,1,84090.5,0.007349,99415.99,0.001006
2025-03-10T05:10:05.283459,BTCUSDT,1,1,85553.01,0.00099,96862.89,0.00087
2025-03-10T05:10:08.659935,BTCUSDT,1,1,84143.06,0.00117,99318.13,0.010784
2025-03-10T05:10:09.961310,BTCUSDT,1,1,85075.8,0.00135,97017.74,0.00095
2025-03-10T05:10:13.320882,BTCUSDT,1,1,84090.5,0.007349,99090.86,0.010784
2025-03-10T05:10:14.601067,BTCUSDT,1,1,84908.91,0.00114,95037.04,0.00109
2025-03-10T05:10:18.480881,BTCUSDT,1,1,84035.52,0.00126,99318.13,0.010784
2025-03-10T05:10:19.260838,BTCUSDT,1,1,85595.63,0.001,97427.29,0.00104
2025-03-10T05:10:19.619948,BTCUSDT,1,1,84664.57,0.00113,97677.74,0.00085
2025-03-10T05:10:22.646575,BTCUSDT,1,1,84090.5,0.007349,99090.86,0.010784
2025-03-10T05:10:23.920232,BTCUSDT,1,1,84541.7,0.00103,96098.79,0.00121
2025-03-10T05:10:24.300843,BTCUSDT,1,1,84468.48,0.00134,95956.21,0.00106
2025-03-10T05:10:26.819949,BTCUSDT,1,1,84272.31,0.007349,99059.8,0.00104
2025-03-10T05:10:27.320697,BTCUSDT,1,1,84090.5,0.007349,99090.86,0.010784
2025-03-10T05:10:28.600371,BTCUSDT,1,1,85053.31,0.00124,95148.81,0.00103
2025-03-10T05:10:33.243407,BTCUSDT,1,1,84285.67,0.00106,96250.86,0.00122
2025-03-10T05:10:37.140450,BTCUSDT,1,1,84090.5,0.007349,99408.24,0.00105
2025-03-10T05:10:37.900955,BTCUSDT,1,1,84797.44,0.00133,95165.63,0.0009
2025-03-10T05:10:40.440056,BTCUSDT,1,1,84090.5,0.007349,99318.13,0.010784
2025-03-10T05:10:41.720570,BTCUSDT,1,1,85117.9,0.00135,95218.87,0.00096
2025-03-10T05:10:44.740392,BTCUSDT,1,1,84090.5,0.007349,99408.24,0.00105
2025-03-10T05:10:45.540337,BTCUSDT,1,1,85603.21,0.00123,95441.23,0.0011
2025-03-10T05:10:48.920752,BTCUSDT,1,1,84090.5,0.007349,99318.13,0.010784
2025-03-10T05:10:53.221094,BTCUSDT,1,1,84081.47,0.001,99318.13,0.010784
2025-03-10T05:10:53.720753,BTCUSDT,1,1,84002.65,0.00135,99415.99,0.001006
2025-03-10T05:10:54.001359,BTCUSDT,1,1,84995.69,0.001,95291.32,0.00099
2025-03-10T05:10:54.340137,BTCUSDT,1,1,84695.43,0.00112,96572.25,0.00109
2025-03-10T05:10:54.700137,BTCUSDT,1,1,84187.49,0.00116,97082.62,0.00093
2025-03-10T05:10:57.800320,BTCUSDT,1,1,85637.94,0.00131,95645.14,0.00087
2025-03-10T05:11:00.840539,BTCUSDT,1,1,84187.49,0.00116,99318.13,0.010784
2025-03-10T05:11:01.621035,BTCUSDT,1,1,85676.93,0.00105,96605.7,0.00119
2025-03-10T05:11:10.181841,BTCUSDT,1,1,84090.5,0.007349,99318.13,0.010784
2025-03-10T05:11:10.680013,BTCUSDT,1,1,84048.89,0.00137,99415.99,0.001006
2025-03-10T05:11:10.960791,BTCUSDT,1,1,85390.63,0.00138,95565.88,0.00094
2025-03-10T05:11:13.481579,BTCUSDT,1,1,84090.5,0.007349,99090.86,0.010784
2025-03-10T05:11:24.079984,BTCUSDT,1,1,84371.15,0.00095,95309.89,0.00091
2025-03-10T05:11:24.419921,BTCUSDT,1,1,84710.91,0.00097,95426.11,0.00086
2025-03-10T05:11:32.600289,BTCUSDT,1,1,84272.31,0.007349,99318.13,0.010784
2025-03-10T05:11:33.386645,BTCUSDT,1,1,85235.59,0.00141,95228.38,0.001
2025-03-10T05:11:33.721430,BTCUSDT,1,1,85247.59,0.00112,96293.25,0.00092
2025-03-10T05:11:37.259936,BTCUSDT,1,1,84371.15,0.00095,99318.13,0.010784
2025-03-10T05:11:37.759626,BTCUSDT,1,1,84272.31,0.007349,99415.99,0.001006
2025-03-10T05:11:38.040781,BTCUSDT,1,1,84715.24,0.00106,95461.86,0.00087
2025-03-10T05:11:40.899760,BTCUSDT,1,1,84272.31,0.007349,99090.86,0.010784
2025-03-10T05:11:42.406701,BTCUSDT,1,1,84090.5,0.007349,99415.99,0.001006
2025-03-10T05:11:42.681129,BTCUSDT,1,1,85348.47,0.00124,96154.11,0.00092
2025-03-10T05:11:43.039349,BTCUSDT,1,1,84298.53,0.00107,97111.4,0.00097
2025-03-10T05:11:45.559868,BTCUSDT,1,1,84272.31,0.007349,99090.86,0.010784
2025-03-10T05:11:46.562014,BTCUSDT,1,1,84090.5,0.007349,99318.13,0.010784
2025-03-10T05:11:47.059904,BTCUSDT,1,1,84000.0,0.00013,99415.99,0.001006
2025-03-10T05:11:47.339445,BTCUSDT,1,1,85248.31,0.00114,94924.91,0.0009
2025-03-10T05:11:47.699705,BTCUSDT,1,1,85236.28,0.0012,97449.23,0.00117
2025-03-10T05:11:48.039607,BTCUSDT,1,1,84607.64,0.00141,98318.17,0.00115
2025-03-10T05:11:50.220301,BTCUSDT,1,1,84272.31,0.007349,99090.86,0.010784
2025-03-10T05:11:51.719178,BTCUSDT,1,1,84090.5,0.007349,99415.99,0.001006
2025-03-10T05:11:52.001234,BTCUSDT,1,1,85366.67,0.00105,95771.74,0.00118
2025-03-10T05:11:52.359593,BTCUSDT,1,1,85089.06,0.00117,97409.53,0.00112
2025-03-10T05:11:54.880464,BTCUSDT,1,1,84272.31,0.007349,99090.86,0.010784
2025-03-10T05:11:55.380324,BTCUSDT,1,1,84090.5,0.007349,99128.62,0.00099
2025-03-10T05:11:55.879042,BTCUSDT,1,1,84000.0,0.00013,99318.13,0.010784
2025-03-10T05:11:56.659298,BTCUSDT,1,1,85670.16,0.0012,96069.69,0.00087
2025-03-10T05:11:57.025628,BTCUSDT,1,1,85283.79,0.00122,95806.29,0.00112
2025-03-10T05:12:00.059853,BTCUSDT,1,1,84272.31,0.007349,99318.13,0.010784
2025-03-10T05:12:01.320386,BTCUSDT,1,1,84518.34,0.00103,95045.86,0.00118
2025-03-10T05:12:04.719683,BTCUSDT,1,1,84090.5,0.007349,99318.13,0.010784
2025-03-10T05:12:05.999990,BTCUSDT,1,1,84177.84,0.00096,96558.52,0.00104
2025-03-10T05:12:09.058116,BTCUSDT,1,1,84090.5,0.007349,99318.13,0.010784
2025-03-10T05:12:09.519531,BTCUSDT,1,1,84000.0,0.00013,99415.99,0.001006
2025-03-10T05:12:09.800358,BTCUSDT,1,1,85257.07,0.00133,95650.8,0.00097
2025-03-10T05:12:10.159958,BTCUSDT,1,1,85420.53,0.00122,96995.7,0.00094
2025-03-10T05:12:13.339111,BTCUSDT,1,1,84272.31,0.007349,99415.99,0.001006
2025-03-10T05:12:16.138936,BTCUSDT,1,1,84090.5,0.007349,99318.13,0.010784
2025-03-10T05:12:16.639761,BTCUSDT,1,1,84000.0,0.00013,99380.8,0.00082
2025-03-10T05:12:17.420819,BTCUSDT,1,1,85162.82,0.0014,95281.72,0.00089
2025-03-10T05:12:17.780848,BTCUSDT,1,1,84926.96,0.00127,96242.08,0.00083
2025-03-10T05:12:30.120259,BTCUSDT,1,1,84090.5,0.007349,99090.86,0.010784
2025-03-10T05:12:30.651333,BTCUSDT,1,1,84000.0,0.00013,99318.13,0.010784
2025-03-10T05:12:31.400015,BTCUSDT,1,1,85520.32,0.00106,95503.2,0.00095
2025-03-10T05:12:31.739136,BTCUSDT,1,1,84737.33,0.00112,96960.7,0.00093
2025-03-10T05:12:36.059158,BTCUSDT,1,1,84354.03,0.0014,94935.59,0.00094
2025-03-10T05:12:39.445609,BTCUSDT,1,1,84090.5,0.007349,99090.86,0.010784
2025-03-10T05:12:40.739477,BTCUSDT,1,1,84185.22,0.00107,96192.01,0.00095
2025-03-10T05:12:43.618839,BTCUSDT,1,1,84090.5,0.007349,99090.86,0.010784
2025-03-10T05:12:44.119591,BTCUSDT,1,1,84044.62,0.00109,99156.22,0.00106
2025-03-10T05:12:44.620332,BTCUSDT,1,1,84000.0,0.00013,99318.13,0.010784
2025-03-10T05:12:45.400201,BTCUSDT,1,1,84982.96,0.00114,95112.07,0.00119
2025-03-10T05:12:45.759449,BTCUSDT,1,1,85421.53,0.00134,95264.21,0.0012
2025-03-10T05:12:46.099779,BTCUSDT,1,1,84870.7,0.00137,96881.8,0.0012
2025-03-10T05:12:46.460494,BTCUSDT,1,1,84528.77,0.00139,98869.24,0.00086
2025-03-10T05:12:56.399175,BTCUSDT,1,1,84090.5,0.007349,99259.19,0.00097
2025-03-10T05:12:57.399783,BTCUSDT,1,1,84044.62,0.00109,99415.99,0.001006
2025-03-10T05:12:57.679604,BTCUSDT,1,1,85067.38,0.00141,97883.65,0.00118
2025-03-10T05:12:58.038868,BTCUSDT,1,1,85001.67,0.00139,99194.87,0.00101
2025-03-10T05:13:05.043056,BTCUSDT,1,1,83908.69,0.007349,99415.99,0.001006
2025-03-10T05:13:05.298441,BTCUSDT,1,1,84094.46,0.00112,95139.41,0.00114
2025-03-10T05:13:08.838852,BTCUSDT,1,1,83908.69,0.007349,99415.99,0.001006
2025-03-10T05:13:09.119199,BTCUSDT,1,1,84223.31,0.00095,95754.71,0.00107
2025-03-10T05:13:12.159105,BTCUSDT,1,1,83908.69,0.007349,99318.13,0.010784
2025-03-10T05:13:12.659515,BTCUSDT,1,1,83884.74,0.00139,99415.99,0.001006
2025-03-10T05:13:12.939427,BTCUSDT,1,1,85165.32,0.00118,95628.83,0.00125
2025-03-10T05:13:13.279212,BTCUSDT,1,1,84121.94,0.00127,97405.24,0.00105
2025-03-10T05:13:15.958930,BTCUSDT,1,1,83908.69,0.007349,99318.13,0.010784
2025-03-10T05:13:19.279316,BTCUSDT,1,1,83908.69,0.007349,99194.87,0.00101
2025-03-10T05:13:20.559508,BTCUSDT,1,1,85129.36,0.00117,97549.7,0.00113
2025-03-10T05:13:20.898612,BTCUSDT,1,1,84687.1,0.0013,98385.52,0.00119
2025-03-10T05:13:23.079324,BTCUSDT,1,1,84000.0,0.00013,99194.87,0.00101
2025-03-10T05:13:23.578785,BTCUSDT,1,1,83908.69,0.007349,99318.13,0.010784
2025-03-10T05:13:24.078517,BTCUSDT,1,1,83884.74,0.00139,99415.99,0.001006
2025-03-10T05:13:24.359388,BTCUSDT,1,1,85422.16,0.00131,95273.11,0.00088
2025-03-10T05:13:24.699168,BTCUSDT,1,1,85549.66,0.00113,95307.31,0.00098
2025-03-10T05:13:26.879982,BTCUSDT,1,1,83908.69,0.007349,99194.87,0.00101
2025-03-10T05:13:27.379065,BTCUSDT,1,1,83884.74,0.00139,99318.13,0.010784
2025-03-10T05:13:27.879734,BTCUSDT,1,1,83765.22,0.00141,99415.99,0.001006
2025-03-10T05:13:28.159250,BTCUSDT,1,1,85038.19,0.00106,95999.87,0.00122
2025-03-10T05:13:28.519396,BTCUSDT,1,1,85076.86,0.00099,97476.21,0.00105
2025-03-10T05:13:28.858821,BTCUSDT,1,1,84127.22,0.00099,97762.15,0.00084
2025-03-10T05:13:31.039009,BTCUSDT,1,1,83908.69,0.007349,99090.86,0.010784
2025-03-10T05:13:31.538831,BTCUSDT,1,1,83884.74,0.00139,99194.87,0.00101
2025-03-10T05:13:32.038962,BTCUSDT,1,1,83765.22,0.00141,99318.13,0.010784
2025-03-10T05:13:32.819254,BTCUSDT,1,1,85054.75,0.00113,95345.73,0.00106
2025-03-10T05:13:33.158603,BTCUSDT,1,1,85714.09,0.00121,95166.21,0.0012
2025-03-10T05:13:33.518985,BTCUSDT,1,1,84352.67,0.00138,98884.62,0.0011
2025-03-10T05:13:36.699533,BTCUSDT,1,1,84000.0,0.00013,99415.99,0.001006
2025-03-10T05:13:37.465715,BTCUSDT,1,1,85659.72,0.00128,94957.79,0.00106
2025-03-10T05:13:39.999290,BTCUSDT,1,1,84000.0,0.00013,99194.87,0.00101
2025-03-10T05:13:41.279272,BTCUSDT,1,1,84027.16,0.00134,95681.43,0.00103
2025-03-10T05:13:43.800132,BTCUSDT,1,1,84000.0,0.00013,99276.93,0.00102
2025-03-10T05:13:55.289495,BTCUSDT,50,50,90349.78,0.000111,90400.0,0.006112
2025-03-10T05:13:55.312619,ETHUSDT,50,26,2023.17,1722.1225,2538.86,0.57142
2025-03-10T05:13:56.961498,BTCUSDT,1,1,83908.69,0.007349,99090.86,0.010784
2025-03-10T05:13:57.462561,BTCUSDT,1,1,83759.83,5.7e-05,99318.13,0.010784
2025-03-10T05:13:58.241762,BTCUSDT,1,1,85729.98,0.00109,95581.71,0.00117
2025-03-10T05:13:58.581905,BTCUSDT,1,1,84217.13,0.00122,95073.0,0.00121
2025-03-10T05:14:01.261355,BTCUSDT,1,1,83908.69,0.007349,99318.13,0.010784
2025-03-10T05:14:02.041242,BTCUSDT,1,1,85705.42,0.00123,96363.03,0.00099
2025-03-10T05:14:05.852935,BTCUSDT,1,1,85686.26,0.00138,96482.27,0.00093
2025-03-10T05:14:08.382411,BTCUSDT,1,1,83908.69,0.007349,99111.85,0.00114
2025-03-10T05:14:09.382241,BTCUSDT,1,1,83759.83,5.7e-05,99415.99,0.001006
2025-03-10T05:14:09.661719,BTCUSDT,1,1,85616.07,0.00122,95121.88,0.00118
2025-03-10T05:14:10.001617,BTCUSDT,1,1,85605.94,0.00134,97517.75,0.00112
2025-03-10T05:14:12.542108,BTCUSDT,1,1,83908.69,0.007349,99090.86,0.010784
2025-03-10T05:14:13.042516,BTCUSDT,1,1,83759.83,5.7e-05,99111.85,0.00114
2025-03-10T05:14:14.322073,BTCUSDT,1,1,85352.91,0.0014,95499.99,0.00092
2025-03-10T05:14:14.682356,BTCUSDT,1,1,84517.43,0.00141,95829.18,0.00124
2025-03-10T05:14:17.341948,BTCUSDT,1,1,83908.69,0.007349,99318.13,0.010784
2025-03-10T05:14:18.121846,BTCUSDT,1,1,85301.47,0.00138,96426.18,0.00096
2025-03-10T05:14:21.661241,BTCUSDT,1,1,83908.69,0.007349,99415.99,0.001006
2025-03-10T05:14:21.942049,BTCUSDT,1,1,85069.29,0.00107,96640.86,0.00121
2025-03-10T05:14:26.604245,BTCUSDT,1,1,84265.0,0.00133,95708.73,0.00118
2025-03-10T05:14:29.982773,BTCUSDT,1,1,84000.0,0.00013,99318.13,0.010784
2025-03-10T05:14:30.481683,BTCUSDT,1,1,83908.69,0.007349,99387.17,0.00111
2025-03-10T05:14:31.261980,BTCUSDT,1,1,84686.63,0.00117,96277.09,0.00108
2025-03-10T05:14:31.621649,BTCUSDT,1,1,84711.24,0.00111,95851.32,0.00107
2025-03-10T05:14:34.141560,BTCUSDT,1,1,84000.0,0.00013,99090.86,0.010784
2025-03-10T05:14:35.141809,BTCUSDT,1,1,83908.69,0.007349,99387.17,0.00111
2025-03-10T05:14:35.921105,BTCUSDT,1,1,84069.23,0.00096,95070.35,0.00089
2025-03-10T05:14:36.282162,BTCUSDT,1,1,84259.05,0.00132,95491.98,0.00105
2025-03-10T05:14:39.321163,BTCUSDT,1,1,84000.0,0.00013,99318.13,0.010784
2025-03-10T05:14:39.822215,BTCUSDT,1,1,83908.69,0.007349,99387.17,0.00111
2025-03-10T05:14:40.943460,BTCUSDT,1,1,85855.02,0.00098,95592.93,0.00125
2025-03-10T05:14:41.302703,BTCUSDT,1,1,84821.78,0.0011,96589.07,0.00096
2025-03-10T05:14:45.481515,BTCUSDT,1,1,89948.0,0.000111,99415.99,0.001006
2025-03-10T05:14:45.761355,BTCUSDT,1,1,85254.49,0.00117,97033.64,0.0009
2025-03-10T05:14:46.101050,BTCUSDT,1,1,84464.67,0.00114,98193.63,0.00094
2025-03-10T05:14:50.403494,BTCUSDT,1,1,84488.37,0.00096,97444.44,0.00092
2025-03-10T05:14:54.783412,BTCUSDT,1,1,84090.5,0.007349,99415.99,0.001006
2025-03-10T05:14:55.060777,BTCUSDT,1,1,85277.14,0.00121,95354.76,0.00113
2025-03-10T05:14:58.301309,BTCUSDT,1,1,84090.5,0.007349,99054.49,0.0009
2025-03-10T05:14:58.802951,BTCUSDT,1,1,84000.0,0.00013,99090.86,0.010784
2025-03-10T05:15:00.421454,BTCUSDT,1,1,84870.65,0.00103,97570.08,0.0012
2025-03-10T05:15:04.740795,BTCUSDT,1,1,84823.83,0.00128,95400.04,0.00111
2025-03-10T05:15:07.621331,BTCUSDT,1,1,84090.5,0.007349,98863.59,0.010784
2025-03-10T05:15:09.140804,BTCUSDT,1,1,84000.0,0.00013,99415.99,0.001006
2025-03-10T05:15:09.421109,BTCUSDT,1,1,84481.48,0.00107,97257.71,0.00105
2025-03-10T05:15:17.960740,BTCUSDT,1,1,84018.47,0.00114,99415.99,0.001006
2025-03-10T05:15:18.720941,BTCUSDT,1,1,84328.13,0.0013,96046.62,0.00102
2025-03-10T05:15:19.081189,BTCUSDT,1,1,84906.77,0.0014,97804.83,0.00098
2025-03-10T05:15:22.602025,BTCUSDT,1,1,84018.47,0.00114,99415.99,0.001006
2025-03-10T05:15:23.380495,BTCUSDT,1,1,84923.08,0.00128,96179.82,0.00107
2025-03-10T05:15:26.921265,BTCUSDT,1,1,84000.0,0.00013,99415.99,0.001006
2025-03-10T05:15:27.202142,BTCUSDT,1,1,84576.63,0.00123,95080.59,0.00107
2025-03-10T05:15:30.561439,BTCUSDT,1,1,84000.0,0.00013,99318.13,0.010784
2025-03-10T05:15:31.861487,BTCUSDT,1,1,85520.16,0.00094,95465.1,0.00104
2025-03-10T05:15:34.380515,BTCUSDT,1,1,84000.0,0.00013,99214.13,0.00083
2025-03-10T05:15:35.671094,BTCUSDT,1,1,85577.2,0.0011,95148.91,0.00103
2025-03-10T05:15:39.481690,BTCUSDT,1,1,85706.85,0.00104,95633.66,0.00101
2025-03-10T05:15:42.362464,BTCUSDT,1,1,82817.83,0.007349,98578.52,0.00095
2025-03-10T05:15:42.861106,BTCUSDT,1,1,82636.02,0.007349,98595.74,0.003042
2025-03-10T05:15:46.141104,BTCUSDT,1,1,84228.93,0.00134,93743.72,0.00106
2025-03-10T05:15:46.500380,BTCUSDT,1,1,84216.96,0.00098,94125.42,0.00086
2025-03-10T05:15:46.840622,BTCUSDT,1,1,83122.73,0.00119,95690.51,0.00085
2025-03-10T05:15:47.202609,BTCUSDT,1,1,82855.52,0.00097,96560.09,0.00124
2025-03-10T05:15:50.920615,BTCUSDT,1,1,82636.02,0.007349,98431.67,0.001016
2025-03-10T05:15:51.426791,BTCUSDT,1,1,82500.0,0.015132,98595.74,0.003042
2025-03-10T05:15:52.701849,BTCUSDT,1,1,83890.47,0.00109,94251.62,0.00113
2025-03-10T05:15:56.440863,BTCUSDT,1,1,82636.02,0.007349,98409.05,0.010784
2025-03-10T05:15:57.441330,BTCUSDT,1,1,82500.0,0.015132,98595.74,0.003042
2025-03-10T05:15:57.721233,BTCUSDT,1,1,84061.02,0.00108,94880.62,0.00087
2025-03-10T05:15:58.081005,BTCUSDT,1,1,84535.47,0.0013,95107.35,0.00126
2025-03-10T05:16:01.102668,BTCUSDT,1,1,82636.02,0.007349,98409.05,0.010784
2025-03-10T05:16:02.120900,BTCUSDT,1,1,82500.0,0.015132,98595.74,0.003042
2025-03-10T05:16:02.401210,BTCUSDT,1,1,84477.9,0.00132,93924.58,0.00103
2025-03-10T05:16:06.280514,BTCUSDT,1,1,82500.0,0.015132,98431.67,0.001016
2025-03-10T05:16:07.580686,BTCUSDT,1,1,84482.5,0.00129,94279.44,0.00125
2025-03-10T05:16:11.963385,BTCUSDT,1,1,82500.0,0.015132,98595.74,0.003042
2025-03-10T05:16:12.243612,BTCUSDT,1,1,82606.97,0.00122,95811.72,0.00093
2025-03-10T05:16:15.140082,BTCUSDT,1,1,82500.0,0.015132,98181.78,0.010784
2025-03-10T05:16:15.641085,BTCUSDT,1,1,82468.22,0.0005,98409.05,0.010784
2025-03-10T05:16:16.921190,BTCUSDT,1,1,83597.87,0.00099,95613.85,0.00114
2025-03-10T05:16:17.280638,BTCUSDT,1,1,83625.32,0.00136,97887.0,0.0009
2025-03-10T05:16:19.465058,BTCUSDT,1,1,82457.46,0.0005,98409.05,0.010784
2025-03-10T05:16:20.740694,BTCUSDT,1,1,83591.38,0.00141,96219.09,0.00085
2025-03-10T05:16:21.081090,BTCUSDT,1,1,82581.1,0.00116,96465.97,0.00087
2025-03-10T05:16:23.760454,BTCUSDT,1,1,82500.0,0.015132,98431.67,0.001016
2025-03-10T05:16:24.260140,BTCUSDT,1,1,82454.21,0.007349,98595.74,0.003042
2025-03-10T05:16:24.540983,BTCUSDT,1,1,83305.71,0.00137,94342.49,0.00111
2025-03-10T05:16:27.580332,BTCUSDT,1,1,82500.0,0.015132,98431.67,0.001016
2025-03-10T05:16:28.081281,BTCUSDT,1,1,82457.86,0.0005,98595.74,0.003042
2025-03-10T05:16:28.361053,BTCUSDT,1,1,83517.19,0.00098,94017.96,0.00105
2025-03-10T05:16:28.700690,BTCUSDT,1,1,83798.61,0.00104,94570.96,0.00108
2025-03-10T05:16:31.241053,BTCUSDT,1,1,82500.0,0.015132,98181.78,0.010784
2025-03-10T05:16:31.740431,BTCUSDT,1,1,82454.21,0.007349,98409.05,0.010784
2025-03-10T05:16:33.023955,BTCUSDT,1,1,84644.63,0.00119,94187.14,0.00127
2025-03-10T05:16:33.360861,BTCUSDT,1,1,83739.73,0.00125,94111.03,0.00124
2025-03-10T05:16:33.720736,BTCUSDT,1,1,83509.6,0.00099,94607.44,0.00095
2025-03-10T05:16:37.420936,BTCUSDT,1,1,82500.0,0.015132,98431.67,0.001016
2025-03-10T05:16:38.200905,BTCUSDT,1,1,84206.86,0.001,93872.91,0.00108
2025-03-10T05:16:38.540520,BTCUSDT,1,1,82985.99,0.00138,96054.87,0.00108
2025-03-10T05:16:41.420103,BTCUSDT,1,1,82636.02,0.007349,98181.78,0.010784
2025-03-10T05:16:43.201516,BTCUSDT,1,1,84014.2,0.00119,95726.67,0.00113
2025-03-10T05:16:45.741375,BTCUSDT,1,1,82500.0,0.015132,98409.05,0.010784
2025-03-10T05:16:46.240273,BTCUSDT,1,1,82481.52,0.0005,98431.67,0.001016
2025-03-10T05:16:46.762749,BTCUSDT,1,1,82481.94,0.0005,98595.74,0.003042
2025-03-10T05:16:47.022627,BTCUSDT,1,1,83879.12,0.00138,96388.76,0.00111
2025-03-10T05:16:47.380198,BTCUSDT,1,1,84419.88,0.00113,96585.44,0.00106
2025-03-10T05:16:47.720023,BTCUSDT,1,1,83138.44,0.00136,97396.52,0.00119
2025-03-10T05:16:49.901376,BTCUSDT,1,1,82636.02,0.007349,98409.05,0.010784
2025-03-10T05:16:50.401104,BTCUSDT,1,1,82500.0,0.015132,98431.67,0.001016
2025-03-10T05:16:51.680688,BTCUSDT,1,1,84665.5,0.00121,94858.89,0.00115
2025-03-10T05:16:52.146443,BTCUSDT,1,1,83165.62,0.00129,97015.44,0.00093
2025-03-10T05:16:56.300145,BTCUSDT,1,1,82454.21,0.007349,98595.74,0.003042
2025-03-10T05:16:56.560620,BTCUSDT,1,1,84688.22,0.00122,93847.78,0.00104
2025-03-10T05:16:56.919647,BTCUSDT,1,1,84558.43,0.0011,95199.87,0.00111
2025-03-10T05:16:57.260836,BTCUSDT,1,1,83405.04,0.00121,97207.0,0.00121
2025-03-10T05:16:59.455222,BTCUSDT,1,1,82501.59,0.0005,98409.05,0.010784
2025-03-10T05:17:00.960658,BTCUSDT,1,1,82454.21,0.007349,98595.74,0.003042
2025-03-10T05:17:01.460668,BTCUSDT,1,1,82445.48,0.0014,98636.32,0.010784
2025-03-10T05:17:01.720607,BTCUSDT,1,1,83920.1,0.00097,94134.7,0.00097
2025-03-10T05:17:02.080615,BTCUSDT,1,1,84243.96,0.00138,93666.94,0.00117
2025-03-10T05:17:05.460304,BTCUSDT,1,1,82500.0,0.015132,98431.67,0.001016
2025-03-10T05:17:06.462446,BTCUSDT,1,1,82454.21,0.007349,98636.32,0.010784
2025-03-10T05:17:07.240039,BTCUSDT,1,1,84416.94,0.00103,93876.3,0.00113
2025-03-10T05:17:07.580362,BTCUSDT,1,1,83713.03,0.0012,94239.4,0.00124
2025-03-10T05:17:07.940656,BTCUSDT,1,1,82774.11,0.00133,96653.82,0.00083
2025-03-10T05:17:10.120147,BTCUSDT,1,1,82515.98,0.0005,98409.05,0.010784
2025-03-10T05:17:11.120548,BTCUSDT,1,1,82500.0,0.015132,98595.74,0.003042
2025-03-10T05:17:11.900443,BTCUSDT,1,1,84325.39,0.00111,94338.39,0.00093
2025-03-10T05:17:12.257353,BTCUSDT,1,1,84288.3,0.00105,96343.34,0.0012
2025-03-10T05:17:12.600393,BTCUSDT,1,1,83011.88,0.001,97734.77,0.00105
2025-03-10T05:17:16.560397,BTCUSDT,1,1,84329.42,0.00097,93860.05,0.00108
2025-03-10T05:17:16.899772,BTCUSDT,1,1,83809.41,0.00132,94345.1,0.00085
2025-03-10T05:17:17.239930,BTCUSDT,1,1,83581.38,0.00105,95326.83,0.00105
2025-03-10T05:17:21.280093,BTCUSDT,1,1,82636.02,0.007349,98636.32,0.010784
2025-03-10T05:17:22.059817,BTCUSDT,1,1,84366.12,0.00132,94266.77,0.00104
2025-03-10T05:17:22.421078,BTCUSDT,1,1,84023.7,0.00096,95393.11,0.00109
2025-03-10T05:17:25.300010,BTCUSDT,1,1,82636.02,0.007349,98181.78,0.010784
2025-03-10T05:17:26.301660,BTCUSDT,1,1,82500.0,0.015132,98431.67,0.001016
2025-03-10T05:17:27.080075,BTCUSDT,1,1,84130.52,0.00125,93973.4,0.00086
2025-03-10T05:17:30.461351,BTCUSDT,1,1,82583.82,0.00109,98409.05,0.010784
2025-03-10T05:17:31.460963,BTCUSDT,1,1,82500.0,0.015132,98595.74,0.003042
2025-03-10T05:17:31.739628,BTCUSDT,1,1,83671.07,0.0011,93663.03,0.00094
2025-03-10T05:17:35.100352,BTCUSDT,1,1,82500.0,0.015132,98409.05,0.010784
2025-03-10T05:17:35.620213,BTCUSDT,1,1,82472.39,0.0005,98431.67,0.001016
2025-03-10T05:17:36.900100,BTCUSDT,1,1,84358.0,0.0012,94060.56,0.00098
2025-03-10T05:17:37.240390,BTCUSDT,1,1,83295.34,0.00142,96696.44,0.00108
2025-03-10T05:17:37.605682,BTCUSDT,1,1,83144.1,0.00135,97926.45,0.00087
2025-03-10T05:17:37.940300,BTCUSDT,1,1,82680.92,0.00124,97241.01,0.00105
2025-03-10T05:17:39.760952,BTCUSDT,1,1,82583.82,0.00109,98181.78,0.010784
2025-03-10T05:17:41.279874,BTCUSDT,1,1,82500.0,0.015132,98595.74,0.003042
2025-03-10T05:17:41.559499,BTCUSDT,1,1,84088.73,0.00119,94458.28,0.00102
2025-03-10T05:17:45.440006,BTCUSDT,1,1,82500.0,0.015132,98431.67,0.001016
2025-03-10T05:17:46.220002,BTCUSDT,1,1,83044.12,0.00115,95139.19,0.00098
2025-03-10T05:17:48.742802,BTCUSDT,1,1,82500.0,0.015132,98409.05,0.010784
2025-03-10T05:17:49.740035,BTCUSDT,1,1,82454.21,0.007349,98595.74,0.003042
2025-03-10T05:17:50.022917,BTCUSDT,1,1,83101.62,0.00104,95550.77,0.00096
2025-03-10T05:17:50.359769,BTCUSDT,1,1,83663.32,0.00114,96420.34,0.00107
2025-03-10T05:17:52.540019,BTCUSDT,1,1,82500.0,0.015132,98409.05,0.010784
2025-03-10T05:17:53.044026,BTCUSDT,1,1,82486.62,0.0005,98431.67,0.001016
2025-03-10T05:17:53.542254,BTCUSDT,1,1,82475.26,0.00142,98595.74,0.003042
2025-03-10T05:17:53.821278,BTCUSDT,1,1,84471.08,0.00102,93745.03,0.00119
2025-03-10T05:17:54.521272,BTCUSDT,1,1,82976.06,0.00104,95077.09,0.00116
2025-03-10T05:17:57.699950,BTCUSDT,1,1,82500.0,0.015132,98431.67,0.001016
2025-03-10T05:17:58.199829,BTCUSDT,1,1,82487.49,0.0005,98595.74,0.003042
2025-03-10T05:17:58.700170,BTCUSDT,1,1,82475.26,0.00142,98636.32,0.010784
2025-03-10T05:17:58.986942,BTCUSDT,1,1,83891.18,0.00108,94120.31,0.0011
2025-03-10T05:17:59.679904,BTCUSDT,1,1,83008.15,0.00123,95601.86,0.00092
2025-03-10T05:18:02.200617,BTCUSDT,1,1,82500.0,0.015132,98181.78,0.010784
2025-03-10T05:18:02.719542,BTCUSDT,1,1,82475.26,0.00142,98409.05,0.010784
2025-03-10T05:18:03.220198,BTCUSDT,1,1,82454.21,0.007349,98431.67,0.001016
2025-03-10T05:18:03.719648,BTCUSDT,1,1,82454.21,0.007349,98595.74,0.003042
2025-03-10T05:18:04.001244,BTCUSDT,1,1,83979.54,0.00129,94492.15,0.0011
2025-03-10T05:18:04.339691,BTCUSDT,1,1,84311.09,0.00107,94868.26,0.00112
2025-03-10T05:18:04.699370,BTCUSDT,1,1,83110.74,0.00144,97734.03,0.00119
2025-03-10T05:18:06.880278,BTCUSDT,1,1,82500.0,0.015132,98181.78,0.010784
2025-03-10T05:18:07.900424,BTCUSDT,1,1,82475.6,0.0005,98431.67,0.001016
2025-03-10T05:18:08.679616,BTCUSDT,1,1,84403.12,0.00097,96098.41,0.00091
2025-03-10T05:18:09.046271,BTCUSDT,1,1,84711.49,0.00118,96447.74,0.00111
2025-03-10T05:18:12.059894,BTCUSDT,1,1,82479.8,0.0005,98181.78,0.010784
2025-03-10T05:18:12.559988,BTCUSDT,1,1,82475.26,0.00142,98409.05,0.010784
2025-03-10T05:18:13.852769,BTCUSDT,1,1,84630.15,0.00142,94341.2,0.00088
2025-03-10T05:18:14.180243,BTCUSDT,1,1,84103.88,0.00097,94577.16,0.00114
2025-03-10T05:18:18.080565,BTCUSDT,1,1,82475.26,0.00142,98431.67,0.001016
2025-03-10T05:18:18.580126,BTCUSDT,1,1,82454.21,0.007349,98595.74,0.003042
2025-03-10T05:18:18.859628,BTCUSDT,1,1,84612.46,0.00118,93945.81,0.00113
2025-03-10T05:18:19.201193,BTCUSDT,1,1,84735.22,0.00111,95026.69,0.00087
2025-03-10T05:18:19.559621,BTCUSDT,1,1,83277.41,0.00127,96761.42,0.00122
2025-03-10T05:18:19.900874,BTCUSDT,1,1,82645.69,0.00131,97685.8,0.00082
2025-03-10T05:18:23.740192,BTCUSDT,1,1,82454.21,0.007349,98431.67,0.001016
2025-03-10T05:18:24.540484,BTCUSDT,1,1,83887.94,0.00104,97220.69,0.00108
2025-03-10T05:18:24.879167,BTCUSDT,1,1,84159.69,0.00136,96629.36,0.00118
2025-03-10T05:18:28.261248,BTCUSDT,1,1,82500.0,0.015132,98409.05,0.010784
2025-03-10T05:18:28.779836,BTCUSDT,1,1,82489.43,0.0005,98431.67,0.001016
2025-03-10T05:18:29.559834,BTCUSDT,1,1,83783.28,0.00096,95240.47,0.00112
2025-03-10T05:18:32.440223,BTCUSDT,1,1,82489.99,0.0005,98181.78,0.010784
2025-03-10T05:18:34.220171,BTCUSDT,1,1,83559.26,0.00112,94197.16,0.00111
2025-03-10T05:18:37.099825,BTCUSDT,1,1,82454.21,0.007349,98181.78,0.010784
2025-03-10T05:18:38.902032,BTCUSDT,1,1,83679.51,0.00133,93839.77,0.00126
2025-03-10T05:18:42.779970,BTCUSDT,1,1,82454.21,0.007349,98431.67,0.001016
2025-03-10T05:18:43.560094,BTCUSDT,1,1,82941.8,0.00133,94107.2,0.00119
2025-03-10T05:18:43.919556,BTCUSDT,1,1,82728.08,0.00141,95201.59,0.0012
2025-03-10T05:18:47.960786,BTCUSDT,1,1,82500.0,0.015132,98595.74,0.003042
2025-03-10T05:18:48.223352,BTCUSDT,1,1,82512.25,0.00118,93876.14,0.00088
2025-03-10T05:18:51.260618,BTCUSDT,1,1,82504.59,0.0005,98431.67,0.001016
2025-03-10T05:18:51.759716,BTCUSDT,1,1,82508.4,0.0005,98595.74,0.003042
2025-03-10T05:18:52.039201,BTCUSDT,1,1,83776.73,0.00102,93915.72,0.00109
2025-03-10T05:18:52.379425,BTCUSDT,1,1,83202.46,0.00112,95957.09,0.0012
2025-03-10T05:18:54.559271,BTCUSDT,1,1,82512.25,0.00118,98409.05,0.010784
2025-03-10T05:18:55.060127,BTCUSDT,1,1,82512.25,0.00118,98431.67,0.001016
2025-03-10T05:18:55.839249,BTCUSDT,1,1,83617.42,0.00133,93885.2,0.00119
2025-03-10T05:18:59.718881,BTCUSDT,1,1,82500.0,0.015132,98595.74,0.003042
2025-03-10T05:19:00.499818,BTCUSDT,1,1,84055.65,0.00129,94572.58,0.00095
2025-03-10T05:19:00.858835,BTCUSDT,1,1,84665.11,0.00099,96452.63,0.00085
2025-03-10T05:19:03.899383,BTCUSDT,1,1,82454.21,0.007349,98409.05,0.010784
2025-03-10T05:19:04.899365,BTCUSDT,1,1,82454.21,0.007349,98595.74,0.003042
2025-03-10T05:19:05.180708,BTCUSDT,1,1,84132.27,0.00132,93754.61,0.00106
2025-03-10T05:19:05.519805,BTCUSDT,1,1,84063.59,0.00132,95141.37,0.00089
2025-03-10T05:19:05.880297,BTCUSDT,1,1,82938.87,0.00126,96368.01,0.00107
2025-03-10T05:19:09.559357,BTCUSDT,1,1,82507.56,0.0005,98595.74,0.003042
2025-03-10T05:19:10.339478,BTCUSDT,1,1,84489.83,0.00125,94333.19,0.00106
2025-03-10T05:19:10.699142,BTCUSDT,1,1,83821.52,0.00111,93676.9,0.00086
2025-03-10T05:19:13.739255,BTCUSDT,1,1,82500.0,0.015132,98409.05,0.010784
2025-03-10T05:19:14.239460,BTCUSDT,1,1,82500.0,0.015132,98431.67,0.001016
2025-03-10T05:19:14.758706,BTCUSDT,1,1,82520.52,0.0005,98595.74,0.003042
2025-03-10T05:19:15.519335,BTCUSDT,1,1,84062.96,0.00101,94490.11,0.00096
2025-03-10T05:19:15.879311,BTCUSDT,1,1,83796.11,0.0013,93979.1,0.00113
2025-03-10T05:19:18.899531,BTCUSDT,1,1,82500.0,0.015132,98409.05,0.010784
2025-03-10T05:19:19.919813,BTCUSDT,1,1,82454.21,0.007349,98595.74,0.003042
2025-03-10T05:19:20.179062,BTCUSDT,1,1,84063.63,0.00115,94214.61,0.00122
2025-03-10T05:19:20.539073,BTCUSDT,1,1,83922.5,0.00135,95516.36,0.00093
2025-03-10T05:19:23.579183,BTCUSDT,1,1,82527.12,0.0005,98409.05,0.010784
2025-03-10T05:19:24.580582,BTCUSDT,1,1,82500.0,0.015132,98595.74,0.003042
2025-03-10T05:19:24.859785,BTCUSDT,1,1,83660.5,0.00129,95361.26,0.00114
2025-03-10T05:19:25.199119,BTCUSDT,1,1,83170.09,0.00099,95629.76,0.00095
2025-03-10T05:19:29.542637,BTCUSDT,1,1,84106.83,0.00128,95236.03,0.00121
2025-03-10T05:19:29.879930,BTCUSDT,1,1,84279.3,0.00108,97179.92,0.00113
2025-03-10T05:19:32.919709,BTCUSDT,1,1,82530.97,0.0005,98409.05,0.010784
2025-03-10T05:19:33.922925,BTCUSDT,1,1,82500.0,0.015132,98595.74,0.003042
2025-03-10T05:19:34.202800,BTCUSDT,1,1,84065.8,0.00125,94816.75,0.00089
2025-03-10T05:19:34.559360,BTCUSDT,1,1,83585.8,0.00108,96586.94,0.00115
2025-03-10T05:19:34.899307,BTCUSDT,1,1,83276.05,0.00116,98104.78,0.00092
2025-03-10T05:19:37.081647,BTCUSDT,1,1,82589.99,0.00098,98409.05,0.010784
2025-03-10T05:19:37.601994,BTCUSDT,1,1,82531.09,0.0005,98431.67,0.001016
2025-03-10T05:19:38.879395,BTCUSDT,1,1,83291.44,0.00111,94091.75,0.00096
2025-03-10T05:19:39.218817,BTCUSDT,1,1,82878.72,0.00138,94931.07,0.00119
2025-03-10T05:19:42.258783,BTCUSDT,1,1,82589.99,0.00098,98409.05,0.010784
2025-03-10T05:19:42.759671,BTCUSDT,1,1,82500.0,0.015132,98431.67,0.001016
2025-03-10T05:19:43.280415,BTCUSDT,1,1,82500.0,0.015132,98595.74,0.003042
2025-03-10T05:19:43.539169,BTCUSDT,1,1,84227.98,0.00107,94045.3,0.00115
2025-03-10T05:19:43.899127,BTCUSDT,1,1,83376.27,0.00132,94215.25,0.00096
2025-03-10T05:19:46.419999,BTCUSDT,1,1,82519.19,0.0005,98181.78,0.010784
2025-03-10T05:19:47.938810,BTCUSDT,1,1,82516.2,0.00108,98595.74,0.003042
2025-03-10T05:19:48.199505,BTCUSDT,1,1,84355.87,0.00119,93933.93,0.00086
2025-03-10T05:19:52.099620,BTCUSDT,1,1,82500.0,0.015132,98595.74,0.003042
2025-03-10T05:19:52.860961,BTCUSDT,1,1,83975.19,0.00131,94059.42,0.00104
2025-03-10T05:19:53.559399,BTCUSDT,1,1,82868.69,0.00102,97202.77,0.00109
2025-03-10T05:19:55.739769,BTCUSDT,1,1,82518.61,0.0005,98181.78,0.010784
2025-03-10T05:20:00.920231,BTCUSDT,1,1,82500.0,0.015132,97954.51,0.010784
2025-03-10T05:20:01.918420,BTCUSDT,1,1,82500.0,0.015132,98062.09,0.00119
2025-03-10T05:20:02.700223,BTCUSDT,1,1,84507.61,0.00135,93855.35,0.00111
2025-03-10T05:20:03.058862,BTCUSDT,1,1,84014.25,0.00121,96099.9,0.0011
2025-03-10T05:20:06.079448,BTCUSDT,1,1,82581.61,0.00117,97848.39,0.00098
2025-03-10T05:20:06.600293,BTCUSDT,1,1,82533.55,0.0005,97954.51,0.010784
2025-03-10T05:20:07.879195,BTCUSDT,1,1,83781.27,0.00103,94546.09,0.0012
2025-03-10T05:20:08.222972,BTCUSDT,1,1,82695.63,0.00109,94332.17,0.00095
2025-03-10T05:20:11.761191,BTCUSDT,1,1,82272.4,0.007349,97954.51,0.010784
2025-03-10T05:20:12.879227,BTCUSDT,1,1,82974.5,0.00134,94603.11,0.00096
2025-03-10T05:20:15.058950,BTCUSDT,1,1,82500.0,0.015132,97727.24,0.010784
2025-03-10T05:20:15.558984,BTCUSDT,1,1,82462.75,0.0005,97954.51,0.010784
2025-03-10T05:20:16.338926,BTCUSDT,1,1,84207.46,0.0012,94546.35,0.00108
2025-03-10T05:20:16.698311,BTCUSDT,1,1,82598.94,0.00143,94269.85,0.00124
2025-03-10T05:20:17.052328,BTCUSDT,1,1,82743.94,0.00116,96883.08,0.00089
2025-03-10T05:20:19.219121,BTCUSDT,1,1,82551.52,0.0005,97727.24,0.010784
2025-03-10T05:20:19.719169,BTCUSDT,1,1,82454.21,0.007349,97954.51,0.010784
2025-03-10T05:20:20.999544,BTCUSDT,1,1,83277.5,0.00116,93770.06,0.0009
2025-03-10T05:20:24.898886,BTCUSDT,1,1,82500.0,0.015132,98409.05,0.010784
2025-03-10T05:20:25.658979,BTCUSDT,1,1,84365.3,0.00113,94538.58,0.00105
2025-03-10T05:20:30.338793,BTCUSDT,1,1,83187.09,0.00117,93965.15,0.00099
2025-03-10T05:20:33.219822,BTCUSDT,1,1,82974.5,0.00134,97687.64,0.00083
2025-03-10T05:20:33.720311,BTCUSDT,1,1,82893.13,0.003434,97727.24,0.010784
2025-03-10T05:20:35.000715,BTCUSDT,1,1,83201.79,0.00133,94960.35,0.00118
2025-03-10T05:20:35.338942,BTCUSDT,1,1,83709.64,0.00099,96732.96,0.00085
2025-03-10T05:20:42.538234,BTCUSDT,1,1,82974.5,0.00134,97689.09,0.0011
2025-03-10T05:20:44.319129,BTCUSDT,1,1,84628.74,0.00128,95010.5,0.00123
2025-03-10T05:20:52.379148,BTCUSDT,1,1,82893.13,0.003434,98050.36,0.00116
2025-03-10T05:20:53.380229,BTCUSDT,1,1,82840.03,0.00117,98181.78,0.010784
2025-03-10T05:20:53.658860,BTCUSDT,1,1,84545.41,0.00102,93852.86,0.00105
2025-03-10T05:20:53.999906,BTCUSDT,1,1,83337.9,0.00104,96212.11,0.00107
2025-03-10T05:20:54.358432,BTCUSDT,1,1,83363.04,0.0013,97367.98,0.00106
2025-03-10T05:20:57.053258,BTCUSDT,1,1,82999.64,0.007349,98089.67,6.8e-05
2025-03-10T05:20:57.538625,BTCUSDT,1,1,82893.13,0.003434,98181.78,0.010784
2025-03-10T05:20:58.819356,BTCUSDT,1,1,84145.87,0.00109,94179.39,0.00109
2025-03-10T05:20:59.178093,BTCUSDT,1,1,83781.54,0.00097,93863.21,0.00102
2025-03-10T05:21:02.199425,BTCUSDT,1,1,82999.64,0.007349,98089.67,6.8e-05
2025-03-10T05:21:04.000867,BTCUSDT,1,1,84872.77,0.00136,94415.46,0.00126
2025-03-10T05:21:04.338261,BTCUSDT,1,1,84321.37,0.00097,94838.28,0.00097
2025-03-10T05:21:07.739028,BTCUSDT,1,1,82999.64,0.007349,97981.89,0.00113
2025-03-10T05:21:08.242198,BTCUSDT,1,1,82893.13,0.003434,98089.67,6.8e-05
2025-03-10T05:21:09.025096,BTCUSDT,1,1,84069.22,0.00122,95555.17,0.00084
2025-03-10T05:21:09.359655,BTCUSDT,1,1,83179.98,0.00122,96985.55,0.00122
2025-03-10T05:21:12.399532,BTCUSDT,1,1,82999.64,0.007349,97954.51,0.010784
2025-03-10T05:21:21.218536,BTCUSDT,1,1,82893.13,0.003434,97954.51,0.010784
2025-03-10T05:21:21.718210,BTCUSDT,1,1,82817.83,0.007349,98089.67,6.8e-05
2025-03-10T05:21:22.999153,BTCUSDT,1,1,84136.01,0.0014,94010.12,0.00103
2025-03-10T05:21:23.359160,BTCUSDT,1,1,84769.07,0.00129,95321.31,0.00104
2025-03-10T05:21:23.701186,BTCUSDT,1,1,83808.67,0.00132,95835.42,0.00121
2025-03-10T05:21:25.888318,BTCUSDT,1,1,82999.64,0.007349,97954.51,0.010784
2025-03-10T05:21:26.378565,BTCUSDT,1,1,82893.13,0.003434,97998.49,0.00084
2025-03-10T05:21:27.659385,BTCUSDT,1,1,84061.58,0.00122,94246.82,0.00126
2025-03-10T05:21:30.538399,BTCUSDT,1,1,82893.13,0.003434,97954.51,0.010784
2025-03-10T05:21:32.339401,BTCUSDT,1,1,84891.16,0.00114,94006.29,0.0009
2025-03-10T05:21:32.699004,BTCUSDT,1,1,83351.89,0.00117,94380.84,0.00109
2025-03-10T05:21:37.498661,BTCUSDT,1,1,84318.19,0.00139,94478.25,0.0009
2025-03-10T05:21:41.399704,BTCUSDT,1,1,82893.13,0.003434,98089.67,6.8e-05
2025-03-10T05:21:42.179299,BTCUSDT,1,1,83760.26,0.00135,95532.96,0.001
2025-03-10T05:21:50.738344,BTCUSDT,1,1,82817.83,0.007349,97954.51,0.010784
2025-03-10T05:21:51.519102,BTCUSDT,1,1,84844.03,0.00118,94358.96,0.00103
2025-03-10T05:21:51.858454,BTCUSDT,1,1,83492.1,0.00109,95550.6,0.00095
2025-03-10T05:21:55.398170,BTCUSDT,1,1,82893.13,0.003434,98089.67,6.8e-05
2025-03-10T05:21:56.179598,BTCUSDT,1,1,83296.69,0.00126,94591.23,0.00125
2025-03-10T05:21:56.518887,BTCUSDT,1,1,83559.57,0.0012,95613.36,0.00091
2025-03-10T05:22:00.579599,BTCUSDT,1,1,82893.13,0.003434,98089.67,6.8e-05
2025-03-10T05:22:00.838121,BTCUSDT,1,1,83309.07,0.0013,95692.69,0.00086
2025-03-10T05:22:04.271438,BTCUSDT,1,1,82893.13,0.003434,97954.51,0.010784
2025-03-10T05:22:05.518175,BTCUSDT,1,1,84782.96,0.00097,95505.83,0.00123
2025-03-10T05:22:08.398370,BTCUSDT,1,1,82893.13,0.003434,97727.24,0.010784
2025-03-10T05:22:10.198112,BTCUSDT,1,1,84869.12,0.00129,93951.74,0.00096
2025-03-10T05:22:10.538024,BTCUSDT,1,1,83706.08,0.00097,94461.2,0.00104
2025-03-10T05:22:13.078360,BTCUSDT,1,1,82999.64,0.007349,97727.24,0.010784
2025-03-10T05:22:14.859341,BTCUSDT,1,1,83201.43,0.00108,94585.42,0.00106
2025-03-10T05:22:18.238208,BTCUSDT,1,1,82999.64,0.007349,97954.51,0.010784
2025-03-10T05:22:18.758210,BTCUSDT,1,1,82893.13,0.003434,97993.0,0.00098
2025-03-10T05:22:19.257843,BTCUSDT,1,1,82817.83,0.007349,98089.67,6.8e-05
2025-03-10T05:22:19.518339,BTCUSDT,1,1,84625.3,0.0011,93852.35,0.00093
2025-03-10T05:22:19.878312,BTCUSDT,1,1,84604.08,0.00111,95543.89,0.00094
2025-03-10T05:22:20.247002,BTCUSDT,1,1,83383.85,0.00139,96161.23,0.00097
2025-03-10T05:22:23.442926,BTCUSDT,1,1,82999.64,0.007349,97954.51,0.010784
2025-03-10T05:22:24.697567,BTCUSDT,1,1,84360.75,0.00138,94395.42,0.00113
2025-03-10T05:22:27.578616,BTCUSDT,1,1,82999.64,0.007349,97954.51,0.010784
2025-03-10T05:22:29.378420,BTCUSDT,1,1,83033.89,0.00111,93942.6,0.00091
2025-03-10T05:22:32.758205,BTCUSDT,1,1,82999.64,0.007349,97954.51,0.010784
2025-03-10T05:22:33.258864,BTCUSDT,1,1,82893.13,0.003434,98089.67,6.8e-05
2025-03-10T05:22:34.037536,BTCUSDT,1,1,84550.39,0.00122,94425.74,0.00124
2025-03-10T05:22:34.403407,BTCUSDT,1,1,84786.02,0.00139,94696.05,0.00096
2025-03-10T05:22:38.439202,BTCUSDT,1,1,82999.64,0.007349,98172.38,0.0012
2025-03-10T05:22:42.619547,BTCUSDT,1,1,82954.89,0.00131,98089.67,6.8e-05
2025-03-10T05:22:43.377992,BTCUSDT,1,1,83989.15,0.00142,95129.25,0.00117
2025-03-10T05:22:46.257987,BTCUSDT,1,1,82954.89,0.00131,97774.83,0.00083
2025-03-10T05:22:47.278470,BTCUSDT,1,1,82893.13,0.003434,97954.51,0.010784
2025-03-10T05:22:48.057260,BTCUSDT,1,1,84253.76,0.00103,96120.41,0.00087
2025-03-10T05:22:48.398477,BTCUSDT,1,1,84867.77,0.00134,96420.68,0.00103
2025-03-10T05:22:52.737265,BTCUSDT,1,1,84327.56,0.0011,94024.94,0.00102
2025-03-10T05:22:53.077805,BTCUSDT,1,1,83554.6,0.00136,94053.52,0.00107
2025-03-10T05:22:56.618255,BTCUSDT,1,1,82999.64,0.007349,97954.51,0.010784
2025-03-10T05:22:57.399352,BTCUSDT,1,1,84666.17,0.00095,94206.1,0.00118
2025-03-10T05:23:01.278782,BTCUSDT,1,1,82893.13,0.003434,97954.51,0.010784
2025-03-10T05:23:02.057842,BTCUSDT,1,1,84577.98,0.00118,95317.88,0.00116
2025-03-10T05:23:02.398784,BTCUSDT,1,1,83470.25,0.00113,96503.35,0.00123
2025-03-10T05:23:04.577661,BTCUSDT,1,1,82999.64,0.007349,97754.18,0.00121
2025-03-10T05:23:05.857758,BTCUSDT,1,1,84333.33,0.0011,96133.34,0.00099
2025-03-10T05:23:09.237619,BTCUSDT,1,1,82999.64,0.007349,97954.51,0.010784
2025-03-10T05:23:10.518011,BTCUSDT,1,1,84851.58,0.00103,94024.99,0.00103
2025-03-10T05:23:10.879049,BTCUSDT,1,1,83327.44,0.0012,94697.23,0.00116
2025-03-10T05:23:14.917335,BTCUSDT,1,1,82999.64,0.007349,98089.67,6.8e-05
2025-03-10T05:23:15.177617,BTCUSDT,1,1,83431.74,0.00125,94488.64,0.00086
2025-03-10T05:23:19.577204,BTCUSDT,1,1,82893.13,0.003434,98089.67,6.8e-05
2025-03-10T05:23:19.859839,BTCUSDT,1,1,84730.03,0.00117,95064.53,0.00089
2025-03-10T05:23:20.208765,BTCUSDT,1,1,83262.06,0.00116,96085.79,0.00103
2025-03-10T05:23:20.557662,BTCUSDT,1,1,83430.96,0.00129,96127.23,0.00096
2025-03-10T05:23:22.737792,BTCUSDT,1,1,82999.64,0.007349,97636.74,0.00085
2025-03-10T05:23:24.258279,BTCUSDT,1,1,82893.13,0.003434,98089.67,6.8e-05
2025-03-10T05:23:24.517476,BTCUSDT,1,1,84843.31,0.00097,94561.2,0.00124
2025-03-10T05:23:24.877674,BTCUSDT,1,1,84413.18,0.00114,96106.49,0.00087
2025-03-10T05:23:32.077622,BTCUSDT,1,1,82999.64,0.007349,97636.74,0.00085
2025-03-10T05:23:33.078225,BTCUSDT,1,1,82893.13,0.003434,97954.51,0.010784
2025-03-10T05:23:33.864255,BTCUSDT,1,1,84343.74,0.00097,94138.95,0.0011
2025-03-10T05:23:34.218074,BTCUSDT,1,1,83926.83,0.00106,94921.55,0.001
2025-03-10T05:23:37.758028,BTCUSDT,1,1,82999.64,0.007349,97954.51,0.010784
2025-03-10T05:23:38.257356,BTCUSDT,1,1,82893.13,0.003434,98089.67,6.8e-05
2025-03-10T05:23:38.537752,BTCUSDT,1,1,84563.84,0.00106,94259.78,0.00108
2025-03-10T05:23:38.878189,BTCUSDT,1,1,83220.87,0.00111,95119.69,0.00111
2025-03-10T05:23:41.418355,BTCUSDT,1,1,82999.64,0.007349,97627.19,0.003431
2025-03-10T05:23:42.417536,BTCUSDT,1,1,82893.13,0.003434,97954.51,0.010784
2025-03-10T05:23:42.917801,BTCUSDT,1,1,82817.83,0.007349,98089.67,6.8e-05
2025-03-10T05:23:43.203741,BTCUSDT,1,1,84854.92,0.00103,94155.65,0.00101
2025-03-10T05:23:43.558033,BTCUSDT,1,1,84880.18,0.00109,94425.75,0.00118
2025-03-10T05:23:43.918027,BTCUSDT,1,1,83838.67,0.00131,95570.15,0.00084
2025-03-10T05:23:46.597546,BTCUSDT,1,1,82999.64,0.007349,97727.24,0.010784
2025-03-10T05:23:47.877294,BTCUSDT,1,1,84201.15,0.00141,94711.05,0.00126
2025-03-10T05:23:48.233343,BTCUSDT,1,1,83226.91,0.0013,94020.85,0.00116
2025-03-10T05:23:51.757681,BTCUSDT,1,1,82999.64,0.007349,97954.51,0.010784
2025-03-10T05:23:55.937892,BTCUSDT,1,1,82893.13,0.003434,97954.51,0.010784
2025-03-10T05:23:57.217862,BTCUSDT,1,1,83942.01,0.00119,93860.88,0.00093
2025-03-10T05:23:57.577625,BTCUSDT,1,1,83521.43,0.00124,96913.94,0.00089
2025-03-10T05:24:01.097435,BTCUSDT,1,1,82999.64,0.007349,98089.67,6.8e-05
2025-03-10T05:24:02.400222,BTCUSDT,1,1,84265.97,0.0013,94706.91,0.00107
2025-03-10T05:24:05.777666,BTCUSDT,1,1,82999.64,0.007349,97974.44,0.00083
2025-03-10T05:24:06.277402,BTCUSDT,1,1,82893.13,0.003434,98089.67,6.8e-05
2025-03-10T05:24:07.056889,BTCUSDT,1,1,84906.06,0.0011,94386.62,0.00109
2025-03-10T05:24:07.419458,BTCUSDT,1,1,84858.7,0.00099,95379.96,0.00115
2025-03-10T05:24:10.118309,BTCUSDT,1,1,82893.13,0.003434,97954.51,0.010784
2025-03-10T05:24:11.118469,BTCUSDT,1,1,82817.83,0.007349,98089.67,6.8e-05
2025-03-10T05:24:11.396953,BTCUSDT,1,1,84747.9,0.00136,95685.95,0.00097
2025-03-10T05:24:11.736728,BTCUSDT,1,1,84854.51,0.0013,96528.83,0.00112
2025-03-10T05:24:12.096891,BTCUSDT,1,1,83677.55,0.00122,97456.96,0.00122
2025-03-10T05:24:15.577661,BTCUSDT,1,1,83055.22,0.00105,94047.96,0.00093
2025-03-10T05:24:16.501835,BTCUSDT,5,20,83051.5,0.00127,89000.0,74.995384
2025-03-10T05:24:20.898054,BTCUSDT,1,1,83705.65,0.00125,93575.82,0.00111
2025-03-10T05:24:21.236951,BTCUSDT,1,1,83447.69,0.00141,94245.19,0.00115
2025-03-10T05:24:21.601608,BTCUSDT,1,1,82781.68,0.00111,94379.82,0.00108
2025-03-10T05:24:24.977975,BTCUSDT,1,1,82500.0,0.015132,94590.9,0.001057
2025-03-10T05:24:25.757026,BTCUSDT,1,1,83943.25,0.00125,93878.51,0.0009
2025-03-10T05:24:28.799602,BTCUSDT,2,1,82599.94,0.0005,94748.56,0.003165
2025-03-10T05:24:29.393373,BTCUSDT,2,20,82454.21,0.007349,88800.0,65.015971
2025-03-10T05:25:24.948779,BTCUSDT,4,20,82460.45,0.0005,88000.0,89.990371
2025-03-10T05:25:35.722037,BTCUSDT,6,20,82090.59,0.007349,87000.0,89.990501
2025-03-10T05:25:46.016871,BTCUSDT,5,20,81599.73,79.985318,86000.0,89.990371
2025-03-10T05:26:14.501217,BTCUSDT,6,20,81250.0,0.015132,85000.0,89.990501
2025-03-10T05:26:14.696415,BTCUSDT,4,1,81000.0,64.314027,85400.0,0.009489
2025-03-10T05:26:25.470387,BTCUSDT,8,20,80990.0,80.0,84000.0,89.99987
2025-03-10T05:26:38.163812,BTCUSDT,9,20,80564.0,80.0,83000.0,90.0
2025-03-10T05:26:50.310773,BTCUSDT,14,20,79727.06,0.007349,82000.0,89.99987
2025-03-10T05:26:50.556130,BTCUSDT,4,4,81999.99,0.0005,82604.94,0.0005
2025-03-10T05:27:06.957941,BTCUSDT,22,18,78818.01,0.007349,81000.0,25.685973
2025-03-10T05:27:07.016429,BTCUSDT,4,5,80999.99,0.0005,81545.16,0.007341
2025-03-10T05:28:24.835634,BTCUSDT,1,4,76678.46,0.00145,82284.57,0.0005
2025-03-10T05:29:36.221131,BTCUSDT,13,1,76336.37,0.00142,80000.0,1076.112079
2025-03-10T05:30:05.414368,BTCUSDT,1,1,72233.4,0.00116,76090.86,0.007341
2025-03-10T05:30:12.874342,BTCUSDT,1,1,70465.41,0.00147,78832.79,0.00112
2025-03-10T05:30:13.234642,BTCUSDT,1,1,70876.23,0.00125,78604.6,0.00123
2025-03-10T05:30:13.574185,BTCUSDT,1,1,69827.46,0.00128,79370.09,0.00137
2025-03-10T05:30:13.935048,BTCUSDT,1,1,69599.7,0.00134,79813.29,0.00108
2025-03-10T05:30:14.276569,BTCUSDT,1,1,68825.96,0.0016,80096.45,0.00106
2025-03-10T05:30:14.635800,BTCUSDT,1,1,68923.58,0.00154,80182.26,0.00118
2025-03-10T05:30:18.874637,BTCUSDT,1,1,54345.45,8.9e-05,81210.52,30.007071
2025-03-10T05:30:19.374158,BTCUSDT,1,1,53425.01,0.003434,81250.0,0.015116
2025-03-10T05:30:20.154564,BTCUSDT,1,1,71364.77,0.00126,79353.59,0.00147
2025-03-10T05:30:20.514280,BTCUSDT,1,1,71071.87,0.00127,80060.61,0.00146
2025-03-10T05:30:20.854961,BTCUSDT,1,1,70421.82,0.00116,80478.12,0.00127
2025-03-10T05:30:21.214904,BTCUSDT,1,1,67880.72,0.00147,81054.51,0.00106
2025-03-10T05:30:23.875579,BTCUSDT,1,1,54345.45,8.9e-05,81157.89,9.992651
2025-03-10T05:30:24.374698,BTCUSDT,1,1,53425.01,0.003434,81181.54,0.007341
2025-03-10T05:30:25.154567,BTCUSDT,1,1,71132.15,0.00127,79634.05,0.00133
2025-03-10T05:30:25.514486,BTCUSDT,1,1,69679.86,0.00124,80924.82,0.001
2025-03-10T05:30:29.035432,BTCUSDT,1,1,53425.01,0.003434,81181.54,0.007341
2025-03-10T05:30:29.818478,BTCUSDT,1,1,71140.29,0.0015,80905.6,0.00125
2025-03-10T05:30:33.194815,BTCUSDT,1,1,54345.45,8.9e-05,81181.54,0.007341
2025-03-10T05:30:33.694610,BTCUSDT,1,1,53425.01,0.003434,81210.52,30.007071
2025-03-10T05:30:34.475504,BTCUSDT,1,1,71149.89,0.00164,80520.37,0.00104
2025-03-10T05:30:34.814352,BTCUSDT,1,1,70506.36,0.00154,80527.28,0.00114
2025-03-10T05:30:37.334652,BTCUSDT,1,1,55346.83,0.000808,81181.54,0.007341
2025-03-10T05:30:37.839739,BTCUSDT,1,1,54345.45,8.9e-05,81210.52,30.007071
2025-03-10T05:30:38.335398,BTCUSDT,1,1,53425.01,0.003434,81250.0,0.015116
2025-03-10T05:30:39.114429,BTCUSDT,1,1,70662.09,0.00119,80334.53,0.00141
2025-03-10T05:30:39.454719,BTCUSDT,1,1,70610.97,0.00148,80629.14,0.00112
2025-03-10T05:30:39.814334,BTCUSDT,1,1,69418.4,0.00122,80658.77,0.00113
2025-03-10T05:30:40.834763,BTCUSDT,1,1,55346.83,0.000808,75000.0,0.993841
2025-03-10T05:30:43.995028,BTCUSDT,1,1,51460.47,6.9e-05,81115.79,6.8e-05
2025-03-10T05:30:44.494326,BTCUSDT,1,1,51214.55,8.9e-05,81157.89,9.992651
2025-03-10T05:30:44.995498,BTCUSDT,1,1,51182.86,0.000808,81181.54,0.007341
2025-03-10T05:30:45.254298,BTCUSDT,1,1,70560.69,0.00126,78363.41,0.0015
2025-03-10T05:30:45.625401,BTCUSDT,1,1,70757.9,0.00138,79050.97,0.00117
2025-03-10T05:30:45.954835,BTCUSDT,1,1,68845.8,0.00159,79181.29,0.0015
2025-03-10T05:30:46.314928,BTCUSDT,1,1,68473.49,0.00144,79626.88,0.00145
2025-03-10T05:30:46.654975,BTCUSDT,1,1,68053.62,0.00151,80146.69,0.00106
2025-03-10T05:30:49.174140,BTCUSDT,1,1,54345.45,8.9e-05,81052.63,90.0
2025-03-10T05:30:50.694843,BTCUSDT,1,1,52780.0,8.9e-05,81105.26,89.999931
2025-03-10T05:30:51.194824,BTCUSDT,1,1,51460.47,6.9e-05,81115.79,6.8e-05
2025-03-10T05:30:51.954824,BTCUSDT,1,1,70329.28,0.00125,78667.41,0.00115
2025-03-10T05:30:52.314271,BTCUSDT,1,1,70167.85,0.00125,79000.49,0.00135
2025-03-10T05:30:52.654614,BTCUSDT,1,1,69185.09,0.00162,80408.21,0.00112
2025-03-10T05:30:57.454678,BTCUSDT,1,1,70851.31,0.00139,78452.91,0.00132
2025-03-10T05:30:57.821671,BTCUSDT,1,1,70576.58,0.00116,79418.9,0.00138
2025-03-10T05:30:58.155027,BTCUSDT,1,1,69063.01,0.00122,80173.14,0.00111
2025-03-10T05:30:58.255036,BTCUSDT,1,1,75000.0,1366.39169,81105.26,89.999931
2025-03-10T05:31:00.833825,BTCUSDT,1,1,55346.83,0.000808,81157.89,9.992651
2025-03-10T05:31:01.334793,BTCUSDT,1,1,54345.45,8.9e-05,81181.54,0.007341
2025-03-10T05:31:02.650847,BTCUSDT,1,1,71076.58,0.00113,80146.65,0.00106
2025-03-10T05:31:02.954764,BTCUSDT,1,1,70642.23,0.00134,80616.01,0.00124
2025-03-10T05:31:07.254817,BTCUSDT,1,1,71335.63,0.00135,80194.64,0.00147
2025-03-10T05:31:07.674302,BTCUSDT,1,1,68735.91,0.00171,80906.54,0.00134
2025-03-10T05:31:08.034609,BTCUSDT,1,1,68348.6,0.00136,81019.05,0.00107
2025-03-10T05:31:10.714124,BTCUSDT,1,1,54345.45,8.9e-05,81115.79,6.8e-05
2025-03-10T05:31:11.197563,BTCUSDT,1,1,53425.01,0.003434,81157.89,9.992651
2025-03-10T05:31:12.494574,BTCUSDT,1,1,70916.92,0.00125,78985.38,0.00109
2025-03-10T05:31:12.833727,BTCUSDT,1,1,70601.26,0.00152,80955.2,0.00102
2025-03-10T05:31:15.854108,BTCUSDT,1,1,54345.45,8.9e-05,81115.79,6.8e-05
2025-03-10T05:31:16.874840,BTCUSDT,1,1,53056.66,0.000665,81157.89,9.992651
2025-03-10T05:31:17.493895,BTCUSDT,1,1,70223.63,0.00128,80166.46,0.00139
2025-03-10T05:31:20.514068,BTCUSDT,1,1,55346.83,0.000808,81157.89,9.992651
2025-03-10T05:31:22.294072,BTCUSDT,1,1,70478.57,0.00168,78983.02,0.00148
2025-03-10T05:31:22.642434,BTCUSDT,1,1,69988.21,0.00167,79797.47,0.00141
2025-03-10T05:31:25.154435,BTCUSDT,1,1,55346.83,0.000808,81115.79,6.8e-05
2025-03-10T05:31:26.153913,BTCUSDT,1,1,53425.01,0.003434,81157.89,9.992651
2025-03-10T05:31:26.934409,BTCUSDT,1,1,70902.97,0.00139,80454.91,0.00144
2025-03-10T05:31:30.313487,BTCUSDT,1,1,54345.45,8.9e-05,81157.89,9.992651
2025-03-10T05:31:30.813726,BTCUSDT,1,1,53425.01,0.003434,81181.54,0.007341
2025-03-10T05:31:31.594139,BTCUSDT,1,1,71209.13,0.00147,80883.2,0.00128
2025-03-10T05:31:31.934017,BTCUSDT,1,1,69826.04,0.00128,81084.05,0.00108
2025-03-10T05:31:34.455951,BTCUSDT,1,1,55346.83,0.000808,81157.89,9.992651
2025-03-10T05:31:36.243481,BTCUSDT,1,1,69020.19,0.00144,80670.41,0.0013
2025-03-10T05:31:43.734082,BTCUSDT,1,1,55346.83,0.000808,81157.89,9.992651
2025-03-10T05:31:44.733751,BTCUSDT,1,1,53425.01,0.003434,81181.54,0.007341
2025-03-10T05:31:45.514284,BTCUSDT,1,1,70348.02,0.0016,81018.21,0.00117
2025-03-10T05:31:45.854977,BTCUSDT,1,1,70515.5,0.00168,80504.83,0.00108
2025-03-10T05:31:48.374543,BTCUSDT,1,1,55346.83,0.000808,81157.89,9.992651
2025-03-10T05:31:49.394398,BTCUSDT,1,1,53425.01,0.003434,81181.54,0.007341
2025-03-10T05:31:50.173659,BTCUSDT,1,1,71141.4,0.00153,79818.19,0.00142
2025-03-10T05:31:50.514705,BTCUSDT,1,1,68550.86,0.0016,79672.71,0.00113
2025-03-10T05:31:53.037232,BTCUSDT,1,1,54345.45,8.9e-05,81157.72,0.00111
2025-03-10T05:31:53.533893,BTCUSDT,1,1,53425.01,0.003434,81157.89,9.992651
2025-03-10T05:31:54.814274,BTCUSDT,1,1,69708.62,0.00138,79468.49,0.00102
2025-03-10T05:31:55.174353,BTCUSDT,1,1,68914.65,0.00137,80679.24,0.0013
2025-03-10T05:31:57.333630,BTCUSDT,1,1,54345.45,8.9e-05,81157.72,0.00111
2025-03-10T05:31:57.854399,BTCUSDT,1,1,53425.01,0.003434,81157.89,9.992651
2025-03-10T05:31:58.353594,BTCUSDT,1,1,53056.66,0.000665,81181.54,0.007341
2025-03-10T05:31:58.973417,BTCUSDT,1,1,69854.95,0.00123,79370.31,0.00122
2025-03-10T05:32:01.994760,BTCUSDT,1,1,53425.01,0.003434,81115.79,6.8e-05
2025-03-10T05:32:03.274964,BTCUSDT,1,1,70913.68,0.00116,79309.17,0.00105
2025-03-10T05:32:03.614533,BTCUSDT,1,1,71253.7,0.0015,79541.81,0.00105
2025-03-10T05:32:06.637547,BTCUSDT,1,1,54345.45,8.9e-05,81115.79,6.8e-05
2025-03-10T05:32:07.634620,BTCUSDT,1,1,53056.66,0.000665,81157.72,0.00111
2025-03-10T05:32:07.915918,BTCUSDT,1,1,70744.09,0.00164,79278.37,0.00127
2025-03-10T05:32:08.274157,BTCUSDT,1,1,71231.4,0.00119,79284.18,0.00117
2025-03-10T05:32:10.793997,BTCUSDT,1,1,55346.83,0.000808,81115.79,6.8e-05
2025-03-10T05:32:11.294062,BTCUSDT,1,1,54345.45,8.9e-05,81157.72,0.00111
2025-03-10T05:32:11.794094,BTCUSDT,1,1,53425.01,0.003434,81157.89,9.992651
2025-03-10T05:32:12.573640,BTCUSDT,1,1,70141.81,0.00163,79264.29,0.00122
2025-03-10T05:32:12.934398,BTCUSDT,1,1,70381.64,0.00126,79967.92,0.00118
2025-03-10T05:32:13.273984,BTCUSDT,1,1,69477.37,0.00171,80504.59,0.00125
2025-03-10T05:32:15.934549,BTCUSDT,1,1,54345.45,8.9e-05,81115.79,6.8e-05
2025-03-10T05:32:16.434438,BTCUSDT,1,1,53425.01,0.003434,81157.89,9.992651
2025-03-10T05:32:17.215412,BTCUSDT,1,1,69754.43,0.00161,79079.75,0.00102
2025-03-10T05:32:17.555911,BTCUSDT,1,1,69075.37,0.00124,81011.82,0.00118
2025-03-10T05:32:20.573647,BTCUSDT,1,1,54345.45,8.9e-05,81120.46,0.00136
2025-03-10T05:32:21.094117,BTCUSDT,1,1,53425.01,0.003434,81157.89,9.992651
2025-03-10T05:32:21.855811,BTCUSDT,1,1,70356.92,0.00165,79594.93,0.00124
2025-03-10T05:32:22.214020,BTCUSDT,1,1,70317.94,0.00163,79131.17,0.00143
2025-03-10T05:32:22.574304,BTCUSDT,1,1,68808.3,0.00145,80717.91,0.001
2025-03-10T05:32:25.255034,BTCUSDT,1,1,53425.01,0.003434,81120.46,0.00136
2025-03-10T05:32:26.514485,BTCUSDT,1,1,70699.66,0.00162,80232.16,0.00102
2025-03-10T05:32:26.874482,BTCUSDT,1,1,68635.99,0.00162,81063.78,0.00118
2025-03-10T05:32:29.394144,BTCUSDT,1,1,54345.45,8.9e-05,81115.79,6.8e-05
2025-03-10T05:32:30.394772,BTCUSDT,1,1,53056.66,0.000665,81157.89,9.992651
2025-03-10T05:32:31.154453,BTCUSDT,1,1,70374.39,0.00132,79405.12,0.00144
2025-03-10T05:32:31.513575,BTCUSDT,1,1,69109.09,0.00166,78987.06,0.00142
2025-03-10T05:32:31.854036,BTCUSDT,1,1,68035.28,0.00163,79847.49,0.00126
2025-03-10T05:32:34.533392,BTCUSDT,1,1,53425.01,0.003434,81115.79,6.8e-05
2025-03-10T05:32:35.033402,BTCUSDT,1,1,53056.66,0.000665,81157.89,9.992651
2025-03-10T05:32:35.813621,BTCUSDT,1,1,71082.54,0.00165,80040.45,0.00107
2025-03-10T05:32:36.153909,BTCUSDT,1,1,69942.65,0.00127,80682.76,0.00149
2025-03-10T05:32:38.333256,BTCUSDT,1,1,54345.45,8.9e-05,81115.79,6.8e-05
2025-03-10T05:32:38.833561,BTCUSDT,1,1,53425.01,0.003434,81157.89,9.992651
2025-03-10T05:32:39.334148,BTCUSDT,1,1,53056.66,0.000665,81181.54,0.007341
2025-03-10T05:32:39.613738,BTCUSDT,1,1,71041.86,0.00142,79266.31,0.00105
2025-03-10T05:32:39.953570,BTCUSDT,1,1,71116.57,0.00156,79910.74,0.0012
2025-03-10T05:32:42.974371,BTCUSDT,1,1,53425.01,0.003434,81115.79,6.8e-05
2025-03-10T05:32:44.239558,BTCUSDT,1,1,71333.71,0.00133,79204.36,0.00101
2025-03-10T05:32:44.594595,BTCUSDT,1,1,70097.09,0.00124,79884.55,0.00118
2025-03-10T05:32:47.253937,BTCUSDT,1,1,53425.01,0.003434,81115.79,6.8e-05
2025-03-10T05:32:48.253995,BTCUSDT,1,1,52780.0,8.9e-05,81157.89,9.992651
2025-03-10T05:32:48.533450,BTCUSDT,1,1,70589.46,0.00132,79137.96,0.00131
2025-03-10T05:32:48.893584,BTCUSDT,1,1,70251.61,0.00115,79155.84,0.00113
2025-03-10T05:32:51.753542,BTCUSDT,1,1,55346.83,0.000808,81115.79,6.8e-05
2025-03-10T05:32:52.754054,BTCUSDT,1,1,53425.01,0.003434,81157.89,9.992651
2025-03-10T05:32:53.253422,BTCUSDT,1,1,53056.66,0.000665,81181.54,0.007341
2025-03-10T05:32:53.514236,BTCUSDT,1,1,70978.51,0.00156,79242.69,0.00126
2025-03-10T05:32:53.874752,BTCUSDT,1,1,70091.29,0.00148,80727.03,0.0012
2025-03-10T05:32:54.213142,BTCUSDT,1,1,69306.57,0.00122,80512.85,0.00129
2025-03-10T05:32:56.893389,BTCUSDT,1,1,54345.45,8.9e-05,81115.79,6.8e-05
2025-03-10T05:32:57.373928,BTCUSDT,1,1,53425.01,0.003434,81157.89,9.992651
2025-03-10T05:32:58.154120,BTCUSDT,1,1,70877.98,0.00158,79926.82,0.00145
2025-03-10T05:32:58.494392,BTCUSDT,1,1,68602.8,0.00173,80410.34,0.00121
2025-03-10T05:32:59.197451,BTCUSDT,1,1,68068.8,0.00155,81104.12,0.001
2025-03-10T05:33:01.044626,BTCUSDT,1,1,55346.83,0.000808,81105.26,89.999931
2025-03-10T05:33:02.793426,BTCUSDT,1,1,69834.9,0.0014,80007.21,0.0011
2025-03-10T05:33:03.153586,BTCUSDT,1,1,68479.45,0.00153,80908.66,0.00148
2025-03-10T05:33:03.493670,BTCUSDT,1,1,68387.81,0.00119,80444.71,0.00147
2025-03-10T05:33:06.673668,BTCUSDT,1,1,53425.01,0.003434,81115.79,6.8e-05
2025-03-10T05:33:10.313916,BTCUSDT,1,1,55346.83,0.000808,81157.89,9.992651
2025-03-10T05:33:12.092924,BTCUSDT,1,1,69879.48,0.00125,79870.03,0.00109
2025-03-10T05:33:12.796342,BTCUSDT,1,1,68908.68,0.00139,80868.38,0.00146
2025-03-10T05:33:14.972862,BTCUSDT,1,1,55346.83,0.000808,81115.79,6.8e-05
2025-03-10T05:33:15.473352,BTCUSDT,1,1,54345.45,8.9e-05,81157.89,9.992651
2025-03-10T05:33:15.973113,BTCUSDT,1,1,53425.01,0.003434,81181.54,0.007341
2025-03-10T05:33:16.753530,BTCUSDT,1,1,70026.79,0.00134,79425.75,0.00106
2025-03-10T05:33:17.094310,BTCUSDT,1,1,70074.9,0.00119,79203.09,0.00102
2025-03-10T05:33:20.613781,BTCUSDT,1,1,53425.01,0.003434,81115.79,6.8e-05
2025-03-10T05:33:21.113945,BTCUSDT,1,1,53056.66,0.000665,81157.89,9.992651
2025-03-10T05:33:21.393739,BTCUSDT,1,1,71196.81,0.00153,79222.05,0.00102
2025-03-10T05:33:21.733574,BTCUSDT,1,1,70665.1,0.00149,79119.05,0.00139
2025-03-10T05:33:26.032772,BTCUSDT,1,1,70758.96,0.00136,80903.32,0.00135
2025-03-10T05:33:28.893076,BTCUSDT,1,1,55346.83,0.000808,81115.79,6.8e-05
2025-03-10T05:33:29.393453,BTCUSDT,1,1,54345.45,8.9e-05,81157.89,9.992651
2025-03-10T05:33:30.394269,BTCUSDT,1,1,53056.66,0.000665,81181.54,0.007341
2025-03-10T05:33:30.674997,BTCUSDT,1,1,70619.47,0.00159,79113.76,0.00116
2025-03-10T05:33:31.014924,BTCUSDT,1,1,71051.33,0.00146,79339.34,0.00149
2025-03-10T05:33:31.373269,BTCUSDT,1,1,67957.86,0.00156,80305.67,0.00142
2025-03-10T05:33:33.557214,BTCUSDT,1,1,55346.83,0.000808,81115.79,6.8e-05
2025-03-10T05:33:35.332877,BTCUSDT,1,1,69434.0,0.00162,79386.88,0.00137
2025-03-10T05:33:37.854511,BTCUSDT,1,1,54345.45,8.9e-05,81115.79,6.8e-05
2025-03-10T05:33:39.113679,BTCUSDT,1,1,69955.74,0.00155,81070.59,0.00103
2025-03-10T05:33:41.633676,BTCUSDT,1,1,54345.45,8.9e-05,81157.89,9.992651
2025-03-10T05:33:42.932993,BTCUSDT,1,1,70822.97,0.00149,79430.11,0.00146
2025-03-10T05:33:43.275793,BTCUSDT,1,1,69905.77,0.00142,79945.55,0.00145
2025-03-10T05:33:45.795462,BTCUSDT,1,1,54345.45,8.9e-05,81115.79,6.8e-05
2025-03-10T05:33:47.573558,BTCUSDT,1,1,71157.07,0.00123,78859.47,0.00138
2025-03-10T05:33:47.912869,BTCUSDT,1,1,70988.73,0.00127,80629.02,0.00106
2025-03-10T05:33:50.933161,BTCUSDT,1,1,54345.45,8.9e-05,81157.89,9.992651
2025-03-10T05:33:51.445962,BTCUSDT,1,1,53425.01,0.003434,81181.54,0.007341
2025-03-10T05:33:52.216050,BTCUSDT,1,1,70978.73,0.00158,79404.67,0.00144
2025-03-10T05:33:52.553820,BTCUSDT,1,1,70946.16,0.00129,78903.57,0.00144
2025-03-10T05:33:55.573449,BTCUSDT,1,1,55346.83,0.000808,81157.89,9.992651
2025-03-10T05:33:57.354093,BTCUSDT,1,1,71202.44,0.0013,79040.8,0.00131
2025-03-10T05:34:01.234116,BTCUSDT,1,1,53425.01,0.003434,81115.79,6.8e-05
2025-03-10T05:34:01.732794,BTCUSDT,1,1,53056.66,0.000665,81157.89,9.992651
2025-03-10T05:34:02.513953,BTCUSDT,1,1,71146.87,0.00137,79573.43,0.00124
2025-03-10T05:34:02.852756,BTCUSDT,1,1,70709.73,0.00124,80135.75,0.00131
2025-03-10T05:34:03.213689,BTCUSDT,1,1,69192.8,0.00162,80690.05,0.00128
2025-03-10T05:34:05.393351,BTCUSDT,1,1,54345.45,8.9e-05,81115.79,6.8e-05
2025-03-10T05:34:05.894139,BTCUSDT,1,1,53425.01,0.003434,81157.89,9.992651
2025-03-10T05:34:07.172685,BTCUSDT,1,1,70896.28,0.00131,80016.35,0.00137
2025-03-10T05:34:07.513445,BTCUSDT,1,1,70805.17,0.00158,80684.2,0.00127
2025-03-10T05:34:10.059749,BTCUSDT,1,1,54345.45,8.9e-05,81115.79,6.8e-05
2025-03-10T05:34:10.553110,BTCUSDT,1,1,53425.01,0.003434,81157.89,9.992651
2025-03-10T05:34:11.813428,BTCUSDT,1,1,70240.68,0.00127,78918.89,0.00122
2025-03-10T05:34:12.172821,BTCUSDT,1,1,67647.36,0.00146,79127.09,0.00141
2025-03-10T05:34:15.198330,BTCUSDT,1,1,54345.45,8.9e-05,81181.54,0.007341
2025-03-10T05:34:16.473806,BTCUSDT,1,1,70615.65,0.00146,79400.85,0.00132
2025-03-10T05:34:16.813146,BTCUSDT,1,1,71058.44,0.00115,80915.41,0.00111
2025-03-10T05:34:19.474187,BTCUSDT,1,1,53425.01,0.003434,81157.89,9.992651
2025-03-10T05:34:20.253455,BTCUSDT,1,1,71171.31,0.00168,79072.74,0.0013
2025-03-10T05:34:20.613176,BTCUSDT,1,1,70741.71,0.00169,80859.12,0.00102
2025-03-10T05:34:23.132732,BTCUSDT,1,1,55346.83,0.000808,81157.89,9.992651
2025-03-10T05:34:23.633190,BTCUSDT,1,1,54345.45,8.9e-05,81181.54,0.007341
2025-03-10T05:34:24.133160,BTCUSDT,1,1,53425.01,0.003434,81210.52,30.007071
2025-03-10T05:34:24.913275,BTCUSDT,1,1,69640.96,0.00132,79555.32,0.00119
2025-03-10T05:34:25.253471,BTCUSDT,1,1,69013.71,0.00162,80224.71,0.00115
2025-03-10T05:34:25.613147,BTCUSDT,1,1,68484.41,0.00153,80682.2,0.00131
